time,event_type,qw,qx,qy,qz,bx,by,bz
6438.040672855,IMU,0.9999999999543044,-8.652193507527614e-07,-5.12234934467485e-06,8.02522296350559e-06,0.0,0.0,0.0
6438.048672855,IMU,0.9999999999339854,-7.05963291093746e-06,-8.645978097974849e-06,2.7272931842469795e-06,0.0,0.0,0.0
6438.056672855,IMU,0.9999999997721425,-1.5918601423823828e-05,-7.373357175596087e-06,-1.216334281590651e-05,0.0,0.0,0.0
6438.064672855,IMU,0.9999999992217143,-1.8915350744619012e-05,-6.633842800717389e-06,-3.398195161291817e-05,0.0,0.0,0.0
6438.072672855,IMU,0.9999999982783688,-2.0313332241506652e-05,-5.894362591350475e-06,-5.4734699864538225e-05,0.0,0.0,0.0
6438.080672855,IMU,0.9999999972213414,-2.17115753584806e-05,-9.418184642453213e-06,-7.069103684027228e-05,0.0,0.0,0.0
6438.088672855,IMU,0.9999999964223664,-2.3109647644537234e-05,-9.74432964925858e-06,-8.078526865793217e-05,0.0,0.0,0.0
6438.096672855,IMU,0.9999999966153896,-1.811268640315592e-05,-9.537807694842427e-06,-7.968802629815884e-05,0.0,0.0,0.0
6438.104672855,IMU,0.9999999978905534,-1.5247969864528144e-05,-1.4127131626496204e-05,-6.153711864155736e-05,0.0,0.0,0.0
6438.112672855,IMU,0.999999998965507,-1.1850600412300426e-05,-2.19139568529319e-05,-3.805690505820319e-05,0.0,0.0,0.0
6438.120672855,IMU,0.9999999994259726,2.205061771655588e-06,-3.236575565884747e-05,-9.780101640515768e-06,0.0,0.0,0.0
6438.128672854999,IMU,0.9999999988256286,1.0398602729320443e-05,-4.441626728566276e-05,1.6364808680675553e-05,0.0,0.0,0.0
6438.136672855,IMU,0.999999998045037,1.5395044893638917e-05,-5.22033096043867e-05,3.078527214748992e-05,0.0,0.0,0.0
6438.144672855,IMU,0.9999999977311069,1.4530042233616205e-05,-5.839152777505394e-05,3.0283555277723184e-05,0.0,0.0,0.0
6438.15199767,IMU,0.9999999983176434,8.371900848209092e-06,-5.7226006471413754e-05,4.45071933457469e-06,0.0,0.0,0.0
6438.152672855,IMU,0.9999999982923321,8.119048651739965e-06,-5.779324622800883e-05,3.059031975724749e-06,0.0,0.0,0.0
6438.15999767,IMU,0.9999999980162125,5.376614071381135e-06,-5.809154575278172e-05,-2.374951643060522e-05,0.0,0.0,0.0
6438.163760591,TRIAD,0.9967055252038907,-0.05697687390701311,-0.054712013476919674,-0.018393679597145503,3.537259803013191e-05,3.161392731271918e-05,1.1569554078486611e-05
6438.16799767,IMU,0.9967054218495105,-0.056975103512986985,-0.054712057349426045,-0.01840463028878757,3.537259803013191e-05,3.161392731271918e-05,1.1569554078486611e-05
6438.173347094,IMU,0.9967052937147208,-0.056976522458550546,-0.054713024037420954,-0.018404303036595307,3.537259803013191e-05,3.161392731271918e-05,1.1569554078486611e-05
6438.17818596,TRIAD,0.9966132476644539,-0.05701381090367798,-0.056295852913271605,-0.01849964569165435,3.6369525718507115e-05,3.774360658025084e-05,1.1851865052434675e-05
6438.181347094,IMU,0.9966133949412674,-0.05701353020946842,-0.056295681021333505,-0.01849309857865174,3.6369525718507115e-05,3.774360658025084e-05,1.1851865052434675e-05
6438.187376629,IMU,0.9966133706646796,-0.057016512792320104,-0.05629864452791354,-0.018476182119388514,3.6369525718507115e-05,3.774360658025084e-05,1.1851865052434675e-05
6438.191702347,TRIAD,0.9964296153214726,-0.05695613905028281,-0.05945642443871772,-0.018680297849610672,3.6327058972481635e-05,4.991844212985988e-05,1.2589538082591993e-05
6438.195376629,IMU,0.9964296694294202,-0.056957790146074966,-0.0594574697662981,-0.01866904688091423,3.6327058972481635e-05,4.991844212985988e-05,1.2589538082591993e-05
6438.203261241,IMU,0.9964296491173172,-0.056953768642932404,-0.059467536263439154,-0.01865032782724972,3.6327058972481635e-05,4.991844212985988e-05,1.2589538082591993e-05
6438.207268162,TRIAD,0.9967497891459062,-0.057060769192517374,-0.05382293861661066,-0.018358042799343534,3.633803170177536e-05,2.2802666933615278e-05,1.3804085133894668e-05
6438.211261241,IMU,0.9967499834158488,-0.05705597574130981,-0.05382592899532866,-0.018353625268653813,3.633803170177536e-05,2.2802666933615278e-05,1.3804085133894668e-05
6438.218024555,IMU,0.996749944717185,-0.05705223004974996,-0.053829672235920806,-0.018356392336528523,3.633803170177536e-05,2.2802666933615278e-05,1.3804085133894668e-05
6438.222533366,TRIAD,0.9967266953264386,-0.057052767335894615,-0.05424907221658573,-0.01838245703361411,3.6478284942397706e-05,2.4698341894450566e-05,1.3896770487728624e-05
6438.226024555,IMU,0.9967263535892927,-0.05705534776563889,-0.054251286757844394,-0.018386441663692236,3.6478284942397706e-05,2.4698341894450566e-05,1.3896770487728624e-05
6438.23668855,TRIAD,0.9965081177200898,-0.05630844401883064,-0.05883573679849604,-0.01841973196113144,2.9097792812400693e-05,3.86721307051285e-05,7.5441946176560905e-06
6438.239226571,IMU,0.9965079141522907,-0.05631023991002681,-0.0588355175585816,-0.018425954160913447,2.9097792812400693e-05,3.86721307051285e-05,7.5441946176560905e-06
6438.245277366,IMU,0.9965074386281854,-0.056310784938163654,-0.05883763061030831,-0.018443250323802174,2.9097792812400693e-05,3.86721307051285e-05,7.5441946176560905e-06
6438.249903899,TRIAD,0.996550421218844,-0.05698255686219017,-0.057407612021413985,-0.01856373518424471,3.775527712405731e-05,3.356074880958712e-05,1.4599254313252684e-05
6438.253277366,IMU,0.9965503163241283,-0.05697956742552249,-0.05740949713888734,-0.018572710317567985,3.775527712405731e-05,3.356074880958712e-05,1.4599254313252684e-05
6438.261336163,IMU,0.9965499398280284,-0.056979905731482844,-0.057411715251813066,-0.01858501340944165,3.775527712405731e-05,3.356074880958712e-05,1.4599254313252684e-05
6438.265553955,TRIAD,0.9967757508849914,-0.05638297496645694,-0.054124697373494304,-0.018154330497744925,2.6057433864349573e-05,1.795230785932167e-05,3.6007952368682617e-06
6438.269336163,IMU,0.9967754633617577,-0.056386275731439776,-0.05412679228227346,-0.018153619647963675,2.6057433864349573e-05,1.795230785932167e-05,3.6007952368682617e-06
6438.276368681,IMU,0.996775239330235,-0.05639061073824623,-0.05413017527960464,-0.018142364865685465,2.6057433864349573e-05,1.795230785932167e-05,3.6007952368682617e-06
6438.280374417,TRIAD,0.9967820800514675,-0.05705965765304652,-0.05323419508621675,-0.01832486917578562,3.711925522856844e-05,1.3900250013205072e-05,1.3565435821044385e-05
6438.284368681,IMU,0.9967823838713383,-0.05705744976712598,-0.05323393387785748,-0.018315974277439372,3.711925522856844e-05,1.3900250013205072e-05,1.3565435821044385e-05
6438.291916422,IMU,0.9967828620510726,-0.057052178283335565,-0.05323560685486958,-0.01830150368665616,3.711925522856844e-05,1.3900250013205072e-05,1.3565435821044385e-05
6438.296416918,TRIAD,0.9967892001897819,-0.05638750460090641,-0.053876455471513235,-0.018140211016516108,2.529886766983208e-05,1.6984929728807192e-05,4.347268327580699e-06
6438.299916422,IMU,0.9967894931682632,-0.05638265236043608,-0.053879246293863994,-0.018130902927447436,2.529886766983208e-05,1.6984929728807192e-05,4.347268327580699e-06
6438.306453588,IMU,0.9967896425604265,-0.0563783355967129,-0.053883963222979586,-0.018122093338964848,2.529886766983208e-05,1.6984929728807192e-05,4.347268327580699e-06
6438.310648102,TRIAD,0.99691792194476,-0.05641951721498826,-0.051452542545527245,-0.018003634304486312,2.5237222067712657e-05,6.703885190587063e-06,4.997257693471525e-06
6438.314453588,IMU,0.9969176583146016,-0.056422259062922496,-0.05145445788338585,-0.0180041658150228,2.5237222067712657e-05,6.703885190587063e-06,4.997257693471525e-06
6438.322082755,IMU,0.9969168197671078,-0.05642686870367705,-0.05146234092339924,-0.01801361763827703,2.5237222067712657e-05,6.703885190587063e-06,4.997257693471525e-06
6438.326511343,TRIAD,0.9968333371243933,-0.05707715454495776,-0.05226588969035879,-0.018269460894405398,3.7146306381487746e-05,1.0545152223325458e-05,1.4590374171212164e-05
6438.330082755,IMU,0.9968331551990501,-0.057075614041533475,-0.052268618196169736,-0.01827639268431782,3.7146306381487746e-05,1.0545152223325458e-05,1.4590374171212164e-05
6438.340269656,TRIAD,0.9968822200720562,-0.0571063330486332,-0.05131223031754969,-0.018214308929680408,3.730443507649064e-05,7.5494271164062774e-06,1.4428859335875936e-05
6438.342697252,IMU,0.9968821350340666,-0.057106122373536725,-0.05131174723558705,-0.018220983316246827,3.730443507649064e-05,7.5494271164062774e-06,1.4428859335875936e-05
6438.3490635650005,IMU,0.9968816054206784,-0.05710862690118619,-0.051313337240489115,-0.018237623984394633,3.730443507649064e-05,7.5494271164062774e-06,1.4428859335875936e-05
6438.353182801,TRIAD,0.9968529087003118,-0.057096497277854756,-0.051877996699953355,-0.018246694843924983,3.729588520254647e-05,9.612917013916708e-06,1.3726301335002154e-05
6438.357063565,IMU,0.9968527242815698,-0.05709760005394113,-0.051877557745870155,-0.01825456553349858,3.729588520254647e-05,9.612917013916708e-06,1.3726301335002154e-05
6438.365687455001,IMU,0.9968531013577041,-0.057095627824192634,-0.05187178228239346,-0.018256554979957727,3.729588520254647e-05,9.612917013916708e-06,1.3726301335002154e-05
6438.370183248,TRIAD,0.996898276798875,-0.05711252784428248,-0.05099880898844382,-0.018196328212860977,3.7324679354602986e-05,5.0916540798948775e-06,1.3291611473014392e-05
6438.373687455,IMU,0.9968983905114217,-0.05711261257570398,-0.05099882486092901,-0.018189786785968907,3.7324679354602986e-05,5.0916540798948775e-06,1.3291611473014392e-05
6438.379499731001,IMU,0.9968983958116691,-0.05711684427517085,-0.050999309479419226,-0.01817484417510456,3.7324679354602986e-05,5.0916540798948775e-06,1.3291611473014392e-05
6438.383972857,TRIAD,0.9966035945587193,-0.05701200174874653,-0.05646516434638828,-0.018509245921329673,3.7242819370245156e-05,2.671400246034003e-05,1.3967431466990066e-05
6438.387499731,IMU,0.9966036644927416,-0.05701363883995258,-0.05646628068181095,-0.018497028189126213,3.7242819370245156e-05,2.671400246034003e-05,1.3967431466990066e-05
6438.395170898,IMU,0.9966044586359113,-0.05700389998986416,-0.05647056976623286,-0.018471144069727784,3.7242819370245156e-05,2.671400246034003e-05,1.3967431466990066e-05
6438.399335968,TRIAD,0.9964449448059993,-0.056960802856704656,-0.05919910946871804,-0.018665592586343656,3.734059316849808e-05,3.944798635096559e-05,1.5455699505366774e-05
6438.403170898,IMU,0.9964453030563443,-0.05695376492130176,-0.0592017201397643,-0.018659662663950423,3.734059316849808e-05,3.944798635096559e-05,1.5455699505366774e-05
6438.409941064,IMU,0.9964451703796993,-0.056951468047264475,-0.059205844702707934,-0.018660671672593675,3.734059316849808e-05,3.944798635096559e-05,1.5455699505366774e-05
6438.413798393,TRIAD,0.9965448046970259,-0.056992607888446685,-0.057493657680917964,-0.0185680963997318,3.749039159828018e-05,3.182369379146976e-05,1.566771580574462e-05
6438.417941064,IMU,0.9965445697590927,-0.05699356869711748,-0.05749453561777764,-0.018575036606369975,3.749039159828018e-05,3.182369379146976e-05,1.566771580574462e-05
6438.425524157,IMU,0.99654351140561,-0.057000593509256535,-0.05749731079260999,-0.018601652254233457,3.749039159828018e-05,3.182369379146976e-05,1.566771580574462e-05
6438.429651245,TRIAD,0.9966010998561182,-0.057011198567814836,-0.05650915640832343,-0.018511786662999744,3.7379271968596524e-05,2.6977646973643844e-05,1.4315179104998323e-05
6438.433524157,IMU,0.9966007985268636,-0.05701034603788694,-0.05650915029206336,-0.01853064363499536,3.7379271968596524e-05,2.6977646973643844e-05,1.4315179104998323e-05
6438.440960324,IMU,0.9966006373946575,-0.05700719234672166,-0.056506198483512564,-0.018557992839964135,3.7379271968596524e-05,2.6977646973643844e-05,1.4315179104998323e-05
6438.445159801,TRIAD,0.996720727680634,-0.05705078022440387,-0.05435856514466578,-0.018388743377061464,3.749183157835875e-05,1.677444228470818e-05,1.2533501289832532e-05
6438.448960324,IMU,0.9967204661920535,-0.05705393886891833,-0.05435931195841318,-0.018390909081533513,3.749183157835875e-05,1.677444228470818e-05,1.2533501289832532e-05
6438.460877783,TRIAD,0.9965934903310133,-0.05700870171411067,-0.056643209782760634,-0.01851944233033094,3.7457056655036196e-05,2.4323957611446622e-05,1.247314212300189e-05
6438.463569471,IMU,0.9965935247148633,-0.0570100740034582,-0.056643015589171654,-0.018513960772627062,3.7457056655036196e-05,2.4323957611446622e-05,1.247314212300189e-05
6438.470183396,IMU,0.9965941555675351,-0.05700720180531802,-0.056643671729294624,-0.018486819195944047,3.7457056655036196e-05,2.4323957611446622e-05,1.247314212300189e-05
6438.47460941,TRIAD,0.9967472996200358,-0.05705993293611763,-0.05386900986635437,-0.0183606788957001,3.745324246312242e-05,1.3576895005687943e-05,1.3511830999873799e-05
6438.478183396,IMU,0.9967477220596658,-0.05705511230391421,-0.05387172442539334,-0.018344755007618858,3.745324246312242e-05,1.3576895005687943e-05,1.3511830999873799e-05
6438.485077988,IMU,0.9967482633283268,-0.057050650020443835,-0.05387567842831836,-0.01831759149281981,3.745324246312242e-05,1.3576895005687943e-05,1.3511830999873799e-05
6438.488822835,TRIAD,0.9966725947714017,-0.05703459760570896,-0.05523408095633073,-0.018438812556824304,3.756364886908015e-05,1.9517278264674523e-05,1.5083238439816124e-05
6438.493077988,IMU,0.9966725264056513,-0.05703535763176484,-0.055237228842307855,-0.018430725374100274,3.756364886908015e-05,1.9517278264674523e-05,1.5083238439816124e-05
6438.502707343,IMU,0.9966724280263091,-0.057037210405245516,-0.05523704192744878,-0.01843087193908393,3.756364886908015e-05,1.9517278264674523e-05,1.5083238439816124e-05
6438.507064727,TRIAD,0.9966735940319017,-0.057035116550842674,-0.05521585728334078,-0.018437774920792016,3.749921917865901e-05,1.939820525073812e-05,1.5460925819124507e-05
6438.510707343,IMU,0.9966734605015257,-0.05703420162015848,-0.0552167214971753,-0.018445233654477946,3.749921917865901e-05,1.939820525073812e-05,1.5460925819124507e-05
6438.516539341,IMU,0.996673425711795,-0.05702821286658916,-0.05521806264411149,-0.018461608136595194,3.749921917865901e-05,1.939820525073812e-05,1.5460925819124507e-05
6438.520970985,TRIAD,0.9966033050505609,-0.05771408916815541,-0.05569130961722494,-0.018692627073456886,4.790705651825072e-05,2.131577724379887e-05,2.3320299630599747e-05
6438.524539341,IMU,0.9966031717259477,-0.05771220082756855,-0.055691519020286476,-0.01870493760035113,4.790705651825072e-05,2.131577724379887e-05,2.3320299630599747e-05
6438.5324052860005,IMU,0.9966024857174131,-0.057719052844028465,-0.05568799829554775,-0.018730810086510414,4.790705651825072e-05,2.131577724379887e-05,2.3320299630599747e-05
6438.536631226,TRIAD,0.9967838380465968,-0.057789064120034504,-0.052347108918279255,-0.018498228702356085,4.8081344467448376e-05,5.401449380566004e-06,2.1817533605428698e-05
6438.540405286,IMU,0.9967837019646896,-0.05779070046629772,-0.05234559517712061,-0.01850473190124052,4.8081344467448376e-05,5.401449380566004e-06,2.1817533605428698e-05
6438.547826897,IMU,0.9967839604503882,-0.05779327404437293,-0.05233921042363524,-0.01850083015168021,4.8081344467448376e-05,5.401449380566004e-06,2.1817533605428698e-05
6438.551681151,TRIAD,0.9965299288870277,-0.05770277281788185,-0.05697641882761935,-0.01876642051972465,4.8016219734225595e-05,2.7163875207418163e-05,2.1690662339129222e-05
6438.555826897,IMU,0.9965300859486131,-0.057704588010273866,-0.05697448977530726,-0.018758353783255143,4.8016219734225595e-05,2.7163875207418163e-05,2.1690662339129222e-05
6438.563117286,IMU,0.9965303433994446,-0.05770743409701763,-0.05697244639938479,-0.018742120621544893,4.8016219734225595e-05,2.7163875207418163e-05,2.1690662339129222e-05
6438.567488041,TRIAD,0.9966324102413667,-0.05773702098412129,-0.05515474666997542,-0.018660899874713845,4.791031250602709e-05,1.846899032961404e-05,2.2618518303979816e-05
6438.571117286,IMU,0.9966326608753846,-0.057735620288000146,-0.05515490269972879,-0.018651384254096706,4.791031250602709e-05,1.846899032961404e-05,2.2618518303979816e-05
6438.577354877,IMU,0.9966333918701081,-0.05772958488686992,-0.05515429240842814,-0.018632800841493248,4.791031250602709e-05,1.846899032961404e-05,2.2618518303979816e-05
6438.581535539,TRIAD,0.996606624785379,-0.05772810565518901,-0.055618947922704214,-0.018687800387681627,4.799994566028462e-05,2.0408288439591844e-05,2.3576763183764885e-05
6438.585354877,IMU,0.9966070247252745,-0.057724179639004926,-0.05561830614334837,-0.018680507888835,4.799994566028462e-05,2.0408288439591844e-05,2.3576763183764885e-05
6438.592968729,IMU,0.9966074008426835,-0.05772264880656185,-0.05561358220472286,-0.018679236459335023,4.799994566028462e-05,2.0408288439591844e-05,2.3576763183764885e-05
6438.597122928,TRIAD,0.9965408904678322,-0.057706220419185425,-0.05678453947192692,-0.01875531464608801,4.809267990974706e-05,2.5989213130429522e-05,2.391121572537124e-05
6438.600968729,IMU,0.9965409120965016,-0.057706781227549,-0.05678259778631702,-0.018758318337896557,4.809267990974706e-05,2.5989213130429522e-05,2.391121572537124e-05
6438.611555168,TRIAD,0.995928456305427,-0.0635041961674475,-0.06098012881788287,-0.01936881203300755,0.00012109224402343572,3.979091063676582e-05,4.249750151080079e-05
6438.614400449,IMU,0.9959283632630062,-0.06350524648538047,-0.06097873753180637,-0.01937453189442709,0.00012109224402343572,3.979091063676582e-05,4.249750151080079e-05
6438.621452189001,IMU,0.9959283101621941,-0.06350407994253959,-0.060973959000173265,-0.019396112290178822,0.00012109224402343572,3.979091063676582e-05,4.249750151080079e-05
6438.62582024,TRIAD,0.9964769217816405,-0.0636409929894007,-0.04870842485300214,-0.024719581635795948,0.00011384980546869465,-9.066136507885132e-06,0.00024802192283740346
6438.629452189,IMU,0.9964768920817406,-0.06364216261101967,-0.04870237349746971,-0.024729688655957753,0.00011384980546869465,-9.066136507885132e-06,0.00024802192283740346
6438.637712746,IMU,0.996476563713585,-0.06364993228413181,-0.04868882592594022,-0.024749592314716896,0.00011384980546869465,-9.066136507885132e-06,0.00024802192283740346
6438.642188371,TRIAD,0.9965263348225987,-0.06287040917029472,-0.04884340501226654,-0.02443148465823669,9.949040359547074e-05,-8.32337498223898e-06,0.0002331550583566164
6438.645712746,IMU,0.9965261893584509,-0.06287369654384262,-0.04883974388552159,-0.024436276779299087,9.949040359547074e-05,-8.32337498223898e-06,0.0002331550583566164
6438.652382337,IMU,0.9965267828620978,-0.06287102117538337,-0.04883115653519953,-0.024436118478943544,9.949040359547074e-05,-8.32337498223898e-06,0.0002331550583566164
6438.65647387,TRIAD,0.9964451611988543,-0.06281602242527146,-0.050489417121127055,-0.024535827045890534,9.926211446327695e-05,-1.1962053025148025e-06,0.00023296069906735456
6438.660382337,IMU,0.996445234024173,-0.06281769121441146,-0.05048657578463008,-0.024534443677102724,9.926211446327695e-05,-1.1962053025148025e-06,0.00023296069906735456
6438.667966838,IMU,0.9964454406216054,-0.0628208196825299,-0.050483179127686816,-0.024525030152714126,9.926211446327695e-05,-1.1962053025148025e-06,0.00023296069906735456
6438.672462963,TRIAD,0.9966130783955612,-0.062134281574627366,-0.04817682348310963,-0.024097649329452395,8.593892987399531e-05,-1.2263137389346088e-05,0.00022041426206392503
6438.675966838,IMU,0.996613137544239,-0.06213512038960204,-0.048177493670717525,-0.024091699649580356,8.593892987399531e-05,-1.2263137389346088e-05,0.00022041426206392503
6438.681884151,IMU,0.9966134988021338,-0.062131078577588386,-0.04817717656319826,-0.024087813071203515,8.593892987399531e-05,-1.2263137389346088e-05,0.00022041426206392503
6438.686377035,TRIAD,0.995940988726695,-0.06780600917213823,-0.05377133254835098,-0.024749462422761204,0.0001732844228215531,9.602987467649166e-06,0.00023976113405050373
6438.689884151,IMU,0.9959412205077364,-0.06780193890093437,-0.05377310994841588,-0.024747424538931497,0.0001732844228215531,9.602987467649166e-06,0.00023976113405050373
6438.697411595001,IMU,0.9959419168343346,-0.06779579140214688,-0.053771596699220124,-0.024739530086978934,0.0001732844228215531,9.602987467649166e-06,0.00023976113405050373
6438.701575294,TRIAD,0.9968808010420251,-0.06144910591874223,-0.039975797587449166,-0.02923373911844024,5.121468874937656e-05,-5.1451957229243935e-05,0.00042983086800404686
6438.705411595,IMU,0.9968810452714045,-0.061447639433271174,-0.039973946385817374,-0.02923102456320358,5.121468874937656e-05,-5.1451957229243935e-05,0.00042983086800404686
6438.716343479,TRIAD,0.9964290058207049,-0.06611652533214395,-0.04354917398753912,-0.029348098442128056,0.0001105339607027401,-4.0024451437425624e-05,0.00043236855100886265
6438.718957408,IMU,0.9964292032923535,-0.06611633229630073,-0.043546948749709366,-0.029345130506462834,0.0001105339607027401,-4.0024451437425624e-05,0.00043236855100886265
6438.72583813,IMU,0.9964291517335422,-0.06611911912058761,-0.04354295987050001,-0.02934652122496721,0.0001105339607027401,-4.0024451437425624e-05,0.00043236855100886265
6438.730069458,TRIAD,0.9959770559019627,-0.07091238150457967,-0.04222647721831748,-0.03490075769863139,0.00017870626715461407,-4.422066907766686e-05,0.0006216841650190753
6438.73383813,IMU,0.9959766869400419,-0.07091631104719501,-0.0422240149488481,-0.03490628111092429,0.00017870626715461407,-4.422066907766686e-05,0.0006216841650190753
6438.741332722,IMU,0.995976116133127,-0.07091870754770196,-0.04221740825447441,-0.03492568470926228,0.00017870626715461407,-4.422066907766686e-05,0.0006216841650190753
6438.745792311,TRIAD,0.9955688763149034,-0.07558063872372568,-0.03896575590661906,-0.04014784464725429,0.0002562410343714097,-5.829802018445323e-05,0.000838509460864934
6438.749332722,IMU,0.9955683736153363,-0.07558158390862349,-0.03896384830400214,-0.04016038042798524,0.0002562410343714097,-5.829802018445323e-05,0.000838509460864934
6438.7556417020005,IMU,0.9955669968275008,-0.0755889602114892,-0.03895872959003336,-0.04018558585796226,0.0002562410343714097,-5.829802018445323e-05,0.000838509460864934
6438.759844328,TRIAD,0.9955292671921325,-0.07562540011366256,-0.039815536362755845,-0.040211939591246526,0.00025738125275796174,-5.476356775932927e-05,0.000837313271363579
6438.763641702,IMU,0.9955285929908377,-0.07562991982414487,-0.03981147730353747,-0.040224147473704154,0.00025738125275796174,-5.476356775932927e-05,0.000837313271363579
6438.7714545730005,IMU,0.9955279199662096,-0.07563580070889445,-0.03980637577454656,-0.04023479422803478,0.00025738125275796174,-5.476356775932927e-05,0.000837313271363579
6438.775685402,TRIAD,0.9950618626378244,-0.0800849344422236,-0.037188043070657796,-0.04533588260642056,0.00033395328630538815,-6.623561015162121e-05,0.0010539753982817545
6438.779454573,IMU,0.995062333117014,-0.08008246529922522,-0.03718490141892556,-0.045332494634511285,0.00033395328630538815,-6.623561015162121e-05,0.0010539753982817545
6438.789085150001,IMU,0.9950649604343651,-0.08007061798316888,-0.0371767463468561,-0.04530243020645404,0.00033395328630538815,-6.623561015162121e-05,0.0010539753982817545
6438.792823756,TRIAD,0.9951251133114565,-0.08024698749304472,-0.03528474389068907,-0.045182039614437286,0.00033585658046795305,-7.68168874615266e-05,0.0010555973287168477
6438.79708515,IMU,0.9951262385545653,-0.08024538432368897,-0.03528158471080822,-0.045162566526715825,0.00033585658046795305,-7.68168874615266e-05,0.0010555973287168477
6438.80535941,IMU,0.9951282589497065,-0.08024168089223808,-0.03527738636591917,-0.04512789490441497,0.00033585658046795305,-7.68168874615266e-05,0.0010555973287168477
6438.80983198,TRIAD,0.994726122866086,-0.08289943774864394,-0.027078288138400908,-0.053985090721948695,0.00037568804369719744,-0.00011644189815209877,0.0014651100254042468
6438.81335941,IMU,0.9947266481268611,-0.08290048794444786,-0.027076604133020786,-0.05397464324565707,0.00037568804369719744,-0.00011644189815209877,0.0014651100254042468
6438.8210978550005,IMU,0.9947263066334366,-0.08290478329502576,-0.027075719307917495,-0.053974783206288963,0.00037568804369719744,-0.00011644189815209877,0.0014651100254042468
6438.824945758,TRIAD,0.9887526807026779,-0.09587287208544978,-0.11423352161306648,-0.011279687107029044,0.000722020705721341,0.0002744738539568802,-0.00042002868388111604
6438.829097855,IMU,0.988751974507898,-0.09587668716615157,-0.11423541855490331,-0.01128994740302825,0.000722020705721341,0.0002744738539568802,-0.00042002868388111604
6438.835926355,IMU,0.9887508494534296,-0.09587582817382898,-0.1142427812504611,-0.011321228257716937,0.000722020705721341,0.0002744738539568802,-0.00042002868388111604
6438.840170054,TRIAD,0.9937456007850085,-0.09013631653761593,-0.034995602868287665,-0.05586083727763516,0.0005095631868792611,-6.826130989543989e-05,0.0014877790324300027
6438.843926355,IMU,0.9937442168468761,-0.09013386612491991,-0.03499983047715478,-0.05588675627851832,0.0005095631868792611,-6.826130989543989e-05,0.0014877790324300027
6438.8507365020005,IMU,0.9937419401971792,-0.09013348715388043,-0.035007663330773035,-0.055922931743128367,0.0005095631868792611,-6.826130989543989e-05,0.0014877790324300027
6438.854935294,TRIAD,0.9938921108816453,-0.08993809496852881,-0.031514861903346555,-0.05564552524572002,0.000502946481998763,-8.367803140168505e-05,0.0014886396611114366
6438.858736502,IMU,0.9938914090310482,-0.08994116357816255,-0.03151774901674011,-0.055651465797422,0.000502946481998763,-8.367803140168505e-05,0.0014886396611114366
6438.867940856,IMU,0.9938915365575097,-0.08994757167264902,-0.03152042214907318,-0.055637315689115306,0.000502946481998763,-8.367803140168505e-05,0.0014886396611114366
6438.871822296,TRIAD,0.987555180214968,-0.10183838430677088,-0.11919555713872261,-0.012495145887824473,0.0008874285319215723,0.00036307045638559723,-0.0007309091284197391
6438.875940856,IMU,0.9875552845505501,-0.10183836620054454,-0.11919700941572674,-0.01247317410417205,0.0008874285319215723,0.00036307045638559723,-0.0007309091284197391
6438.882513781,IMU,0.9875554706172176,-0.1018429347243647,-0.11919503203288971,-0.012439993545540021,0.0008874285319215723,0.00036307045638559723,-0.0007309091284197391
6438.886461313,TRIAD,0.999902506583106,0.003146580644033267,0.013594282423329938,-0.0005213870608181543,-0.0009160457916259856,-0.00023602048993791834,-0.0011301814797703954
6438.890513781,IMU,0.9999024949021658,0.003148797671888739,0.013595344324600639,-0.0005023687305948975,-0.0009160457916259856,-0.00023602048993791834,-0.0011301814797703954
6438.898976208,IMU,0.9999024417826733,0.0031571587142414244,0.013598173188249156,-0.000478489125533503,-0.0009160457916259856,-0.00023602048993791834,-0.0011301814797703954
6438.903460445,TRIAD,0.9933574940198483,-0.09224223814111171,-0.022354110681640258,-0.06505806877673678,0.0009989037708109474,-5.062942435477062e-05,0.001576672221438593
6438.906976208,IMU,0.9933574386124715,-0.09224311018517388,-0.022352701057769115,-0.0650581626858455,0.0009989037708109474,-5.062942435477062e-05,0.001576672221438593
6438.9127827990005,IMU,0.9933567709610934,-0.09224562901043283,-0.022346794926687334,-0.06506681389713244,0.0009989037708109474,-5.062942435477062e-05,0.001576672221438593
6438.917264758,TRIAD,0.986326598641634,-0.10640961138826967,-0.12508681501358018,-0.013788550539518163,0.001335920997068416,0.0003309424963064649,-0.0003200969921311322
6438.920782799,IMU,0.9863264062443431,-0.10641179394346488,-0.12508579013484217,-0.01379476571729267,0.001335920997068416,0.0003309424963064649,-0.0003200969921311322
6438.932124424,TRIAD,0.9936533200581443,-0.09011147380533234,-0.030099821465052523,-0.060224601068252316,0.0010640109621323699,6.0852799272865035e-05,0.0009700882524681655
6438.935196835,IMU,0.9936522649176206,-0.09011525192315936,-0.030099619860658264,-0.06023645639604163,0.0010640109621323699,6.0852799272865035e-05,0.0009700882524681655
6438.941777686,IMU,0.9936496865748133,-0.09012061189121591,-0.030096347737038363,-0.0602725935647334,0.0010640109621323699,6.0852799272865035e-05,0.0009700882524681655
6438.945841644,TRIAD,0.9934601585172312,-0.09318630346542608,-0.0282659071256494,-0.05961765493317954,0.0011094078271705495,5.2648447233998094e-05,0.0009575380454249633
6438.949777686,IMU,0.9934587328513176,-0.09318769511503115,-0.02826646446464777,-0.05963896869724889,0.0011094078271705495,5.2648447233998094e-05,0.0009575380454249633
6438.959697818,IMU,0.9934560351421795,-0.09319289226067673,-0.028273860402764788,-0.05967227069247093,0.0011094078271705495,5.2648447233998094e-05,0.0009575380454249633
6438.963310406,TRIAD,0.9922352011891457,-0.0987168548647506,-0.014323552348153343,-0.0742908065299956,0.001204787430855392,-2.039352907553814e-05,0.0017140615267207844
6438.967697818,IMU,0.9922346870954064,-0.09872150908154229,-0.014324847331293224,-0.07429123850279547,0.001204787430855392,-2.039352907553814e-05,0.0017140615267207844
6438.974087095,IMU,0.9922354940280217,-0.09872613551457875,-0.01432684741047071,-0.07427392544225545,0.001204787430855392,-2.039352907553814e-05,0.0017140615267207844
6438.978274664,TRIAD,0.98667454232563,-0.1053563703408491,-0.12325716175648828,-0.013455661665092782,0.00148245036376313,0.0004429487893884067,-0.0008802437130217542
6438.982087095,IMU,0.9866741866537783,-0.10536017823394411,-0.12325924428095852,-0.013432830412975747,0.00148245036376313,0.0004429487893884067,-0.0008802437130217542
6438.989261243,IMU,0.986673936688105,-0.10536544437788224,-0.12326184912190785,-0.013385900884771323,0.00148245036376313,0.0004429487893884067,-0.0008802437130217542
6438.993391627,TRIAD,0.993243348394719,-0.09350959430571221,-0.03353493380806301,-0.0599917899125958,0.0011444573896074032,5.609484052644469e-05,0.0011363364584736821
6438.997261243,IMU,0.9932443952680644,-0.09351015095635214,-0.033535534481283914,-0.05997325123546398,0.0011444573896074032,5.609484052644469e-05,0.0011363364584736821
6439.005218151,IMU,0.9932447990546039,-0.09351441754854962,-0.03353463307808507,-0.05996041399000887,0.0011444573896074032,5.609484052644469e-05,0.0011363364584736821
6439.009686665,TRIAD,0.9928733722288461,-0.09738639585713117,-0.024907030144611857,-0.0640155955236926,0.0012050228080858845,1.4714973860062892e-05,0.0013368130811652855
6439.013218151,IMU,0.992872443627577,-0.09739246181294839,-0.024906599945382277,-0.06402093677991628,0.0012050228080858845,1.4714973860062892e-05,0.0013368130811652855
6439.021648745,IMU,0.9928688726801452,-0.09740364542435238,-0.024902208503304643,-0.06406099852923486,0.0012050228080858845,1.4714973860062892e-05,0.0013368130811652855
6439.025592721,TRIAD,0.9934697701860702,-0.09335891712111621,-0.027503906525616423,-0.05954379435541339,0.0011329170284174665,2.6623377115671636e-05,0.0011385205210214504
6439.029648745,IMU,0.9934673012420895,-0.09336411399608219,-0.027504644133816373,-0.059576489755257714,0.0011329170284174665,2.6623377115671636e-05,0.0011385205210214504
6439.036041818,IMU,0.993462382266334,-0.09337400854106152,-0.027506568841551778,-0.05964208431333602,0.0011329170284174665,2.6623377115671636e-05,0.0011385205210214504
6439.040163535,TRIAD,0.9934309676051514,-0.0931935791667571,-0.02909547226740968,-0.05969357502042011,0.0011315380543972567,3.361699983239969e-05,0.001134958502096228
6439.044041818,IMU,0.99342899991581,-0.09319585176960535,-0.029094141075232543,-0.05972341495850651,0.0011315380543972567,3.361699983239969e-05,0.001134958502096228
6439.051318614001,IMU,0.993428515013034,-0.09319984331637109,-0.029089333072686362,-0.05972759384228026,0.0011315380543972567,3.361699983239969e-05,0.001134958502096228
6439.05541622,TRIAD,0.9934800727619745,-0.09329554517842527,-0.027372305248916127,-0.05953186692925578,0.001131421115547482,2.5578807020383843e-05,0.0011336435401605204
6439.059318614,IMU,0.9934811667517475,-0.09329746033430823,-0.027370762582647156,-0.05951131455781435,0.001131421115547482,2.5578807020383843e-05,0.0011336435401605204
6439.067045244,IMU,0.9934853442134518,-0.09329943698450353,-0.02736410127916287,-0.05944149941444544,0.001131421115547482,2.5578807020383843e-05,0.0011336435401605204
6439.071523165,TRIAD,0.985669409886655,-0.11083145422463458,-0.12634129755312415,-0.01449412642207664,0.0015984279299592315,0.00047841558134926126,-0.000961720562573113
6439.075045244,IMU,0.9856700564745718,-0.11083200401524826,-0.12633970363546826,-0.014459804309892545,0.0015984279299592315,0.00047841558134926126,-0.000961720562573113
6439.081764391,IMU,0.9856714376142472,-0.11083085841419818,-0.12633545941007712,-0.0144114395630643,0.0015984279299592315,0.00047841558134926126,-0.000961720562573113
6439.085898424,TRIAD,0.9932746135151885,-0.09371216804625127,-0.032231636186835284,-0.05987230858287966,0.0011931512322043913,9.785133155351564e-05,0.0008838600247154324
6439.089764391,IMU,0.9932753575508472,-0.09371180542972138,-0.03222922751735559,-0.05986182839651188,0.0011931512322043913,9.785133155351564e-05,0.0008838600247154324
6439.097263891,IMU,0.9932741008511891,-0.09371822273129306,-0.03222995648698289,-0.05987224073973486,0.0011931512322043913,9.785133155351564e-05,0.0008838600247154324
6439.101749035,TRIAD,0.9851418199568951,-0.14062451962073996,-0.06822213714475861,-0.07117639395792844,0.002079025437458472,0.00025979037509200626,0.0012642858042946105
6439.105263891,IMU,0.9851400172791394,-0.14062818455005222,-0.06822288087882979,-0.07119338866781504,0.002079025437458472,0.00025979037509200626,0.0012642858042946105
6439.115441181,TRIAD,0.993168299430589,-0.0947835117958897,-0.032128539384253335,-0.06000476526764373,0.0015299114131327976,0.00015402981856502867,0.001033829520310127
6439.117838795,IMU,0.9931671538154789,-0.09478398186829949,-0.03212887157137278,-0.06002280378990132,0.0015299114131327976,0.00015402981856502867,0.001033829520310127
6439.12414872,IMU,0.9931628268855719,-0.09479204206550217,-0.03213110795738657,-0.06008044569693571,0.0015299114131327976,0.00015402981856502867,0.001033829520310127
6439.12832566,TRIAD,0.9863214399227114,-0.10772714994418825,-0.12399602016284976,-0.013779161711290372,0.0018130447127399653,0.0004661657471821434,-0.0005610785393674713
6439.13214872,IMU,0.9863200498660084,-0.10773272312648571,-0.12399898612689592,-0.013808368461507953,0.0018130447127399653,0.0004661657471821434,-0.0005610785393674713
6439.140716684,IMU,0.9863180867567936,-0.10773888944896871,-0.12400597259356647,-0.013837709270141293,0.0018130447127399653,0.0004661657471821434,-0.0005610785393674713
6439.145225421,TRIAD,0.991151912075879,-0.10728996006074802,-0.03435007130845943,-0.07019134034619874,0.0016328212795425514,4.179867367991747e-05,0.0021820102777101815
6439.148716684,IMU,0.9911517158065417,-0.10729377747632748,-0.03435014507554359,-0.07018824048156418,0.0016328212795425514,4.179867367991747e-05,0.0021820102777101815
6439.154374256,IMU,0.9911536393034371,-0.10729752075261628,-0.03434763163224086,-0.07015657871611183,0.0016328212795425514,4.179867367991747e-05,0.0021820102777101815
6439.158864215,TRIAD,0.9934751656392637,-0.09237065922223392,-0.03106391200551505,-0.059243480179689056,0.0014150385389099594,2.8420303804939172e-05,0.001836124940431077
6439.162374256,IMU,0.9934767819972372,-0.09236999928507404,-0.031063441508231825,-0.0592176448886147,0.0014150385389099594,2.8420303804939172e-05,0.001836124940431077
6439.169698793,IMU,0.9934793905247419,-0.09237174382418394,-0.03106249376456811,-0.05917164039126342,0.0014150385389099594,2.8420303804939172e-05,0.001836124940431077
6439.173871955,TRIAD,0.9851647040999957,-0.11207525527259429,-0.1290928746079561,-0.014989085249122527,0.0018878269850491898,0.0004444390796093332,-7.317985711624867e-05
6439.177698793,IMU,0.9851642690438824,-0.1120790487071818,-0.12909517495265127,-0.014969490441245797,0.0018878269850491898,0.0004444390796093332,-7.317985711624867e-05
6439.188264139,TRIAD,0.9925309250423953,-0.09790204398157017,-0.04096956364622194,-0.06015851954092902,0.0016168167865242675,0.00017231079901857706,0.0012915068413622793
6439.191103069,IMU,0.9925309026876609,-0.09790369797937686,-0.04097048700443944,-0.06015556771072269,0.0016168167865242675,0.00017231079901857706,0.0012915068413622793
6439.197957142001,IMU,0.9925291163960804,-0.09790812439641669,-0.040971752487103025,-0.06017697052301193,0.0016168167865242675,0.00017231079901857706,0.0012915068413622793
6439.202467416,TRIAD,0.9923645614758233,-0.09772960318928316,-0.015499791541874005,-0.07362919427455772,0.0015823899092754458,7.617234961581544e-05,0.0018125596408040214
6439.205957142,IMU,0.9923626901868928,-0.09773166734114659,-0.015501594167003023,-0.0736512926026018,0.0015823899092754458,7.617234961581544e-05,0.0018125596408040214
6439.21402418,IMU,0.9923578820214922,-0.09773173498738205,-0.015504138570276698,-0.07371542344291337,0.0015823899092754458,7.617234961581544e-05,0.0018125596408040214
6439.218325398,TRIAD,0.9926811367007117,-0.09834567994237052,-0.026550419006274258,-0.06486419139900843,0.0016103634983938135,0.00012427713456487915,0.0014254913965336296
6439.22202418,IMU,0.9926786815895987,-0.09835153942035203,-0.026553564353908925,-0.06489158675272211,0.0016103634983938135,0.00012427713456487915,0.0014254913965336296
6439.228388753,IMU,0.9926748594145149,-0.09836681747582399,-0.026554449326288566,-0.06492652714436961,0.0016103634983938135,0.00012427713456487915,0.0014254913965336296
6439.232556989,TRIAD,0.9855611211390051,-0.11093379873768422,-0.12708431837307976,-0.014578916986667636,0.0019480115192118711,0.0005228346751877214,-0.0005944661880291577
6439.236388753,IMU,0.985560611522983,-0.11093895265524216,-0.12708352303487255,-0.014581082650025497,0.0019480115192118711,0.0005228346751877214,-0.0005944661880291577
6439.2443640500005,IMU,0.9855605194036441,-0.11094674108137949,-0.1270814053677894,-0.014546465068473883,0.0019480115192118711,0.0005228346751877214,-0.0005944661880291577
6439.248572064,TRIAD,0.9919597179470332,-0.10246758591650378,-0.03586719545787554,-0.06503734386391373,0.0016334059192897152,0.00010595782076257851,0.0017593684223928044
6439.25236405,IMU,0.9919610209797989,-0.10246918415895279,-0.03586625484411269,-0.06501546675961743,0.0016334059192897152,0.00010595782076257851,0.0017593684223928044
6439.260233254,IMU,0.991962613783725,-0.10247861732946982,-0.03586609841440672,-0.06497637132164824,0.0016334059192897152,0.00010595782076257851,0.0017593684223928044
6439.264190619,TRIAD,0.9676835917014333,-0.1059395525800863,-0.2257356493252407,0.03753257484715056,0.002042378230085165,0.0009811739086212513,-0.0029981334667334297
6439.268233254,IMU,0.9676821312117245,-0.10594938780329416,-0.22573339559215455,0.03755601512511491,0.002042378230085165,0.0009811739086212513,-0.0029981334667334297
6439.275512161,IMU,0.9676801090945916,-0.1059557844967602,-0.2257349939549852,0.0375804563370158,0.002042378230085165,0.0009811739086212513,-0.0029981334667334297
6439.279786249,TRIAD,0.993133651001443,-0.0932386570802109,-0.038920529065775075,-0.05896860598371904,0.0015033184635193267,0.00013914162671499388,0.0013038229659008234
6439.283512161,IMU,0.9931333799929888,-0.09323897020586136,-0.03892078035395162,-0.05897250914868496,0.0015033184635193267,0.00013914162671499388,0.0013038229659008234
6439.290492327,IMU,0.9931306950341111,-0.09324739857186207,-0.038922436046058245,-0.0590032983220789,0.0015033184635193267,0.00013914162671499388,0.0013038229659008234
6439.294852082,TRIAD,0.993275853671133,-0.0933650211520192,-0.02299594046966867,-0.0644766474088142,0.0014854688498208146,7.057437115835544e-05,0.0015546910768963263
6439.298492327,IMU,0.993273899740388,-0.09336850236251024,-0.022997990178983276,-0.06450097137897293,0.0014854688498208146,7.057437115835544e-05,0.0015546910768963263
6439.305646197,IMU,0.9932705896930447,-0.09336749773748934,-0.023000025914444836,-0.06455265157223355,0.0014854688498208146,7.057437115835544e-05,0.0015546910768963263
6439.309843878,TRIAD,0.9934727547808517,-0.09327425960119037,-0.02764728237199836,-0.05956027015921357,0.0014906649838972532,8.925761760694973e-05,0.0013569961621162797
6439.313646197,IMU,0.9934710741742583,-0.09327893179510259,-0.027648657064076165,-0.05958034428201358,0.0014906649838972532,8.925761760694973e-05,0.0013569961621162797
6439.320642085,IMU,0.9934696189738986,-0.09328600714092844,-0.02765087317215852,-0.05959250171268855,0.0014906649838972532,8.925761760694973e-05,0.0013569961621162797
6439.324841729,TRIAD,0.9853299232256858,-0.11211810435187,-0.12780488128639972,-0.014845382850460581,0.0019484356307168708,0.0005153711892555944,-0.0005772962526811429
6439.328642085,IMU,0.9853289129797221,-0.1121265978897678,-0.1278064071474883,-0.014835146912521793,0.0019484356307168708,0.0005153711892555944,-0.0005772962526811429
6439.336216159,IMU,0.9853272401811205,-0.11214309186206066,-0.1278086173873411,-0.014802500674220015,0.0019484356307168708,0.0005153711892555944,-0.0005772962526811429
6439.340697859,TRIAD,0.992540723103124,-0.09886291027051455,-0.029404871969995992,-0.06499531874835418,0.0015554434965976572,7.868730579312593e-05,0.001687208528538599
6439.344216159,IMU,0.9925415668952408,-0.098863386628376,-0.029403840403080996,-0.06498217400994304,0.0015554434965976572,7.868730579312593e-05,0.001687208528538599
6439.354422949,TRIAD,0.992658972939398,-0.0992555791504421,-0.032887200870667474,-0.060785898605699405,0.0015637399348746874,8.795036751650926e-05,0.0015798302005912291
6439.356828711,IMU,0.9926596072257275,-0.0992527623084476,-0.0328864203258312,-0.06078056198127771,0.0015637399348746874,8.795036751650926e-05,0.0015798302005912291
6439.363595748,IMU,0.9926597401488076,-0.09925275477246655,-0.032888922213870776,-0.06077704956139524,0.0015637399348746874,8.795036751650926e-05,0.0015798302005912291
6439.367758187,TRIAD,0.9863159120388074,-0.10781744087506841,-0.12396411840973724,-0.013755669707555403,0.0017990479245679745,0.00041280862547318694,-0.00013211580814552395
6439.371595748,IMU,0.986315114477146,-0.10782424820403291,-0.12396419310029134,-0.013758825609887879,0.0017990479245679745,0.00041280862547318694,-0.00013211580814552395
6439.378439062,IMU,0.9863135016298101,-0.1078339182646537,-0.12396661438218877,-0.013776831749434094,0.0017990479245679745,0.00041280862547318694,-0.00013211580814552395
6439.382648761,TRIAD,0.9924538185500205,-0.09854763373052565,-0.03253615901995903,-0.06530834776523843,0.0015034326173532558,3.4632437537407716e-05,0.002020563686290738
6439.386439062,IMU,0.9924523505445171,-0.09855035612661153,-0.0325383604600416,-0.06532544913396074,0.0015034326173532558,3.4632437537407716e-05,0.002020563686290738
6439.393556987,IMU,0.9924504628602383,-0.09855019868625099,-0.032539167379993836,-0.06535395698514301,0.0015034326173532558,3.4632437537407716e-05,0.002020563686290738
6439.39772252,TRIAD,0.9999723256679482,-0.0019713332748102987,0.007166711337463039,-0.00031621505358579716,-0.00017876851246973868,-0.00014643736274262632,-0.00035732170469253205
6439.401556987,IMU,0.9999723315508968,-0.0019716999492999368,0.007165548079010003,-0.00032164063936714163,-0.00017876851246973868,-0.00014643736274262632,-0.00035732170469253205
6439.409169783,IMU,0.9999723758245994,-0.001971298553592985,0.007159720443416136,-0.00031618489963964203,-0.00017876851246973868,-0.00014643736274262632,-0.00035732170469253205
6439.413592279,TRIAD,0.9855209621594578,-0.11111287637517465,-0.12715268474840763,-0.015315241075600285,0.001813235577690032,0.0004961631739401492,0.0001858804964370779
6439.417169783,IMU,0.9855200172422588,-0.11111635088255511,-0.1271577063328202,-0.015309144376456104,0.001813235577690032,0.0004961631739401492,0.0001858804964370779
6439.427838444,TRIAD,0.9930028602903508,-0.09514344636322063,-0.03470074326394074,-0.06073633579860623,0.0015373787264224422,0.00022480343817522314,0.0014690776467344607
6439.430462151,IMU,0.9930029352852536,-0.0951447482824382,-0.03470192538491414,-0.06073239468127167,0.0015373787264224422,0.00022480343817522314,0.0014690776467344607
6439.438662078001,IMU,0.9930031455684997,-0.09514757122020098,-0.03470486125766611,-0.06072285555742732,0.0015373787264224422,0.00022480343817522314,0.0014690776467344607
6439.442782962,TRIAD,0.9925592089005334,-0.09804130969457199,-0.030856873300140617,-0.06528377892140903,0.0015804221081598625,0.00020898495846418755,0.0016528927497547277
6439.446662078,IMU,0.9925587689034657,-0.09804561380677103,-0.030857650857107545,-0.06528363707446844,0.0015804221081598625,0.00020898495846418755,0.0016528927497547277
6439.453462299,IMU,0.9925572561959918,-0.09805556004890842,-0.030858692287108195,-0.06529120481741044,0.0015804221081598625,0.00020898495846418755,0.0016528927497547277
6439.457305017,TRIAD,0.9932462736401935,-0.09417450362643154,-0.03058616844022895,-0.060477178065211946,0.001516284006361269,0.00020671233518545012,0.0014753744198936524
6439.461462299,IMU,0.9932454020618132,-0.09417882073047566,-0.03058475980104289,-0.060485481537278694,0.001516284006361269,0.00020671233518545012,0.0014753744198936524
6439.469660004001,IMU,0.9932431832955675,-0.09418818844738583,-0.030589360377019138,-0.06050500000506038,0.001516284006361269,0.00020671233518545012,0.0014753744198936524
6439.473819759,TRIAD,0.9927289388031412,-0.09840888394176352,-0.024893584020393295,-0.06469354758200781,0.0015898676540482422,0.00017852115538261566,0.0016782083950614122
6439.477660004,IMU,0.9927279099213403,-0.09841277625649283,-0.02489325207823799,-0.06470354189428956,0.0015898676540482422,0.00017852115538261566,0.0016782083950614122
6439.484026336,IMU,0.9927264956544458,-0.09841638005889264,-0.024899869845553792,-0.06471721133842041,0.0015898676540482422,0.00017852115538261566,0.0016782083950614122
6439.488202109,TRIAD,0.9925029508108141,-0.09898457264460898,-0.037301332532291766,-0.06122546530249016,0.0016138266538692552,0.00022973562431143088,0.0015175025706446776
6439.492026336,IMU,0.9925028742584593,-0.0989835394062205,-0.03730343878364826,-0.061227093432801555,0.0016138266538692552,0.00022973562431143088,0.0015175025706446776
6439.499521243,IMU,0.9925022183403418,-0.09898862645169586,-0.03731346433618381,-0.06122339260396826,0.0016138266538692552,0.00022973562431143088,0.0015175025706446776
6439.503394498,TRIAD,0.986541247598853,-0.10653611036487416,-0.12330485049314513,-0.013503252174388473,0.0018850640414448928,0.0006083171122026097,-0.000598139120883024
6439.507521243,IMU,0.9865400027101846,-0.10654242846882653,-0.12331035537206432,-0.013494081909088946,0.0018850640414448928,0.0006083171122026097,-0.000598139120883024
6439.515760077,IMU,0.9865381329140788,-0.10655216257388743,-0.12331879227144309,-0.01347681082244599,0.0018850640414448928,0.0006083171122026097,-0.000598139120883024
6439.520506629,TRIAD,0.9838573344365618,-0.11796373496801621,-0.13360677521490447,-0.01607894040206582,0.0021072766706855006,0.0006627910260407356,-0.0004764032009367336
6439.523760077,IMU,0.9838565434731106,-0.11796626881899029,-0.13361098327822735,-0.016073780933378246,0.0021072766706855006,0.0006627910260407356,-0.0004764032009367336
6439.529834576,IMU,0.9838560476336579,-0.11796619003435141,-0.13361519410821548,-0.016069705874122753,0.0021072766706855006,0.0006627910260407356,-0.0004764032009367336
6439.534072867,TRIAD,0.9933339797838212,-0.09404307204483163,-0.029773001386567848,-0.05964120719470096,0.001628409054901268,0.0002762553397967816,0.0011584854169239315
6439.537834576,IMU,0.9933334618025045,-0.09404591429853194,-0.029773363410137157,-0.05964517162732696,0.001628409054901268,0.0002762553397967816,0.0011584854169239315
6439.54568978,IMU,0.9933312876300145,-0.09405841984834241,-0.029774922399862534,-0.05966088054171293,0.001628409054901268,0.0002762553397967816,0.0011584854169239315
6439.550182998,TRIAD,0.9926826419854651,-0.09828844780348109,-0.026687705599935628,-0.064871563099332,0.001700345988838005,0.0002627499447131468,0.0013793608837766595
6439.55368978,IMU,0.9926814084124292,-0.0982932647746118,-0.026687474109369155,-0.06488323526093456,0.001700345988838005,0.0002627499447131468,0.0013793608837766595
6439.560787427,IMU,0.9926793325191613,-0.09830188769284667,-0.02668251741614664,-0.06490396697947337,0.001700345988838005,0.0002627499447131468,0.0013793608837766595
6439.564862793,TRIAD,0.9933282190468152,-0.09434439994193977,-0.027796021108443703,-0.06021266191937437,0.0016365046460651385,0.0002666708361733808,0.001203416278815927
6439.568787427,IMU,0.9933271778091743,-0.09434923191920558,-0.027795480502840607,-0.06022251676518801,0.0016365046460651385,0.0002666708361733808,0.001203416278815927
6439.576699261001,IMU,0.993325653420994,-0.09435739880224354,-0.027798433811177133,-0.06023350085023611,0.0016365046460651385,0.0002666708361733808,0.001203416278815927
6439.580894497,TRIAD,0.9970270248719829,-0.044978199773409645,-0.06250146825018338,-0.00276399830625422,0.0007803291796607865,0.00042372153194221706,-0.0012746454243189225
6439.584699261,IMU,0.9970268866095242,-0.04497832288700615,-0.06250376497456393,-0.0027599297084956436,0.0007803291796607865,0.00042372153194221706,-0.0012746454243189225
6439.594724051,TRIAD,0.9932889254867626,-0.09235922293949124,-0.034110719086355094,-0.060690553521762496,0.0013180991974873282,0.0003389691050022796,0.0003204020715615807
6439.597323036,IMU,0.9932891977670789,-0.09235913619251887,-0.03411286139805787,-0.06068502490929434,0.0013180991974873282,0.0003389691050022796,0.0003204020715615807
6439.604495924,IMU,0.9932899217516558,-0.09236060869804784,-0.034121225719979865,-0.060666228355504254,0.0013180991974873282,0.0003389691050022796,0.0003204020715615807
6439.608628605,TRIAD,0.9650660801435132,-0.1217164819132944,-0.22961491936135708,0.03330987531892072,0.002045908250186175,0.0010919056571330485,-0.0032927672007767314
6439.612495924,IMU,0.9650642007633907,-0.12172234611181848,-0.22961755797924266,0.03332470449383962,0.002045908250186175,0.0010919056571330485,-0.0032927672007767314
6439.621261166,IMU,0.9650618576026988,-0.12172727614204415,-0.22962115143280337,0.03334978347966564,0.002045908250186175,0.0010919056571330485,-0.0032927672007767314
6439.625975773,TRIAD,0.9970802902930759,-0.04054747290105217,-0.06466227641787067,-0.002363717172777842,0.0003440799630341886,0.00022642744134370927,-0.0017076508810518897
6439.629261166,IMU,0.9970803103555097,-0.04054563928907177,-0.06466316962572954,-0.0023622722017517537,0.0003440799630341886,0.00022642744134370927,-0.0017076508810518897
6439.636453592,IMU,0.9970800633123864,-0.04055561673584032,-0.064660340025134,-0.0023727039379484193,0.0003440799630341886,0.00022642744134370927,-0.0017076508810518897
6439.640276494,TRIAD,0.9933034026859919,-0.09312959439826198,-0.031879087575690274,-0.0604892770248337,0.0011564656667578993,9.328780621707119e-05,0.0005106861062182813
6439.644453592,IMU,0.9933015282157279,-0.09314019599823602,-0.03187845512136055,-0.06050406625000673,0.0011564656667578993,9.328780621707119e-05,0.0005106861062182813
6439.651881851,IMU,0.9932986492226489,-0.09314908756577711,-0.03188004899581206,-0.06053679388726305,0.0011564656667578993,9.328780621707119e-05,0.0005106861062182813
6439.656382402,TRIAD,0.9926962453277358,-0.09830444065310855,-0.026228606829861088,-0.06482639619676489,0.0012426191350704636,6.674448189621107e-05,0.000705903454827533
6439.659881851,IMU,0.9926953841461561,-0.09830616603302236,-0.026231540574181745,-0.06483577942701339,0.0012426191350704636,6.674448189621107e-05,0.000705903454827533
6439.666635109,IMU,0.9926947129518556,-0.09830518388260091,-0.026235804579117894,-0.06484581911987461,0.0012426191350704636,6.674448189621107e-05,0.000705903454827533
6439.670768049,TRIAD,0.9925989439835077,-0.09914626934050742,-0.034656691565724144,-0.06096119592333763,0.0012668962684476601,0.00010078910789951812,0.0005449437338118365
6439.674635109,IMU,0.9925992028467696,-0.09914639755390087,-0.034658820799111235,-0.06095556168928717,0.0012668962684476601,0.00010078910789951812,0.0005449437338118365
6439.682229072,IMU,0.9925992784056272,-0.09915428135529604,-0.03466734150248429,-0.060936659169116794,0.0012668962684476601,0.00010078910789951812,0.0005449437338118365
6439.686651901,TRIAD,0.9851080866786729,-0.14071695989146424,-0.06849117427543933,-0.07120220365662785,0.002058486722361996,0.00025462575301172835,0.0008825131166537911
6439.690229072,IMU,0.9851083879623951,-0.14071837028106737,-0.0684956574705863,-0.07119093438945515,0.002058486722361996,0.00025462575301172835,0.0008825131166537911
6439.696107811,IMU,0.9851100056134156,-0.140711407411368,-0.06850228853802368,-0.07117593083129896,0.002058486722361996,0.00025462575301172835,0.0008825131166537911
6439.70050914,TRIAD,0.9931332400670899,-0.09496130087938902,-0.031586379949690054,-0.06058893802346981,0.001335510718041221,0.00011485311141298544,0.0005973683055223225
6439.704107811,IMU,0.9931337435496065,-0.09495735438149777,-0.03159114362462703,-0.06058438673865937,0.001335510718041221,0.00011485311141298544,0.0005973683055223225
6439.715519621,TRIAD,0.9932594468187522,-0.09415509667155092,-0.03027608433718152,-0.06044706604364918,0.0013253262418768876,0.00011093385775293239,0.0005962893808353851
6439.718515495,IMU,0.9932590997001186,-0.09415612009388309,-0.030279541025856605,-0.060449444224405416,0.0013253262418768876,0.00011093385775293239,0.0005962893808353851
6439.725422272,IMU,0.9932572383273741,-0.09416731327017906,-0.030284645144232642,-0.06046003547999187,0.0013253262418768876,0.00011093385775293239,0.0005962893808353851
6439.729627786,TRIAD,0.9851170512235844,-0.11211022456128401,-0.1294214633693554,-0.015025902858160321,0.0017309787079971258,0.0004931974864467327,-0.0011900616865680195
6439.733422272,IMU,0.9851160879575817,-0.11211872290361818,-0.12942097111777007,-0.015029885446844254,0.0017309787079971258,0.0004931974864467327,-0.0011900616865680195
6439.740406216,IMU,0.9851150203049018,-0.11212888058607713,-0.12941913218623663,-0.01503991796345912,0.0017309787079971258,0.0004931974864467327,-0.0011900616865680195
6439.744557915,TRIAD,0.9854463293406378,-0.11245242318585567,-0.12665328461223688,-0.014454411285982988,0.0017363546085620042,0.0004804945567493022,-0.0011984039874924207
6439.748406216,IMU,0.9854461294973489,-0.11245757049024473,-0.1266496734695171,-0.014459630292325812,0.0017363546085620042,0.0004804945567493022,-0.0011984039874924207
6439.755990031,IMU,0.985446155276088,-0.11246399468043367,-0.12664288603625476,-0.014467355269846705,0.0017363546085620042,0.0004804945567493022,-0.0011984039874924207
6439.760488601,TRIAD,0.9924118440751396,-0.0985874920849185,-0.03348702516531666,-0.06540533074119174,0.0013334725629672822,6.736787643387852e-05,0.0010707730641189882
6439.763990031,IMU,0.9924113413674917,-0.09859172375902966,-0.03348353308558756,-0.06540836753432608,0.0013334725629672822,6.736787643387852e-05,0.0010707730641189882
6439.770561511,IMU,0.9924117328362354,-0.09859258806858011,-0.03347655956284815,-0.06540469453147041,0.0013334725629672822,6.736787643387852e-05,0.0010707730641189882
6439.77471897,TRIAD,0.9933394409959047,-0.09438305314986693,-0.027350833305607395,-0.0601708081842191,0.0012616782643625451,4.0564174655775804e-05,0.0009082065443794039
6439.778561511,IMU,0.9933397804866401,-0.0943831935117117,-0.027349788832000912,-0.060165457998171565,0.0012616782643625451,4.0564174655775804e-05,0.0009082065443794039
6439.785987844,IMU,0.9933395642679906,-0.09439167541309663,-0.027345976743652457,-0.060157453640617704,0.0012616782643625451,4.0564174655775804e-05,0.0009082065443794039
6439.790709655,TRIAD,0.9846348150571422,-0.143540421448705,-0.06793232451368511,-0.07263351618834868,0.0021828777161149145,0.00022204885506664734,0.0013041896484763129
6439.793987844,IMU,0.9846346779299313,-0.1435421029415463,-0.06793265906453659,-0.07263173915968334,0.0021828777161149145,0.00022204885506664734,0.0013041896484763129
6439.803787689,TRIAD,0.9927538253333417,-0.09785652029161726,-0.031996945839119204,-0.06196885652811262,0.001671571729109602,0.0001235455244177165,0.0011045206706635832
6439.806233896,IMU,0.9927538564840681,-0.09785574769803208,-0.031997456900177315,-0.06196931361884609,0.001671571729109602,0.0001235455244177165,0.0011045206706635832
6439.812875376,IMU,0.9927534301200849,-0.09785679094089374,-0.03200106509027842,-0.06197263335250253,0.001671571729109602,0.0001235455244177165,0.0011045206706635832
6439.817078224,TRIAD,0.9931250178112924,-0.095207501175304,-0.030107510071424086,-0.06108820307206554,0.0016321517723248526,0.00011673894740574697,0.0010800321413282294
6439.820875376,IMU,0.9931244978548678,-0.09520992877543569,-0.030108871392719873,-0.06109220151991514,0.0016321517723248526,0.00011673894740574697,0.0010800321413282294
6439.827653727,IMU,0.99312258918678,-0.09522155711305205,-0.03010865780378194,-0.061105209541960206,0.0016321517723248526,0.00011673894740574697,0.0010800321413282294
6439.831852056,TRIAD,0.9849157278263204,-0.11485583504882184,-0.1285113948134125,-0.01529600074198205,0.0020947137157439383,0.0005224020526947836,-0.0008378447780678926
6439.835653727,IMU,0.9849142488367413,-0.11486520529595869,-0.1285137969301064,-0.01530068786958891,0.0020947137157439383,0.0005224020526947836,-0.0008378447780678926
6439.842498967,IMU,0.9849128862601935,-0.11487439332841945,-0.12851509689265103,-0.015308497859533664,0.0020947137157439383,0.0005224020526947836,-0.0008378447780678926
6439.846732759,TRIAD,0.9844183899717526,-0.11513819418490877,-0.13200453939154705,-0.015441220977834678,0.00210065618658295,0.0005379742105713339,-0.0008460387423937276
6439.850498967,IMU,0.984418006791076,-0.11513886863977976,-0.13200687269384984,-0.015440673412332372,0.00210065618658295,0.0005379742105713339,-0.0008460387423937276
6439.860069914001,IMU,0.9844171339482569,-0.11514112429718813,-0.13201316323034523,-0.01542571290402828,0.00210065618658295,0.0005379742105713339,-0.0008460387423937276
6439.863981502,TRIAD,0.9986103544592831,-0.0299848642511728,-0.04331692610856835,-0.001382676769314906,0.0003107094132753063,4.33850092065568e-05,-0.0015240380687389407
6439.868069914,IMU,0.99861037709077,-0.0299831560254099,-0.043317941254688866,-0.0013715271931204146,0.0003107094132753063,4.33850092065568e-05,-0.0015240380687389407
6439.8758169150005,IMU,0.998610301713412,-0.029986123633827404,-0.043318294777747714,-0.001350199545633409,0.0003107094132753063,4.33850092065568e-05,-0.0015240380687389407
6439.879538928,TRIAD,0.9850573588746989,-0.11339238339451338,-0.12871059851708325,-0.015419109711286783,0.0018748186450330939,0.0004714109189868834,-0.0009206418760377114
6439.883816915,IMU,0.9850567490618357,-0.11339688378430683,-0.12871236340226574,-0.015410236310291215,0.0018748186450330939,0.0004714109189868834,-0.0009206418760377114
6439.892724694,IMU,0.985056451704521,-0.11339817918815401,-0.12871539183294495,-0.015394408640845434,0.0018748186450330939,0.0004714109189868834,-0.0009206418760377114
6439.896834097,TRIAD,0.9903230192772484,-0.11345480806529257,-0.036303029986244184,-0.07120683977175414,0.001684153219424442,3.2507378674234634e-06,0.0019837753152547547
6439.900724694,IMU,0.9903224377574569,-0.11345731478004029,-0.03630343993551441,-0.07121072423364,0.001684153219424442,3.2507378674234634e-06,0.0019837753152547547
6439.9078473790005,IMU,0.9903193010099622,-0.11347058154275505,-0.03630288788925436,-0.07123348582225274,0.001684153219424442,3.2507378674234634e-06,0.0019837753152547547
6439.911971319,TRIAD,0.9924633871905397,-0.09959716580673612,-0.027958003410217907,-0.0656900273623077,0.001432999493836154,-3.3666406413552205e-05,0.0017912566536695603
6439.915847379,IMU,0.9924615965503026,-0.09960467544476596,-0.02795757853959978,-0.06570587344042549,0.001432999493836154,-3.3666406413552205e-05,0.0017912566536695603
6439.923511379,IMU,0.9924594525146422,-0.09960597237927665,-0.027959062543625155,-0.06573565396645221,0.001432999493836154,-3.3666406413552205e-05,0.0017912566536695603
6439.927974708,TRIAD,0.9976120412199188,0.02472531072875086,0.06443770569559458,-0.0025799819925419534,-0.0009146001248432998,-0.00046758857527100456,-0.00044121722651558194
6439.931511379,IMU,0.9976119486117219,0.02472914025338552,0.06443752138813634,-0.002583688604512892,-0.0009146001248432998,-0.00046758857527100456,-0.00044121722651558194
6439.938571564,IMU,0.9976118531091115,0.024729133572919372,0.0644392189111823,-0.0025782852933725693,-0.0009146001248432998,-0.00046758857527100456,-0.00044121722651558194
6439.94263467,TRIAD,0.9925836054186074,-0.09789815743370014,-0.014927764203222626,-0.07050460184397767,0.0012213384248405989,-0.0001255769303272906,0.0017704476067630268
6439.946571564,IMU,0.9925830875574488,-0.09790466812870147,-0.014927566508898543,-0.07050289364028413,0.0012213384248405989,-0.0001255769303272906,0.0017704476067630268
6439.9536979330005,IMU,0.992582519809703,-0.0979154383061888,-0.01493160282187945,-0.07049507462721902,0.0012213384248405989,-0.0001255769303272906,0.0017704476067630268
6439.957873762,TRIAD,0.9852794675051393,-0.11360513238906643,-0.12686079231871872,-0.014986132920768447,0.0016593295580819949,0.00035740141161159884,-0.0006634277312054578
6439.961697933,IMU,0.9852791618602208,-0.11360490145275692,-0.12686431157765424,-0.014978184731747266,0.0016593295580819949,0.00035740141161159884,-0.0006634277312054578
6439.969578156,IMU,0.9852790324004118,-0.11359651869883185,-0.12687377357180635,-0.014970131304185896,0.0016593295580819949,0.00035740141161159884,-0.0006634277312054578
6439.973531022,TRIAD,0.9922651005464417,-0.09965045391573679,-0.03334191377152722,-0.06609140683931583,0.001244349147362598,-6.681756838433238e-05,0.001665212978310488
6439.977578156,IMU,0.9922644670975777,-0.0996513944356984,-0.033347549288391024,-0.06609665558134918,0.001244349147362598,-6.681756838433238e-05,0.001665212978310488
6439.984921026,IMU,0.9922622146261809,-0.0996619496613945,-0.0333542008600646,-0.06611119799113646,0.001244349147362598,-6.681756838433238e-05,0.001665212978310488
6439.98914467,TRIAD,0.9925028687168218,-0.09937617339980474,-0.027449439059169974,-0.065642669389874,0.0012320645013266399,-9.481883980605514e-05,0.0016689688993227975
6439.992921026,IMU,0.9925014706006661,-0.0993820372185507,-0.027449940402031425,-0.06565472036137962,0.0012320645013266399,-9.481883980605514e-05,0.0016689688993227975
6440.000142637,IMU,0.9924990766416765,-0.09939202386585816,-0.027452616873009913,-0.06567467003413015,0.0012320645013266399,-9.481883980605514e-05,0.0016689688993227975
6440.004219688,TRIAD,0.9925787420963824,-0.09955186206264287,-0.02460162990523558,-0.06535768741494348,0.001231579927522397,-0.00010800540302999946,0.0016677853906153322
6440.008142637,IMU,0.9925774526363573,-0.09955783654569245,-0.02460268998616157,-0.06536776993064507,0.001231579927522397,-0.00010800540302999946,0.0016677853906153322
6440.016584546001,IMU,0.9925756896399395,-0.09956714518548258,-0.02460589531069135,-0.06537915456298715,0.001231579927522397,-0.00010800540302999946,0.0016677853906153322
6440.020870874,TRIAD,0.9852466870061549,-0.1408537203803098,-0.06647412831951588,-0.07092521034570082,0.002095721210423545,9.515226163922477e-05,0.0017853449131409022
6440.024584546,IMU,0.9852465726787194,-0.14085524822343842,-0.06647302869689801,-0.07092479487888474,0.002095721210423545,9.515226163922477e-05,0.0017853449131409022
6440.035671207,TRIAD,0.9673603140783624,-0.1134670259642206,-0.22347557690490255,0.03738881239178384,0.0020216404165351227,0.0005616242308904331,-0.0014622871376364153
6440.038593729,IMU,0.9673599206869289,-0.1134674701915747,-0.22347578899345524,0.037396374030852914,0.0020216404165351227,0.0005616242308904331,-0.0014622871376364153
6440.045848266001,IMU,0.9673576621882185,-0.1134708201614474,-0.2234803209277272,0.03741754315388765,0.0020216404165351227,0.0005616242308904331,-0.0014622871376364153
6440.049988502,TRIAD,0.9920655262566699,-0.10038567258679824,-0.037777813732038465,-0.06558616578212532,0.0015133124123064535,-0.000174856976561048,0.002622947148346179
6440.053848266,IMU,0.9920650689640832,-0.1003920694957977,-0.037779155355869266,-0.0655825185871748,0.0015133124123064535,-0.000174856976561048,0.002622947148346179
6440.060299468,IMU,0.9920638997574024,-0.10040158816025552,-0.0377818043514662,-0.06558410747262297,0.0015133124123064535,-0.000174856976561048,0.002622947148346179
6440.064495982,TRIAD,0.9926658394580911,-0.09932547404265661,-0.032538590840033695,-0.06074719322989286,0.001492328626551722,-0.00019905812258753252,0.0024723770049230186
6440.068299468,IMU,0.9926654655851966,-0.09932485810790989,-0.032541257390482387,-0.06075288111534067,0.001492328626551722,-0.00019905812258753252,0.0024723770049230186
6440.075341393001,IMU,0.9926645368994919,-0.09932110140407456,-0.0325466632650776,-0.060771298392485525,0.001492328626551722,-0.00019905812258753252,0.0024723770049230186
6440.07955663,TRIAD,0.9477415587171715,-0.12421188486980167,-0.28789731506383703,0.05892776524246691,0.0023352214912171587,0.0009051096006232554,-0.0027156411080241113
6440.083341393,IMU,0.9477409554726274,-0.12421128401337725,-0.2878996612659018,0.05892727116165057,0.0023352214912171587,0.0009051096006232554,-0.0027156411080241113
6440.090796486,IMU,0.9477381304833704,-0.12422378451537398,-0.28790327105483515,0.058928718843109615,0.0023352214912171587,0.0009051096006232554,-0.0027156411080241113
6440.095267185,TRIAD,0.9921689225402041,-0.10071600630257614,-0.03750203083281683,-0.06364521115751477,0.0014664460972056588,-0.00021444720794214093,0.002753157986685712
6440.098796486,IMU,0.9921678496035957,-0.10072354706021733,-0.03750043053705432,-0.06365094649822811,0.0014664460972056588,-0.00021444720794214093,0.002753157986685712
6440.105275874,IMU,0.9921666606440672,-0.10073410920559722,-0.03749581896598201,-0.06365548137454903,0.0014664460972056588,-0.00021444720794214093,0.002753157986685712
6440.109466962,TRIAD,0.9857055902309156,-0.10909968567815256,-0.12757874606686342,-0.014332184915683666,0.0017287649019169008,0.00013858797935387986,0.0008269059646711838
6440.113275874,IMU,0.9857055702434212,-0.10910443860568858,-0.1275752979342559,-0.014328071210580303,0.0017287649019169008,0.00013858797935387986,0.0008269059646711838
6440.1208864850005,IMU,0.9857057100804563,-0.10910730292609702,-0.12757266647200513,-0.014320067464898278,0.0017287649019169008,0.00013858797935387986,0.0008269059646711838
6440.125077573,TRIAD,0.9800277134368333,-0.13279003804078018,-0.14666938666465887,-0.020014437496801252,0.002151698800412979,0.0002324736714783385,0.0010808381120874862
6440.128886485,IMU,0.9800271743511318,-0.13279241918113263,-0.14667073823961915,-0.02001513141610552,0.002151698800412979,0.0002324736714783385,0.0010808381120874862
6440.139478442,TRIAD,0.9972925420517762,-0.042451764178952515,-0.05998917103149226,-0.00259473408180734,0.0010469896361763732,-5.813358920771808e-05,0.0005900361233211702
6440.142330038,IMU,0.9972924042190255,-0.0424517086371511,-0.05999139575642178,-0.0025971823229588046,0.0010469896361763732,-5.813358920771808e-05,0.0005900361233211702
6440.149233704,IMU,0.9972919333717022,-0.04245676966583733,-0.059995147607177994,-0.0026085637556514493,0.0010469896361763732,-5.813358920771808e-05,0.0005900361233211702
6440.153654126,TRIAD,0.9927785905403855,-0.09741959054613682,-0.026635460314049536,-0.0647351975074397,0.0018333453063418138,-0.00018133378507925082,0.0027732533927017455
6440.157233704,IMU,0.9927776789842396,-0.09742211409989851,-0.026637451158686883,-0.06474455954550128,0.0018333453063418138,-0.00018133378507925082,0.0027732533927017455
6440.164774982,IMU,0.9927759005779717,-0.09742774177486706,-0.02663797484286544,-0.06476314276282391,0.0018333453063418138,-0.00018133378507925082,0.0027732533927017455
6440.169139977,TRIAD,0.9920680742441793,-0.0998401148842503,-0.014091624835860864,-0.07506206521826225,0.0018574555109743022,-0.00023473974316851976,0.003203965355735316
6440.172774982,IMU,0.9920669231933869,-0.09984419531933388,-0.014092236288957408,-0.07507173531374951,0.0018574555109743022,-0.00023473974316851976,0.003203965355735316
6440.179042999001,IMU,0.9920652425353995,-0.0998535288379887,-0.01408870741409271,-0.07508219266364048,0.0018574555109743022,-0.00023473974316851976,0.003203965355735316
6440.183244587,TRIAD,0.9848126303072291,-0.11499308564597298,-0.1291563433054557,-0.015469726078319923,0.0022536646049749354,0.00021063838215405729,0.0008787088005351128
6440.187042999,IMU,0.984812532958828,-0.11499775941576544,-0.12915359607287888,-0.015464115817436494,0.0022536646049749354,0.00021063838215405729,0.0008787088005351128
6440.194449850001,IMU,0.984811924157581,-0.1150092543067128,-0.1291492294099794,-0.015453866948613166,0.0022536646049749354,0.00021063838215405729,0.0008787088005351128
6440.198639864,TRIAD,0.9923177867184987,-0.09980872102507808,-0.03160534890396986,-0.06591457570292603,0.0018318662163356743,-0.00021297409973251066,0.0030916547853669907
6440.20244985,IMU,0.9923178354971879,-0.09981042370079118,-0.03160175582982575,-0.06591298584737817,0.0018318662163356743,-0.00021297409973251066,0.0030916547853669907
6440.208688127001,IMU,0.9923165396837597,-0.09981720586292878,-0.031595786008834795,-0.06592508468141185,0.0018318662163356743,-0.00021297409973251066,0.0030916547853669907
6440.21288127,TRIAD,0.9926139635474331,-0.09921094321473749,-0.03413210469309652,-0.060907368571599056,0.0018270118847676187,-0.00020437136381560214,0.0029142415939623773
6440.216688127,IMU,0.9926127558660873,-0.09921557250114782,-0.034131754538673086,-0.060919704507757653,0.0018270118847676187,-0.00020437136381560214,0.0029142415939623773
6440.227725492,TRIAD,0.9854463972709678,-0.11339310215310597,-0.12576449041039597,-0.01485582180758384,0.0020941065934442283,7.494503364500769e-05,0.0015370589085456944
6440.23039418,IMU,0.9854457841040938,-0.11339536402524177,-0.12576599642554406,-0.014866477462429532,0.0020941065934442283,7.494503364500769e-05,0.0015370589085456944
6440.237861124,IMU,0.9854444285172604,-0.113398939259948,-0.12577008531317857,-0.014894445922042225,0.0020941065934442283,7.494503364500769e-05,0.0015370589085456944
6440.242347491,TRIAD,0.9838186688691639,-0.14726115216257124,-0.06702504715895066,-0.07695857912928755,0.002490657473106345,-0.00013935084747323297,0.003987587365127268
6440.245861124,IMU,0.9838171701775152,-0.1472622902909025,-0.0670272456031354,-0.0769736439896206,0.002490657473106345,-0.00013935084747323297,0.003987587365127268
6440.251581511,IMU,0.9838150279686266,-0.14726486691553584,-0.06703318876702921,-0.07699091712120161,0.002490657473106345,-0.00013935084747323297,0.003987587365127268
6440.256089322,TRIAD,0.9930593947894351,-0.09547994501381972,-0.021861406626995594,-0.06510527951624276,0.0016875663832375723,-0.000304751653958934,0.003702155289723157
6440.259581511,IMU,0.9930586192815877,-0.09548386392412546,-0.021862462023538323,-0.06511100640394965,0.0016875663832375723,-0.000304751653958934,0.003702155289723157
6440.267065178,IMU,0.9930567343314218,-0.09549423140040963,-0.0218646414682406,-0.0651238176224514,0.0016875663832375723,-0.000304751653958934,0.003702155289723157
6440.27098508,TRIAD,0.9665784992417602,-0.11312414399401566,-0.22713810257165656,0.03656795331045269,0.002308215801404521,0.0005824124851584823,-0.000689967062518108
6440.275065178,IMU,0.9665775400956639,-0.11313204112165247,-0.2271379589811111,0.03656976680482359,0.002308215801404521,0.0005824124851584823,-0.000689967062518108
6440.2812992320005,IMU,0.9665754198452843,-0.11314352725984154,-0.22713992485733955,0.03657806071835953,0.002308215801404521,0.0005824124851584823,-0.000689967062518108
6440.285529449,TRIAD,0.9929634461008613,-0.09556963307608309,-0.0359886636935599,-0.05995711823258902,0.001735236683655108,-0.00020069752516576743,0.003203861529724478
6440.289299232,IMU,0.9929632554699295,-0.09557078769570376,-0.035989214434432315,-0.05995810429103755,0.001735236683655108,-0.00020069752516576743,0.003203861529724478
6440.29614436,IMU,0.9929630731906086,-0.09557254085082252,-0.03599047668950927,-0.05995757085507879,0.001735236683655108,-0.00020069752516576743,0.003203861529724478
6440.300292374,TRIAD,0.9924804955207978,-0.09850156480829729,-0.020810828582454154,-0.0696190861389347,0.0017636287907506656,-0.0002638799841253526,0.0036009520102438194
6440.30414436,IMU,0.9924802520963413,-0.09850104069289525,-0.020812679250217132,-0.06962274458556843,0.0017636287907506656,-0.0002638799841253526,0.0036009520102438194
6440.312066527,IMU,0.9924793942541758,-0.09850409043964428,-0.02081509194755417,-0.06962993677102983,0.0017636287907506656,-0.0002638799841253526,0.0036009520102438194
6440.316304652,TRIAD,0.9851674114079502,-0.11498010370680903,-0.12647813911037245,-0.015100582058567279,0.002238601622540012,0.0002183037202458587,0.0010867691903615482
6440.320066527,IMU,0.9851667961378859,-0.11498226205376393,-0.1264805427348392,-0.015104155385625363,0.002238601622540012,0.0002183037202458587,0.0010867691903615482
6440.330490447,TRIAD,0.985935794436301,-0.10686677559451851,-0.1277512634346452,-0.013773750910434254,0.002143016818861878,0.00022197829775782483,0.0010239430715168183
6440.333107598,IMU,0.9859352147771575,-0.10686772972767894,-0.12775432087327399,-0.013779481244974965,0.002143016818861878,0.00022197829775782483,0.0010239430715168183
6440.339933634,IMU,0.985933991934081,-0.10687069354585048,-0.12775892183120274,-0.013801315244751564,0.002143016818861878,0.00022197829775782483,0.0010239430715168183
6440.344098093,TRIAD,0.9925728394139604,-0.09880823849410833,-0.02868011105348937,-0.06491179933848376,0.0018967850555209674,-0.00014192606079591006,0.0029184531200916637
6440.347933634,IMU,0.9925713101336763,-0.09881379191966286,-0.02868004626855569,-0.06492675698052768,0.0018967850555209674,-0.00014192606079591006,0.0029184531200916637
6440.356557376001,IMU,0.9925673309311023,-0.09883730534653482,-0.028677826968734697,-0.06495277423247502,0.0018967850555209674,-0.00014192606079591006,0.0029184531200916637
6440.361061409,TRIAD,0.9920119000742719,-0.1023112896501313,-0.025203065555347553,-0.06935124806211267,0.001958407913206004,-0.00015848659380162967,0.0031202939827772087
6440.364557376,IMU,0.9920109896261372,-0.10231744224020307,-0.02520221136816443,-0.0693555045872279,0.001958407913206004,-0.00015848659380162967,0.0031202939827772087
6440.371373394,IMU,0.99201115071505,-0.10232151211376093,-0.025202624812821928,-0.06934704549077834,0.001958407913206004,-0.00015848659380162967,0.0031202939827772087
6440.375528389,TRIAD,0.9925797025976324,-0.09961747579344173,-0.024359784238353593,-0.06533370814211951,0.0019143845669663472,-0.000163132585815917,0.0029822826490919106
6440.379373394,IMU,0.9925797525766878,-0.09961928888290544,-0.024358679587015954,-0.06533059609434488,0.0019143845669663472,-0.000163132585815917,0.0029822826490919106
6440.386989246,IMU,0.9925789870539182,-0.09962494943989643,-0.02436124675752198,-0.06533263782011858,0.0019143845669663472,-0.000163132585815917,0.0029822826490919106
6440.391494186,TRIAD,0.9927183827781285,-0.09849406500110566,-0.02496000356372436,-0.06470030816027152,0.0018948742263952651,-0.00016027151006292419,0.002954549414500904
6440.394989246,IMU,0.992717469249796,-0.09849771269862823,-0.024963138292602226,-0.06470756189197067,0.0018948742263952651,-0.00016027151006292419,0.002954549414500904
6440.401593059,IMU,0.9927150662294165,-0.09850670912049601,-0.024970879034609213,-0.06472774319883423,0.0018948742263952651,-0.00016027151006292419,0.002954549414500904
6440.405757166,TRIAD,0.9925696205218602,-0.09950382496465443,-0.025041944478604583,-0.06540212726834299,0.0019107025339652208,-0.00015994999842371756,0.002978068404069256
6440.409593059,IMU,0.9925680722833272,-0.09951021247440556,-0.025044669049941137,-0.06541486107328706,0.0019107025339652208,-0.00015994999842371756,0.002978068404069256
6440.417177615001,IMU,0.9925664056997693,-0.09951110585048314,-0.0250534561927968,-0.06543542176414073,0.0019107025339652208,-0.00015994999842371756,0.002978068404069256
6440.421669203,TRIAD,0.9925361672527353,-0.0994414159498599,-0.026265880943711874,-0.06552453729243887,0.001910899524008618,-0.00015418628223277275,0.0029768486387629143
6440.425177615,IMU,0.9925359865861734,-0.09943974333524759,-0.02626772537270817,-0.06552907278892207,0.001910899524008618,-0.00015418628223277275,0.0029768486387629143
6440.435804146,TRIAD,0.9927045348094669,-0.09935827880234528,-0.03143731061930721,-0.06064102986576434,0.0019150784379190107,-0.00013996161456050144,0.0028506735614146988
6440.438421704,IMU,0.992704423486837,-0.09936006240225079,-0.031437359726870784,-0.060639904374024604,0.0019150784379190107,-0.00013996161456050144,0.0028506735614146988
6440.4455352410005,IMU,0.9927031019891037,-0.0993769551489234,-0.03143284147595214,-0.06063619845676149,0.0019150784379190107,-0.00013996161456050144,0.0028506735614146988
6440.44978844,TRIAD,0.992611151469005,-0.09824321539458661,-0.028895858118424794,-0.06508764853571543,0.0018935569205594353,-0.0001480064487901358,0.0030015307995006893
6440.453535241,IMU,0.9926101347373152,-0.09825246236217017,-0.02889431195169737,-0.06508988241944573,0.0018935569205594353,-0.0001480064487901358,0.0030015307995006893
6440.460943055,IMU,0.9926086268069694,-0.09826329730597448,-0.028892076215719306,-0.0650975139531876,0.0018935569205594353,-0.0001480064487901358,0.0030015307995006893
6440.46481005,TRIAD,0.9992569894385287,-0.023802703859733335,-0.030303412342117298,-0.0007768832845436031,0.000618255806298791,-0.00014922357212046787,0.0005175548427918853
6440.468943055,IMU,0.9992571401994681,-0.023798849595566593,-0.030301407458010167,-0.0007792460278998397,0.000618255806298791,-0.00014922357212046787,0.0005175548427918853
6440.476289777001,IMU,0.9992572071580798,-0.02380056346873516,-0.030297534074492805,-0.0007915492469545872,0.000618255806298791,-0.00014922357212046787,0.0005175548427918853
6440.480442995,TRIAD,0.9928615139630071,-0.09701316296160344,-0.025251615207035297,-0.06462829281906424,0.001910516586587055,-0.0001654152389442111,0.0030566603086422564
6440.484289777,IMU,0.9928593089373555,-0.09702363779563823,-0.0252524558923459,-0.064646112309581,0.001910516586587055,-0.0001654152389442111,0.0030566603086422564
6440.49114085,IMU,0.9928567259026575,-0.09702951067295748,-0.025252878146351482,-0.06467679671835405,0.001910516586587055,-0.0001654152389442111,0.0030566603086422564
6440.495358698,TRIAD,0.9923562871619683,-0.09965388524386361,-0.01921411004887168,-0.07020627080927914,0.0019463593234425403,-0.00019050048131940292,0.003277203270383466
6440.49914085,IMU,0.9923550907427172,-0.09965556207808095,-0.019213954444651474,-0.07022084290660596,0.0019463593234425403,-0.00019050048131940292,0.003277203270383466
6440.506161553,IMU,0.9923538707718002,-0.09966180985015327,-0.019211650844332212,-0.07022984617278226,0.0019463593234425403,-0.00019050048131940292,0.003277203270383466
6440.510299808,TRIAD,0.9864519238703612,-0.10788173208454555,-0.12282648835613906,-0.013703559136258453,0.0022381563085325375,0.00024539855672573254,0.0008971501537885945
6440.514161553,IMU,0.9864512220215661,-0.10788827322221894,-0.12282706267196766,-0.01369743584265114,0.0022381563085325375,0.00024539855672573254,0.0008971501537885945
6440.522808647001,IMU,0.9864508099114582,-0.10789466939296245,-0.12282716086989794,-0.013675836144514378,0.0022381563085325375,0.00024539855672573254,0.0008971501537885945
6440.527275643,TRIAD,0.9921798847182906,-0.09989512193668992,-0.0248289591910892,-0.07059436067520442,0.0019065014773699685,-0.00022751808716827706,0.003643796713429219
6440.530808647,IMU,0.9921801345275114,-0.09989435543077425,-0.02483036365160795,-0.0705914402953263,0.0019065014773699685,-0.00022751808716827706,0.003643796713429219
6440.538473721001,IMU,0.9921803748665512,-0.09989335194362128,-0.024830200340892693,-0.07058953972203755,0.0019065014773699685,-0.00022751808716827706,0.003643796713429219
6440.542461272,TRIAD,0.9933283160876317,-0.09437600531991597,-0.027700835466082915,-0.06020539670865202,0.0018158622220295958,-0.00021734866692188316,0.003239973983697176
6440.546473721,IMU,0.9933277045455431,-0.09437779196714996,-0.027702147266874415,-0.06021208186478884,0.0018158622220295958,-0.00021734866692188316,0.003239973983697176
6440.554159166,IMU,0.9933249849817226,-0.09439256060147966,-0.027702689742398964,-0.06023354294073288,0.0018158622220295958,-0.00021734866692188316,0.003239973983697176
6440.558630162,TRIAD,0.992660539845894,-0.0982390409170129,-0.027486000611203022,-0.06495123742443211,0.0018847042566032485,-0.00021726754224191502,0.0034293454810718034
6440.562159166,IMU,0.9926596056118653,-0.09824096657522828,-0.02748624809707041,-0.06496249716880775,0.0018847042566032485,-0.00021726754224191502,0.0034293454810718034
6440.568523386,IMU,0.992658710530603,-0.09823819653869596,-0.027486857626141337,-0.06498010315770139,0.0018847042566032485,-0.00021726754224191502,0.0034293454810718034
6440.572749734,TRIAD,0.9861998152461575,-0.10780038839454212,-0.12488380942272446,-0.013893696934204544,0.0021644554592996188,0.00016188916138389376,0.001458774921801454
6440.576523386,IMU,0.9861996179532397,-0.10780297103404585,-0.12488278058933962,-0.013896909634579777,0.0021644554592996188,0.00016188916138389376,0.001458774921801454
6440.584192461,IMU,0.9861971758828781,-0.10781997748536377,-0.12488709145689707,-0.013899536795441621,0.0021644554592996188,0.00016188916138389376,0.001458774921801454
6440.588372493,TRIAD,0.9923565315380835,-0.09969505034601417,-0.030899355111475083,-0.06583799134166642,0.0018678698569930176,-0.00025469062172064503,0.0037621582248464984
6440.592192461,IMU,0.9923553879547362,-0.09970273321815616,-0.030900767698509298,-0.06584293084057719,0.0018678698569930176,-0.00025469062172064503,0.0037621582248464984
6440.602765306,TRIAD,0.9854310643293491,-0.11343214839570684,-0.12584484552949934,-0.014894294837859286,0.00213948213542427,3.782858116511219e-05,0.002251897644356736
6440.605620088,IMU,0.985430542745239,-0.11343404855644793,-0.12584673890673012,-0.014898334116890484,0.00213948213542427,3.782858116511219e-05,0.002251897644356736
6440.612456790001,IMU,0.9854306883897422,-0.11342884710150984,-0.12584898122064714,-0.014909357822063554,0.00213948213542427,3.782858116511219e-05,0.002251897644356736
6440.616871601,TRIAD,0.9917597709985235,-0.10349438985518303,-0.036960216137437545,-0.0658438328207994,0.0018616212526666191,-0.0002930616299450071,0.004159043307141663
6440.62045679,IMU,0.9917594500678709,-0.10349348890999166,-0.03696233613314989,-0.06584889263982782,0.0018616212526666191,-0.0002930616299450071,0.004159043307141663
6440.62798842,IMU,0.9917569238899083,-0.10350723857227398,-0.0369641575581748,-0.06586430395581118,0.0018616212526666191,-0.0002930616299450071,0.004159043307141663
6440.632466156,TRIAD,0.985002996227637,-0.1150294490798487,-0.1277012670713445,-0.015156175485182347,0.0022110400320180137,9.529362701844892e-05,0.001976019027306629
6440.63598842,IMU,0.9850021410856201,-0.11503399865471715,-0.12770293414152337,-0.01516317321329979,0.0022110400320180137,9.529362701844892e-05,0.001976019027306629
6440.641957177,IMU,0.9850012210767034,-0.11503572342939951,-0.12770669254685288,-0.015178191302708248,0.0022110400320180137,9.529362701844892e-05,0.001976019027306629
6440.646393451,TRIAD,0.9930282681991139,-0.09507621750890292,-0.02462178026144623,-0.06518542289826322,0.0017824290980408138,-0.00028934929986546395,0.003828915496751171
6440.649957177,IMU,0.9930273529024208,-0.09507710142300144,-0.02462297305149297,-0.06519762549906771,0.0017824290980408138,-0.00028934929986546395,0.003828915496751171
6440.6578473810005,IMU,0.9930256417005073,-0.09507855850641418,-0.02462425447785776,-0.0652210758041284,0.0017824290980408138,-0.00028934929986546395,0.003828915496751171
6440.661816932,TRIAD,0.9931793301551148,-0.09448515589706785,-0.021065858818252764,-0.06498925341926778,0.0017675065427295413,-0.0003060210773355295,0.003832101584416589
6440.665847381,IMU,0.9931783340421931,-0.09449113115180527,-0.021066144698390875,-0.06499569578343355,0.0017675065427295413,-0.0003060210773355295,0.003832101584416589
6440.672089379,IMU,0.9931766990728882,-0.0945042164993962,-0.02106636427515582,-0.06500158289413856,0.0017675065427295413,-0.0003060210773355295,0.003832101584416589
6440.676307597,TRIAD,0.9976652189311357,-0.04050106448503435,-0.05494498377274939,-0.0021962397138279993,0.0009477753744315464,-0.00017218033106517405,0.001535918931745831
6440.680089379,IMU,0.997665157922589,-0.04050255552944366,-0.054945024857526815,-0.0021954284970748437,0.0009477753744315464,-0.00017218033106517405,0.001535918931745831
6440.687912917,IMU,0.9976652499839466,-0.04049891165297507,-0.054946143522403165,-0.0021928158630564218,0.0009477753744315464,-0.00017218033106517405,0.001535918931745831
6440.691807356,TRIAD,0.9924797231649691,-0.09803753527752339,-0.031928131517980886,-0.06597905122738,0.0019342809959755692,-0.00026954261578307845,0.004157563171204434
6440.695912917,IMU,0.9924792511143282,-0.09803733801119517,-0.031928718369065655,-0.06598616071972832,0.0019342809959755692,-0.00026954261578307845,0.004157563171204434
6440.706974411,TRIAD,0.9865730443861684,-0.10770633941817477,-0.12201033741900787,-0.013654673289549623,0.0021679820240964633,2.6480705179275383e-05,0.0025113107770351624
6440.709609859,IMU,0.9865725367432067,-0.10770939506276148,-0.12201150256805679,-0.013656837129196867,0.0021679820240964633,2.6480705179275383e-05,0.0025113107770351624
6440.715971413,IMU,0.9865711514729564,-0.10771817893242612,-0.12201410202858319,-0.013664403205608579,0.0021679820240964633,2.6480705179275383e-05,0.0025113107770351624
6440.720479483,TRIAD,0.9847271084814908,-0.11364903522986028,-0.13102224855722083,-0.015152194428998709,0.0022526898253192175,6.0818481333633066e-05,0.0025486452904507914
6440.723971413,IMU,0.9847266397273383,-0.11365363342726549,-0.13102101151706075,-0.015158864110870567,0.0022526898253192175,6.0818481333633066e-05,0.0025486452904507914
6440.73179108,IMU,0.9847258906479218,-0.11365876202165084,-0.13101914528965322,-0.015185179318391268,0.0022526898253192175,6.0818481333633066e-05,0.0025486452904507914
6440.73626715,TRIAD,0.9844662676677445,-0.1151231761041407,-0.13166450025658952,-0.01540394495635346,0.0022784457753391566,6.395630718115911e-05,0.0025613675191503106
6440.73979108,IMU,0.9844660206072942,-0.11512579879181452,-0.13166270068097433,-0.015415510746567074,0.0022784457753391566,6.395630718115911e-05,0.0025613675191503106
6440.745541633,IMU,0.9844652699985239,-0.11513017038586731,-0.13166235977039809,-0.015433698628158786,0.0022784457753391566,6.395630718115911e-05,0.0025613675191503106
6440.750048314,TRIAD,0.9855292687768333,-0.11066472616393848,-0.12759577117313997,-0.014307268991402687,0.002213507054814732,4.7592458997247966e-05,0.0025229271643790875
6440.753541633,IMU,0.9855284905522069,-0.11066963027055272,-0.1275966788002751,-0.014314845608918061,0.002213507054814732,4.7592458997247966e-05,0.0025229271643790875
6440.761160559,IMU,0.9855278159976385,-0.11067134783963765,-0.12760001997482984,-0.014318224914628383,0.002213507054814732,4.7592458997247966e-05,0.0025229271643790875
6440.765409518,TRIAD,0.9844535967657068,-0.11506697770280819,-0.131805496951236,-0.015427813547046866,0.002289661270988446,6.754119583441922e-05,0.0025674628434047934
6440.769160559,IMU,0.9844534240090984,-0.11506854939520275,-0.13180595523185168,-0.015423198833748106,0.002289661270988446,6.754119583441922e-05,0.0025674628434047934
6440.779623238,TRIAD,0.9856452116849663,-0.10941672761091015,-0.12779542758649443,-0.014135950247610149,0.002222518397627758,5.405929744519304e-05,0.0025282736261675143
6440.782239371,IMU,0.9856451235172573,-0.10941627966586243,-0.12779710651679202,-0.01413038558101202,0.002222518397627758,5.405929744519304e-05,0.0025282736261675143
6440.790153371,IMU,0.9856441135667904,-0.10942726008746526,-0.12779615947935424,-0.01412436771023155,0.002222518397627758,5.405929744519304e-05,0.0025282736261675143
6440.793996551,TRIAD,0.992291363335715,-0.09961141936761986,-0.03280034947519689,-0.06602690705478595,0.001919067081086212,-0.00033127630643816594,0.00464150990573391
6440.798153371,IMU,0.992290109453232,-0.09961713100935883,-0.03280069329281139,-0.0660369624548856,0.001919067081086212,-0.00033127630643816594,0.00464150990573391
6440.805033055,IMU,0.9922869283367267,-0.09962584631871697,-0.032800768998323605,-0.06607156839716878,0.001919067081086212,-0.00033127630643816594,0.00464150990573391
6440.809221625,TRIAD,0.9851800273523408,-0.11358779720580052,-0.12764565577868653,-0.014990416698814471,0.0023101493842219885,7.430088026136761e-05,0.0024634897488640824
6440.813033055,IMU,0.9851788110905729,-0.11359283886602885,-0.1276479864513836,-0.015012284683850798,0.0023101493842219885,7.430088026136761e-05,0.0024634897488640824
6440.819982332,IMU,0.9851767762234819,-0.11360347780558969,-0.12765042272703123,-0.01504456705899773,0.0023101493842219885,7.430088026136761e-05,0.0024634897488640824
6440.824143698,TRIAD,0.9923656636708589,-0.09987240720697124,-0.030170790944945763,-0.06576940945102887,0.0019320238926611847,-0.0003343186078536845,0.004586109685427217
6440.827982332,IMU,0.9923642912822117,-0.09987626577080942,-0.03016801908065652,-0.06578552689141948,0.0019320238926611847,-0.0003343186078536845,0.004586109685427217
6440.83666976,IMU,0.9923619261293503,-0.09988524427798899,-0.030166771860517205,-0.06580814098489535,0.0019320238926611847,-0.0003343186078536845,0.004586109685427217
6440.841169589,TRIAD,0.9843223124842364,-0.1453858657142208,-0.05292969736867073,-0.08468165286927783,0.0028535585315411557,-0.0002216814770110182,0.005350998078356966
6440.84466976,IMU,0.9843211480502725,-0.14539097147204244,-0.052928353450592866,-0.08468726183091749,0.0028535585315411557,-0.0002216814770110182,0.005350998078356966
6440.850448646001,IMU,0.9843197144362734,-0.14539934415463235,-0.0529225434664002,-0.08469318086211602,0.0028535585315411557,-0.0002216814770110182,0.005350998078356966
6440.854918549,TRIAD,0.9848696477680292,-0.11445358587341023,-0.1292534242784074,-0.015023511517023427,0.0025536249986307428,4.3416061274253906e-05,0.0028358937175087975
6440.858448646,IMU,0.9848692195367492,-0.11445792690334593,-0.12925318449320153,-0.015020575103154585,0.0025536249986307428,4.3416061274253906e-05,0.0028358937175087975
6440.866335924,IMU,0.9848687824060011,-0.11445982818048633,-0.12925474847471438,-0.015021290615417434,0.0025536249986307428,4.3416061274253906e-05,0.0028358937175087975
6440.870481327,TRIAD,0.9928301746465085,-0.09540368038246512,-0.017464122630796615,-0.06986691993783942,0.0020433538899511617,-0.0004511135602848263,0.005279608825969484
6440.874335924,IMU,0.992829643769315,-0.09540315297163757,-0.017466750188606217,-0.06987452678776469,0.0020433538899511617,-0.0004511135602848263,0.005279608825969484
6440.881035849,IMU,0.9928279849644797,-0.09540914681774022,-0.017468730475884552,-0.06988941572543589,0.0020433538899511617,-0.0004511135602848263,0.005279608825969484
6440.884864066,TRIAD,0.9933035029874924,-0.09421865912682006,-0.02885658179563473,-0.06031826350445496,0.0020389660835419495,-0.0004050054016590928,0.004906279068714766
6440.889035849,IMU,0.9933022960351346,-0.09422365845474236,-0.028858843851413657,-0.0603292467240707,0.0020389660835419495,-0.0004050054016590928,0.004906279068714766
6440.896477738001,IMU,0.9933001436915657,-0.09423140051448638,-0.028861202705027858,-0.06035145961625636,0.0020389660835419495,-0.0004050054016590928,0.004906279068714766
6440.900682344,TRIAD,0.9925252862409267,-0.0993025658739736,-0.027006050032216865,-0.06559900795643966,0.002127297403661904,-0.00041286308323405823,0.005121594041186112
6440.904477738,IMU,0.9925238114499463,-0.0993067872224139,-0.027006909649950547,-0.06561457572516416,0.002127297403661904,-0.00041286308323405823,0.005121594041186112
6440.915347343,TRIAD,0.9868890256849812,-0.1078041711156638,-0.11937250932221931,-0.01336097641380158,0.0023278719042269013,-0.00012942733169661456,0.003593868246191439
6440.917942717,IMU,0.9868881920102462,-0.10780814602999468,-0.11937482808318844,-0.01336976216812292,0.0023278719042269013,-0.00012942733169661456,0.003593868246191439
6440.924155048,IMU,0.9868873133310418,-0.10780926689809688,-0.11937862532317753,-0.013391660579680395,0.0023278719042269013,-0.00012942733169661456,0.003593868246191439
6440.928626081,TRIAD,0.9847572387787208,-0.11365329552874799,-0.1307949107193257,-0.015126150147614523,0.0024099646058485347,-8.698085474137414e-05,0.003629184336143517
6440.932155048,IMU,0.9847566603154221,-0.1136534668731262,-0.13079768367178157,-0.015138539501296403,0.0024099646058485347,-8.698085474137414e-05,0.003629184336143517
6440.940211993,IMU,0.9847554114327145,-0.11365686041019966,-0.1308016034008367,-0.015160418313881067,0.0024099646058485347,-8.698085474137414e-05,0.003629184336143517
6440.944422063,TRIAD,0.9930003944419784,-0.09498414972530994,-0.025796777727668856,-0.0652897710051483,0.0019107422021985548,-0.0005582366606890706,0.00589414589439664
6440.948211993,IMU,0.9929991347553107,-0.094990523288321,-0.02579539693845827,-0.06530020181747509,0.0019107422021985548,-0.0005582366606890706,0.00589414589439664
6440.954497658,IMU,0.9929974022817305,-0.09500265589903749,-0.02579393228865597,-0.06530947474105445,0.0019107422021985548,-0.0005582366606890706,0.00589414589439664
6440.958716561,TRIAD,0.992589123959011,-0.09905759802832595,-0.03510392851489825,-0.06100932284465004,0.0019866960353154828,-0.0005220614085015977,0.005726066810667231
6440.962497658,IMU,0.9925883270111244,-0.09906286736836903,-0.035104418135022096,-0.06101345111871464,0.0019866960353154828,-0.0005220614085015977,0.005726066810667231
6440.969578324,IMU,0.9925868422031525,-0.09907018746012324,-0.03510496307389267,-0.06102540626141335,0.0019866960353154828,-0.0005220614085015977,0.005726066810667231
6440.973600375,TRIAD,0.9925682959937192,-0.09814811966702955,-0.030334380646923464,-0.06522997581418191,0.0019636482719975123,-0.0005412672397638752,0.005892473002869539
6440.977578324,IMU,0.992567064167244,-0.0981519530143645,-0.030337512498347867,-0.06524149435211254,0.0019636482719975123,-0.0005412672397638752,0.005892473002869539
6440.985788492,IMU,0.9925642877157257,-0.09816084834940034,-0.030343576874183584,-0.0652675259618502,0.0019636482719975123,-0.0005412672397638752,0.005892473002869539
6440.990038709,TRIAD,0.9833803629125156,-0.11919901227536614,-0.13590858881793624,-0.016837838226550467,0.0025410737107730455,-4.072148324560094e-05,0.0035734327381094447
6440.993788492,IMU,0.9833788514423228,-0.11920370015640984,-0.13591429638340932,-0.016846852631915096,0.0025410737107730455,-4.072148324560094e-05,0.0035734327381094447
6441.001570492001,IMU,0.9833777616789572,-0.11920012122792221,-0.13592271396806946,-0.016867861811359127,0.0025410737107730455,-4.072148324560094e-05,0.0035734327381094447
6441.005694376,TRIAD,0.9854095376976464,-0.1093660542491487,-0.12962033174258514,-0.014341505898105122,0.0023656094844833413,-7.24938466772467e-05,0.0034546435019453324
6441.009570492,IMU,0.9854088825760272,-0.10936758769282552,-0.1296230481029147,-0.014350271879902959,0.0023656094844833413,-7.24938466772467e-05,0.0034546435019453324
6441.01639162,IMU,0.9854072346884342,-0.10937102172894297,-0.12963120508854264,-0.014363568392036726,0.0023656094844833413,-7.24938466772467e-05,0.0034546435019453324
6441.020155745,TRIAD,0.9667512882526093,-0.11408675527723071,-0.22641178422800579,0.03337458456557531,0.0026061747498217864,0.00034127212381192685,0.0014365330322255753
6441.02439162,IMU,0.9667497403552987,-0.11409069472509305,-0.22641722020827143,0.033369076901638,0.0026061747498217864,0.00034127212381192685,0.0014365330322255753
6441.032284306,IMU,0.966747069150969,-0.11409834034909144,-0.22642646992528276,0.033357558885050646,0.0026061747498217864,0.00034127212381192685,0.0014365330322255753
6441.036304801,TRIAD,0.9920059630118909,-0.10163960141899123,-0.03511466559778005,-0.0660342413615514,0.0020112357475310016,-0.000568548097033253,0.006137516515911741
6441.040284306,IMU,0.9920045931847675,-0.10164264032962536,-0.035115553023815194,-0.06604966845471813,0.0020112357475310016,-0.000568548097033253,0.006137516515911741
6441.049270308,IMU,0.9920012792075144,-0.10165173795910944,-0.03511567808694805,-0.0660853642877278,0.0020112357475310016,-0.000568548097033253,0.006137516515911741
6441.053598729,TRIAD,0.9843947336904806,-0.11635096276482461,-0.13107472036272333,-0.015775912904812325,0.0024894013782028697,-8.691312198840591e-05,0.003611236806633948
6441.057270308,IMU,0.9843934488679172,-0.116358748028003,-0.13107667479265164,-0.015782424040191083,0.0024894013782028697,-8.691312198840591e-05,0.003611236806633948
6441.0641462700005,IMU,0.9843924565096379,-0.11636890213306196,-0.13107503839127838,-0.015783044509577304,0.0024894013782028697,-8.691312198840591e-05,0.003611236806633948
6441.06824595,TRIAD,0.9933852508277098,-0.09287023397259012,-0.032388497223432906,-0.059260849871160606,0.0019655152884211764,-0.0004990150355915646,0.005400674367059419
6441.07214627,IMU,0.9933854158571457,-0.09287057486534205,-0.03238666311861517,-0.059258551606904464,0.0019655152884211764,-0.0004990150355915646,0.005400674367059419
6441.083143727,TRIAD,0.9924271763459191,-0.10032374396807041,-0.025449284873157167,-0.06614967834948288,0.0020506110650824385,-0.0005212417385220999,0.005602144457753358
6441.085760934,IMU,0.9924270954170513,-0.10032449115109907,-0.025447670084098716,-0.06615038053283656,0.0020506110650824385,-0.0005212417385220999,0.005602144457753358
6441.092197784,IMU,0.9924253975150923,-0.10033384021822696,-0.02544592268061318,-0.06616234497814118,0.0020506110650824385,-0.0005212417385220999,0.005602144457753358
6441.09668241,TRIAD,0.9845819678466771,-0.11494063867232769,-0.13093409035944026,-0.015596863611261197,0.0023854089267623217,-0.0001497653240908163,0.003801035949367367
6441.100197784,IMU,0.9845810164513349,-0.11494515170566753,-0.1309357488020957,-0.01560973506027005,0.0023854089267623217,-0.0001497653240908163,0.003801035949367367
6441.107429432001,IMU,0.9845803614281666,-0.1149447099413539,-0.13093697225865814,-0.015644003394723386,0.0023854089267623217,-0.0001497653240908163,0.003801035949367367
6441.111578946,TRIAD,0.9848213964778167,-0.11197303114747888,-0.13177552613226692,-0.014968902688337058,0.0023374288932621794,-0.00014637716969691787,0.0037599385935118148
6441.115429432,IMU,0.9848211701332139,-0.11197301876658106,-0.13177499674352774,-0.014988534250876782,0.0023374288932621794,-0.00014637716969691787,0.0037599385935118148
6441.122144857,IMU,0.9848204210629647,-0.11197586845997029,-0.131774810517641,-0.01501807088278076,0.0023374288932621794,-0.00014637716969691787,0.0037599385935118148
6441.125995519,TRIAD,0.9927327705139762,-0.0978616470496403,-0.031673537442911674,-0.06246223987521706,0.0019626150138107525,-0.0005609480547096559,0.005723050435589953
6441.130144857,IMU,0.9927313103034856,-0.0978693077930328,-0.031673396789105565,-0.06247351495695768,0.0019626150138107525,-0.0005609480547096559,0.005723050435589953
6441.137469338,IMU,0.9927298378041235,-0.09788152042603628,-0.0316675912109384,-0.06248072310227612,0.0019626150138107525,-0.0005609480547096559,0.005723050435589953
6441.141644259,TRIAD,0.9907108312973462,-0.11133140403875613,-0.03779510709701987,-0.06832932828885067,0.0022098603328942054,-0.0005329813615031257,0.005941924521879501
6441.145469338,IMU,0.9907107431149093,-0.11133327500534493,-0.037791795294055366,-0.06832939017539114,0.0022098603328942054,-0.0005329813615031257,0.005941924521879501
6441.152203448,IMU,0.9907109513197474,-0.1113350017781015,-0.037787071105616285,-0.0683261704725975,0.0022098603328942054,-0.0005329813615031257,0.005941924521879501
6441.156401629,TRIAD,0.9839139341922122,-0.11795301860820954,-0.13318480361425056,-0.016194554326943618,0.0024726613894946914,-0.00014219830332067983,0.0037847694161525897
6441.160203448,IMU,0.9839138157699139,-0.1179558295378135,-0.13318339315001584,-0.016192875105516587,0.0024726613894946914,-0.00014219830332067983,0.0037847694161525897
6441.171322906,TRIAD,0.9831629113261194,-0.118085364011131,-0.13845542685103693,-0.016632239013591812,0.0024756007311884233,-0.00012480705874098468,0.003780734578367124
6441.173904372,IMU,0.9831625331588486,-0.11808790385602945,-0.13845543490299303,-0.016636493061585003,0.0024756007311884233,-0.00012480705874098468,0.003780734578367124
6441.1817033160005,IMU,0.9831605979491256,-0.11809859016704187,-0.13845664110499703,-0.016664938487644523,0.0024756007311884233,-0.00012480705874098468,0.003780734578367124
6441.185828219,TRIAD,0.9918799675313493,-0.10326433454227547,-0.029982777051010687,-0.06790905905591671,0.0020770396179018865,-0.000560129443108856,0.005882245932179116
6441.189703316,IMU,0.9918780540136447,-0.10326878155967632,-0.029979912937971084,-0.06793150625090813,0.0020770396179018865,-0.000560129443108856,0.005882245932179116
6441.196399574,IMU,0.9918745749781046,-0.10327660767123156,-0.029977756556267516,-0.06797134640258343,0.0020770396179018865,-0.000560129443108856,0.005882245932179116
6441.200288514,TRIAD,0.9926873914377351,-0.09762004808777965,-0.02263340993845249,-0.06730377289901666,0.0019746603168597243,-0.0005908419317327229,0.005877753229396872
6441.204399574,IMU,0.9926854362201943,-0.09762484894221093,-0.0226314422474466,-0.06732630546178392,0.0019746603168597243,-0.0005908419317327229,0.005877753229396872
6441.212065926,IMU,0.9926821083750743,-0.09763586273021638,-0.02263189176446184,-0.06735924209865568,0.0019746603168597243,-0.0005908419317327229,0.005877753229396872
6441.21621957,TRIAD,0.9922154937654794,-0.10150563628188466,-0.02673539486079771,-0.06700924112667607,0.002051601908935947,-0.000572360233401233,0.005853228115835693
6441.220065926,IMU,0.9922145557955803,-0.10150817094247543,-0.026732798542860977,-0.06702032513618042,0.002051601908935947,-0.000572360233401233,0.005853228115835693
6441.2270290920005,IMU,0.9922138355137353,-0.10151119742980887,-0.026726585329164346,-0.06702888219365966,0.002051601908935947,-0.000572360233401233,0.005853228115835693
6441.231196051,TRIAD,0.9841162675731802,-0.11779185968317518,-0.13183628059595734,-0.016107290549195942,0.0024837787971574137,-0.0001281727758495474,0.003693939413175266
6441.235029092,IMU,0.9841164841179373,-0.1177947881369779,-0.13183255756998422,-0.016103115837354284,0.0024837787971574137,-0.0001281727758495474,0.003693939413175266
6441.242146666,IMU,0.9841159941125712,-0.1178039497931989,-0.13182890531233796,-0.01609593952206498,0.0024837787971574137,-0.0001281727758495474,0.003693939413175266
6441.246318346,TRIAD,0.9830938194179366,-0.11792591543645918,-0.13907430069245652,-0.016684111532556743,0.002488578796634577,-9.479544046859454e-05,0.003685162363994444
6441.250146666,IMU,0.9830934030329403,-0.11793220082913136,-0.13907197412117317,-0.016683612760730236,0.002488578796634577,-9.479544046859454e-05,0.003685162363994444
6441.257887703,IMU,0.9830926820694438,-0.11794044271757423,-0.1390690445382658,-0.0166922522238312,0.002488578796634577,-9.479544046859454e-05,0.003685162363994444
6441.262341365,TRIAD,0.9920665189912458,-0.10221497596677019,-0.02923845268643217,-0.06709123243172833,0.0020276429353095677,-0.0005905562129509836,0.005993462521184953
6441.265887703,IMU,0.99206531288561,-0.10221820141784126,-0.02923792934708251,-0.06710437955583419,0.0020276429353095677,-0.0005905562129509836,0.005993462521184953
6441.271800089,IMU,0.9920629856299447,-0.10222077190745496,-0.029240391415647,-0.06713379062368008,0.0020276429353095677,-0.0005905562129509836,0.005993462521184953
6441.276284307,TRIAD,0.992856730810623,-0.09740901938429203,-0.029283299881553742,-0.06236572275440865,0.001957444150810623,-0.0005911314741773413,0.005839255168581939
6441.279800089,IMU,0.9928552673769198,-0.09741099876543063,-0.02928394650014382,-0.06238562205190476,0.001957444150810623,-0.0005911314741773413,0.005839255168581939
6441.291393233,TRIAD,0.9861316473654681,-0.11163336204280692,-0.12198674596582101,-0.014198603873554608,0.0022032777311655274,-0.00033026851865877325,0.0045332230780598445
6441.294162958,IMU,0.9861314092905905,-0.11163541056497488,-0.1219850455058231,-0.01421363399998417,0.0022032777311655274,-0.00033026851865877325,0.0045332230780598445
6441.300144308,IMU,0.9861303868150975,-0.1116423805481878,-0.12198404174245608,-0.014238420755641709,0.0022032777311655274,-0.00033026851865877325,0.0045332230780598445
6441.304364711,TRIAD,0.9857180397547202,-0.11061997536335065,-0.12618539155335784,-0.014156769096421213,0.002191071996491335,-0.0003150931853505574,0.0045138798570739285
6441.308144308,IMU,0.9857175579629232,-0.11062433729281439,-0.12618405351529682,-0.014168153040733393,0.002191071996491335,-0.0003150931853505574,0.0045138798570739285
6441.315136048001,IMU,0.9857161876979439,-0.11063136085310647,-0.1261869547863777,-0.014182797599989354,0.002191071996491335,-0.0003150931853505574,0.0045138798570739285
6441.319220191,TRIAD,0.9920475431901596,-0.10191252276523373,-0.03056646851672894,-0.06723987475010598,0.0018984766037322635,-0.0007116754148892133,0.006715097412075414
6441.323136048,IMU,0.9920466643728619,-0.10191778281956645,-0.030566659944303277,-0.06724478085079484,0.0018984766037322635,-0.0007116754148892133,0.006715097412075414
6441.331497937,IMU,0.9920454926933968,-0.10192431068330653,-0.030569218839868743,-0.0672510087505664,0.0018984766037322635,-0.0007116754148892133,0.006715097412075414
6441.335977452,TRIAD,0.9834647915114749,-0.12376572183421355,-0.13112893876243514,-0.016859756083195766,0.002492262002672341,-0.0002362176041187915,0.004315638260616577
6441.339497937,IMU,0.983464476430641,-0.12376818964272059,-0.13112901397172716,-0.0168594343431563,0.002492262002672341,-0.0002362176041187915,0.004315638260616577
6441.346212399,IMU,0.9834634127550769,-0.12377330023681572,-0.13113134022254275,-0.016865868849959532,0.002492262002672341,-0.0002362176041187915,0.004315638260616577
6441.350380061,TRIAD,0.9918603938925561,-0.1025368647116012,-0.022883670866445913,-0.07194086467435906,0.0019921508497178246,-0.0006678303473738414,0.006507807976986242
6441.354212399,IMU,0.9918586518458208,-0.10254361457123984,-0.02288250533670228,-0.07195563090385441,0.0019921508497178246,-0.0006678303473738414,0.006507807976986242
6441.362834863,IMU,0.9918535339812379,-0.10256014029602695,-0.022880661744971015,-0.0720031948562084,0.0019921508497178246,-0.0006678303473738414,0.006507807976986242
6441.367263951,TRIAD,0.990627369166578,-0.1116852115343596,-0.029537822527262562,-0.07287898203856703,0.002179699959701199,-0.0006366457603984859,0.0065276754308966
6441.370834863,IMU,0.9906250782757097,-0.1116895758332322,-0.029538669839462073,-0.07290308584382606,0.002179699959701199,-0.0006366457603984859,0.0065276754308966
6441.3765778980005,IMU,0.9906231870276959,-0.11168480904850044,-0.029537646004424215,-0.07293649442774079,0.002179699959701199,-0.0006366457603984859,0.0065276754308966
6441.381059375,TRIAD,0.9920928502879085,-0.10257909303182978,-0.035397810052916555,-0.0630579188035779,0.0020553428871763935,-0.0006157612287987101,0.006194791614057893
6441.384577898,IMU,0.9920921426075452,-0.10257649374281262,-0.03539944121601595,-0.06307236375303193,0.0020553428871763935,-0.0006157612287987101,0.006194791614057893
6441.39220386,IMU,0.9920905931421996,-0.10258282101568535,-0.0353969920401907,-0.06308781804539712,0.0020553428871763935,-0.0006157612287987101,0.006194791614057893
6441.396390745,TRIAD,0.9922266570833959,-0.10167203450618545,-0.025904468474204193,-0.06691798626341872,0.0020265664580499275,-0.0006570756370257158,0.0063689983063955034
6441.40020386,IMU,0.992225687907385,-0.10167937305017755,-0.02590297546744376,-0.06692178430655157,0.0020265664580499275,-0.0006570756370257158,0.0063689983063955034
6441.410710484,TRIAD,0.992920334564872,-0.09690891278950642,-0.01846113663126778,-0.06615933995907182,0.0019623817289630328,-0.0006805732999511355,0.006364717717247362
6441.41330682,IMU,0.9929199038290123,-0.09691265568706502,-0.018459877727421654,-0.06616067307815099,0.0019623817289630328,-0.0006805732999511355,0.006364717717247362
6441.420187486,IMU,0.9929191944428428,-0.096916889266806,-0.01845439677037572,-0.06616664659526954,0.0019623817289630328,-0.0006805732999511355,0.006364717717247362
6441.42436287,TRIAD,0.9907541452066845,-0.111937858810707,-0.031088823340641225,-0.0700687133030195,0.002197621141613585,-0.0006337180088226969,0.0064608029775099106
6441.428187486,IMU,0.9907532042504807,-0.1119410738516399,-0.031088197648181132,-0.07007715904154946,0.002197621141613585,-0.0006337180088226969,0.0064608029775099106
6441.435123337,IMU,0.9907513247938814,-0.11194290443240432,-0.031087389151630083,-0.07010116120394713,0.002197621141613585,-0.0006337180088226969,0.0064608029775099106
6441.439206851,TRIAD,0.9850519610342157,-0.11664984387247788,-0.12584443055837577,-0.015120426072399495,0.00242784248985005,-0.0002431479127236866,0.004163568142235809
6441.443123337,IMU,0.9850513034691306,-0.11665239890485678,-0.1258457190290191,-0.015132824111121839,0.00242784248985005,-0.0002431479127236866,0.004163568142235809
6441.450936448,IMU,0.9850491489680204,-0.11666317058405372,-0.12584858497197524,-0.015166159936062414,0.00242784248985005,-0.0002431479127236866,0.004163568142235809
6441.455066999,TRIAD,0.9930796527070578,-0.09500413710432808,-0.029579620491427046,-0.06238640367800291,0.0018821105803297948,-0.0006813677997297215,0.006293375836527757
6441.458936448,IMU,0.9930779456864204,-0.09500708772746086,-0.02957911020597125,-0.06240932071580967,0.0018821105803297948,-0.0006813677997297215,0.006293375836527757
6441.467517338,IMU,0.9930747205823192,-0.09500928111152465,-0.029579695394635404,-0.062457004918427955,0.0018821105803297948,-0.0006813677997297215,0.006293375836527757
6441.471762741,TRIAD,0.9917480285296929,-0.10543800840658431,-0.029644234353143825,-0.06663252704450348,0.0020840512756652723,-0.0006821481135326579,0.00647957271650645
6441.475517338,IMU,0.9917465256125383,-0.10544123560645692,-0.02964489176902911,-0.06664949483113351,0.0020840512756652723,-0.0006821481135326579,0.00647957271650645
6441.483682931,IMU,0.9917452801106341,-0.10544098397942882,-0.02964181426296221,-0.06666979168206447,0.0020840512756652723,-0.0006821481135326579,0.00647957271650645
6441.487421685,TRIAD,0.9929234125755747,-0.09689464471215424,-0.01839173321661877,-0.06615337281400852,0.0019095784949296935,-0.0007351446732991033,0.006493033285641723
6441.491682931,IMU,0.9929227005373998,-0.09689755986944192,-0.018391332093404256,-0.06615990139574665,0.0019095784949296935,-0.0007351446732991033,0.006493033285641723
6441.498658041,IMU,0.9929217852313833,-0.09690429668754096,-0.018389922209873455,-0.0661641629398463,0.0019095784949296935,-0.0007351446732991033,0.006493033285641723
6441.502859759,TRIAD,0.9923274604692804,-0.10178694938638436,-0.02228022342989334,-0.06655238370724499,0.0020004354131493624,-0.0007183423944056505,0.006498132308337621
6441.506658041,IMU,0.9923268213860619,-0.10179144894338414,-0.022278508945257975,-0.06655560471528679,0.0020004354131493624,-0.0007183423944056505,0.006498132308337621
6441.513828151,IMU,0.9923253459378549,-0.10179362100252468,-0.022278894372034848,-0.0665741496233389,0.0020004354131493624,-0.0007183423944056505,0.006498132308337621
6441.517926906,TRIAD,0.985044001713841,-0.11645241673638697,-0.12607848186071002,-0.015210711210722025,0.0024025960302602716,-0.00027477864789235217,0.004296482327807194
6441.521828151,IMU,0.985043430431346,-0.11645614319322986,-0.126078194831993,-0.015221552631389499,0.0024025960302602716,-0.00027477864789235217,0.004296482327807194
6441.529573911001,IMU,0.9850414485037594,-0.11646345808647471,-0.12608326522208224,-0.015251815993297361,0.0024025960302602716,-0.00027477864789235217,0.004296482327807194
6441.534049425,TRIAD,0.9843007163694174,-0.11658059570128307,-0.13159818953336017,-0.015587846936879392,0.0024070342467499024,-0.00024790809522500217,0.004285526962747377
6441.537573911,IMU,0.9843001778516507,-0.11658171619406317,-0.13159915486681845,-0.015605312197932646,0.0024070342467499024,-0.00024790809522500217,0.004285526962747377
6441.546560301,IMU,0.9842988923341083,-0.1165836401751398,-0.1316020145581246,-0.015647848337846954,0.0024070342467499024,-0.00024790809522500217,0.004285526962747377
6441.550766815,TRIAD,0.9927193914727549,-0.0971256208924692,-0.025136773785373004,-0.0666555786403411,0.001847711191815426,-0.0007658695776438504,0.006762830330083007
6441.554560301,IMU,0.9927174617761219,-0.09713156009778161,-0.025138694404714612,-0.06667493653068833,0.001847711191815426,-0.0007658695776438504,0.006762830330083007
6441.561431837,IMU,0.9927141757340492,-0.0971466382248319,-0.025141009473649018,-0.06670101664087834,0.001847711191815426,-0.0007658695776438504,0.006762830330083007
6441.565210813,TRIAD,0.969029303548816,-0.11010231902579311,-0.21826456475305528,0.034932334333660234,0.0023645768590146838,5.11171185081583e-05,0.0025899442179432306
6441.569431837,IMU,0.96902781599375,-0.11010937328669688,-0.21826783157389767,0.03493095253242653,0.0023645768590146838,5.11171185081583e-05,0.0025899442179432306
6441.576944077,IMU,0.9690278518940179,-0.11010751986913038,-0.21826750306177584,0.03493785095154393,0.0023645768590146838,5.11171185081583e-05,0.0025899442179432306
6441.581134184,TRIAD,0.9918933072319138,-0.102603862461742,-0.034217477991874176,-0.06670291355213691,0.001892578321230057,-0.0007931070286750118,0.007182976717936121
6441.584944077,IMU,0.9918933978321003,-0.10260220149707028,-0.03421689383756681,-0.06670442085165151,0.001892578321230057,-0.0007931070286750118,0.007182976717936121
6441.5918301500005,IMU,0.9918922052160039,-0.10260973261624565,-0.03421243636855077,-0.06671285634631115,0.001892578321230057,-0.0007931070286750118,0.007182976717936121
6441.596061424,TRIAD,0.9922386546704334,-0.10169895668553947,-0.025450659481992228,-0.06687330049289603,0.0018669299686454065,-0.0008315948732626984,0.007218355915431655
6441.59983015,IMU,0.9922372700406238,-0.10170671092734332,-0.02544888398960883,-0.06688272720483018,0.0018669299686454065,-0.0008315948732626984,0.007218355915431655
6441.610894349,TRIAD,0.9929082233502772,-0.09686593366430224,-0.019103881585330777,-0.06622154186601965,0.0018036900848461333,-0.0008511908069410877,0.00721391521731887
6441.613507907,IMU,0.992907340429612,-0.09686745323511559,-0.019101950337284943,-0.06623311345580395,0.0018036900848461333,-0.0008511908069410877,0.00721391521731887
6441.6202957020005,IMU,0.9929046059696826,-0.09686721562310592,-0.019099733642333663,-0.06627507945229581,0.0018036900848461333,-0.0008511908069410877,0.00721391521731887
6441.62450505,TRIAD,0.9978377994727617,-0.040997693274741905,-0.051328061393963904,-0.002084515062142439,0.001031295781030834,-0.0007369703167772505,0.005097731433011793
6441.628295702,IMU,0.997837799350193,-0.04099644014230432,-0.05132819775091158,-0.0021057538474057954,0.001031295781030834,-0.0007369703167772505,0.005097731433011793
6441.635419202,IMU,0.9978375485322973,-0.04100197598748918,-0.051327238029401714,-0.0021399393565665896,0.001031295781030834,-0.0007369703167772505,0.005097731433011793
6441.639599716,TRIAD,0.9912527861286663,-0.1060461198241574,-0.016837861463506038,-0.07673734999159772,0.0020771895484819926,-0.0008777357516265,0.007949474415634136
6441.643419202,IMU,0.9912508703862263,-0.10605087702911913,-0.016838873482041904,-0.0767552980566123,0.0020771895484819926,-0.0008777357516265,0.007949474415634136
6441.650093552,IMU,0.9912492028846609,-0.10605342250560867,-0.016841861616477476,-0.07677265823626798,0.0020771895484819926,-0.0008777357516265,0.007949474415634136
6441.654525548,TRIAD,0.9846913618555156,-0.1179891408966479,-0.12734900053310227,-0.015611424689027695,0.00244044789225835,-0.0004300069635520354,0.0054674604289155215
6441.658093552,IMU,0.9846913911372833,-0.11798898590336833,-0.1273490096589095,-0.01561067469751777,0.00244044789225835,-0.0004300069635520354,0.0054674604289155215
6441.665529478,IMU,0.9846909851859057,-0.11799538375615325,-0.12734714210703246,-0.015603156828673545,0.00244044789225835,-0.0004300069635520354,0.0054674604289155215
6441.669692695,TRIAD,0.9929856320593954,-0.09583751441662416,-0.032399179731096225,-0.06119639292310199,0.001921799473028155,-0.0008362558989510683,0.007396368010890652
6441.673529478,IMU,0.9929851906160971,-0.09584075460391195,-0.03239582149461042,-0.06120025918046027,0.001921799473028155,-0.0008362558989510683,0.007396368010890652
6441.680336606,IMU,0.9929837912194707,-0.09584602362342641,-0.03239476940098157,-0.061215268082741366,0.001921799473028155,-0.0008362558989510683,0.007396368010890652
6441.684157231,TRIAD,0.9930028077239792,-0.09622848331346319,-0.029614042359508472,-0.061713137552825696,0.0019249920724728965,-0.000848380273196162,0.007423417833144738
6441.688336606,IMU,0.9930011995161467,-0.09623509085408716,-0.02961296812450436,-0.06172922457520938,0.0019249920724728965,-0.000848380273196162,0.007423417833144738
6441.696420088,IMU,0.9929971447782773,-0.09624634006969573,-0.02961309802016195,-0.06177683150684975,0.0019249920724728965,-0.000848380273196162,0.007423417833144738
6441.700430732,TRIAD,0.9921721460733346,-0.10138176410287113,-0.028355691572531403,-0.0671723545743853,0.002019573745232035,-0.0008535618488899502,0.007652667636044077
6441.704420088,IMU,0.9921696578085913,-0.1013867108545985,-0.028354885136428767,-0.0672019752311545,0.002019573745232035,-0.0008535618488899502,0.007652667636044077
6441.714761193,TRIAD,0.9921932348689706,-0.1025077986153072,-0.03311919204913733,-0.06283195859834217,0.002039347128509054,-0.0008390389757810617,0.007526896581590447
6441.717458992,IMU,0.9921918855076981,-0.10250867007824366,-0.033119896668925265,-0.06285147043712323,0.002039347128509054,-0.0008390389757810617,0.007526896581590447
6441.723803417,IMU,0.9921904920337715,-0.10250410599607947,-0.03312515763585201,-0.06287813374558039,0.002039347128509054,-0.0008390389757810617,0.007526896581590447
6441.728286505,TRIAD,0.9822241491753468,-0.12753735691475465,-0.13653566009373094,-0.018109580081657188,0.002518371729328168,-0.0004757710584071317,0.0059300645559594075
6441.731803417,IMU,0.9822236483929351,-0.1275385264388491,-0.13653782485984783,-0.01811218357957495,0.002518371729328168,-0.0004757710584071317,0.0059300645559594075
6441.741716586001,IMU,0.9822229026456512,-0.1275399332370336,-0.13654351386224697,-0.018099827910653676,0.002518371729328168,-0.0004757710584071317,0.0059300645559594075
6441.745654525,TRIAD,0.9840343178391249,-0.11804576308549702,-0.13225487822127785,-0.015821071996743565,0.002323689677489592,-0.0005009834843679678,0.005796668153973482
6441.749716586,IMU,0.984034405210297,-0.11804625309830578,-0.13225445252050946,-0.015815539205740546,0.002323689677489592,-0.0005009834843679678,0.005796668153973482
6441.7573356230005,IMU,0.9840331616115437,-0.1180565679260865,-0.1322532408963518,-0.015826051014527373,0.002323689677489592,-0.0005009834843679678,0.005796668153973482
6441.761099136,TRIAD,0.9986825362570514,-0.030698784257887798,-0.04109649663452602,-0.0013617579224963344,0.0007215234387699665,-0.0009509913776640322,0.00520907814138597
6441.765335623,IMU,0.9986823322798714,-0.03070798263717497,-0.04109401926232944,-0.0013786135277961185,0.0007215234387699665,-0.0009509913776640322,0.00520907814138597
6441.772793326,IMU,0.9986821514188259,-0.030716228567779523,-0.04109041526224848,-0.001432310585430292,0.0007215234387699665,-0.0009509913776640322,0.00520907814138597
6441.777278488,TRIAD,0.992210855405537,-0.10141229405651851,-0.02592424739322538,-0.06753590472261105,0.0019683765824761463,-0.0010140369215025132,0.007881175445330707
6441.780793326,IMU,0.9922079954130809,-0.10141676026946085,-0.025923267735753548,-0.06757158252329755,0.0019683765824761463,-0.0010140369215025132,0.007881175445330707
6441.7877491770005,IMU,0.9922034097344219,-0.10142262057506253,-0.025925827678131286,-0.06762911507832911,0.0019683765824761463,-0.0010140369215025132,0.007881175445330707
6441.79187058,TRIAD,0.9802555981492486,-0.13610496130329522,-0.14200033470778267,-0.020256029930985613,0.002704107397081693,-0.0005391726247470805,0.005911416715450788
6441.795749177,IMU,0.9802546257143525,-0.13610988581218608,-0.14200006756779787,-0.020271866232521227,0.002704107397081693,-0.0005391726247470805,0.005911416715450788
6441.803363084,IMU,0.9802533168201765,-0.13611904965566726,-0.14199988524677168,-0.02027490502529243,0.002704107397081693,-0.0005391726247470805,0.005911416715450788
6441.807833913,TRIAD,0.9699522079313234,-0.1751325249183148,-0.16614746978757242,-0.03027096509981792,0.003398992848357603,-0.00041681348092199,0.006374583701849225
6441.811363084,IMU,0.9699514924920373,-0.1751383122334472,-0.166146175332458,-0.030267511012390797,0.003398992848357603,-0.00041681348092199,0.006374583701849225
6441.817791953,IMU,0.9699511810189864,-0.17514312320118455,-0.16614433915405644,-0.030259732356223472,0.003398992848357603,-0.00041681348092199,0.006374583701849225
6441.821997226,TRIAD,0.9909363679154305,-0.1092086543998633,-0.04484135046458642,-0.06409241636307798,0.002193880224817941,-0.0008897177816007663,0.007769058982590365
6441.825791953,IMU,0.9909362702686922,-0.10920618053833162,-0.044842064972370914,-0.06409764119853659,0.002193880224817941,-0.0008897177816007663,0.007769058982590365
6441.833975879,IMU,0.9909333790654817,-0.1092142033846278,-0.04484562345059479,-0.06412617320763148,0.002193880224817941,-0.0008897177816007663,0.007769058982590365
6441.838473394,TRIAD,0.9983909116241599,-0.0360157860369108,-0.04377098491013002,-0.0015973798608174966,0.0008734870847988002,-0.0009072165789827401,0.005183866969198708
6441.841975879,IMU,0.9983908022243732,-0.036019841868569186,-0.04376959594347519,-0.0016122954074602026,0.0008734870847988002,-0.0009072165789827401,0.005183866969198708
6441.847793266,IMU,0.9983906497944994,-0.03602509530671898,-0.04376755602356314,-0.001644369418195179,0.0008734870847988002,-0.0009072165789827401,0.005183866969198708
6441.852276799,TRIAD,0.9931434742053282,-0.0951983704990902,-0.028598672855323727,-0.06152581416448712,0.0017036955702110278,-0.000957609600143923,0.007112692955731702
6441.855793266,IMU,0.9931414700316735,-0.09520380970460283,-0.02859674803302975,-0.06155063868874042,0.0017036955702110278,-0.000957609600143923,0.007112692955731702
6441.863822581,IMU,0.9931372889987576,-0.09521522938795472,-0.02859816422433881,-0.06159975889396997,0.0017036955702110278,-0.000957609600143923,0.007112692955731702
6441.867857132,TRIAD,0.9854974331872526,-0.11171987835306173,-0.12687901276543306,-0.014669494939588416,0.002145565496628498,-0.000517063278064787,0.005022563437650424
6441.871822581,IMU,0.9854970553722233,-0.11172302833129481,-0.12687778938559474,-0.014681462930731193,0.002145565496628498,-0.000517063278064787,0.005022563437650424
6441.882251945,TRIAD,0.9927312744547657,-0.09718167764050502,-0.0345084100896991,-0.06204440251525358,0.0018615273441159208,-0.0008122319229224693,0.006459155294494439
6441.884889689,IMU,0.9927306887995904,-0.09718462265425824,-0.03450689793292835,-0.06205000104824175,0.0018615273441159208,-0.0008122319229224693,0.006459155294494439
6441.891739984,IMU,0.992729675490613,-0.09719053136677071,-0.03450128153015587,-0.06206008045212247,0.0018615273441159208,-0.0008122319229224693,0.006459155294494439
6441.89587222,TRIAD,0.9923338352264688,-0.10034275511958533,-0.028155855226087777,-0.0664239322550703,0.0019003245444654273,-0.000835981945814085,0.006617447458717961
6441.899739984,IMU,0.9923334907737374,-0.10034271107452439,-0.028154695186465798,-0.06642963617227328,0.0019003245444654273,-0.000835981945814085,0.006617447458717961
6441.907255743,IMU,0.9923316937663197,-0.10034664569345801,-0.028157550687958582,-0.06644932342916693,0.0019003245444654273,-0.000835981945814085,0.006617447458717961
6441.911743387,TRIAD,0.9847921457681388,-0.11638193753430141,-0.12806748167742713,-0.015440025451694747,0.002340135437190213,-0.0003974619412425219,0.004382540159155826
6441.915255743,IMU,0.9847914511389187,-0.11638559415758924,-0.12806872153469837,-0.015446481824520719,0.002340135437190213,-0.0003974619412425219,0.004382540159155826
6441.921883612,IMU,0.9847906816775279,-0.11638828463621596,-0.12807050984655652,-0.015460432988508294,0.002340135437190213,-0.0003974619412425219,0.004382540159155826
6441.925958182,TRIAD,0.9928579223261879,-0.09685629796348207,-0.03207564570606653,-0.06183167935187918,0.0019010030279935709,-0.0007785276447787687,0.006190221497597611
6441.929883612,IMU,0.9928568552574654,-0.09686181968287148,-0.032074009755640266,-0.06184101191098418,0.0019010030279935709,-0.0007785276447787687,0.006190221497597611
6441.93751563,IMU,0.9928542564279295,-0.09687223206896545,-0.03207750879220875,-0.06186460681686815,0.0019010030279935709,-0.0007785276447787687,0.006190221497597611
6441.941830015,TRIAD,0.9855750779588456,-0.1406103316114759,-0.0605913570471042,-0.07210539370752005,0.002722438379730911,-0.0006502714912905647,0.006541446327416171
6441.94551563,IMU,0.9855728442211763,-0.1406171639296935,-0.060593142689835844,-0.07212109955567614,0.002722438379730911,-0.0006502714912905647,0.006541446327416171
6441.95159348,IMU,0.9855691943113736,-0.14062592793016482,-0.060597915084385785,-0.07214987391281912,0.002722438379730911,-0.0006502714912905647,0.006541446327416171
6441.956091958,TRIAD,0.9847702250795068,-0.11711962029715865,-0.12759568377630962,-0.015163766681228888,0.002496136295122765,-0.0004058189621277581,0.004393923241015889
6441.95959348,IMU,0.9847697961033544,-0.11711804967182388,-0.12759870368262566,-0.015178337924153778,0.002496136295122765,-0.0004058189621277581,0.004393923241015889
6441.967314425,IMU,0.9847692498635228,-0.11711334005931517,-0.12760416444453382,-0.015204187574424065,0.002496136295122765,-0.0004058189621277581,0.004393923241015889
6441.971733476,TRIAD,0.9926841044753427,-0.09701952019369237,-0.026521171297089523,-0.06679901867844501,0.001990605861678426,-0.0008437545652227414,0.006605751941414097
6441.975314425,IMU,0.9926833187876849,-0.09701857741894522,-0.026522041214977973,-0.06681171728120003,0.001990605861678426,-0.0008437545652227414,0.006605751941414097
6441.985585937,TRIAD,0.9931496324119594,-0.09526235742363462,-0.02926455736720822,-0.06101210191579287,0.001974035275140714,-0.0008367253885255523,0.006462379024113109
6441.987989495,IMU,0.9931491773682048,-0.09526306004682301,-0.029265287118838284,-0.061018061696725544,0.001974035275140714,-0.0008367253885255523,0.006462379024113109
6441.994547846,IMU,0.9931469768806173,-0.09527793640494477,-0.02926354224136057,-0.061031485667597384,0.001974035275140714,-0.0008367253885255523,0.006462379024113109
6441.998707508,TRIAD,0.9924143371041554,-0.10048975275374998,-0.02532462529399953,-0.06613816186838423,0.002041790489285423,-0.0008504920661537786,0.006628237645139482
6442.002547846,IMU,0.992413042737559,-0.10049845918112396,-0.02532444705992336,-0.06614442295242322,0.002041790489285423,-0.0008504920661537786,0.006628237645139482
6442.010146308,IMU,0.9924112421311366,-0.10050617758955768,-0.02532649189240381,-0.06615892658209337,0.002041790489285423,-0.0008504920661537786,0.006628237645139482
6442.014615619,TRIAD,0.9836258796052743,-0.12074252772521409,-0.1327546756390567,-0.016660344091446053,0.00256494064669822,-0.0003760008024403222,0.004416981450216561
6442.018146308,IMU,0.9836255818654515,-0.12074186190979386,-0.13275711374633342,-0.016663319961865868,0.00256494064669822,-0.0003760008024403222,0.004416981450216561
6442.025772716001,IMU,0.9836243080049011,-0.12074473798137997,-0.13276240916558293,-0.016675480929731434,0.00256494064669822,-0.0003760008024403222,0.004416981450216561
6442.029828785,TRIAD,0.9925217778702011,-0.09997674294003199,-0.03468731703565298,-0.060843745457902644,0.002058352300845434,-0.0008033440811964529,0.006336508620106232
6442.033772716,IMU,0.9925200527558142,-0.09998574008581654,-0.034685152337654526,-0.060858334387336774,0.002058352300845434,-0.0008033440811964529,0.006336508620106232
6442.042204902,IMU,0.992515545476563,-0.10000659558075771,-0.03468516662734724,-0.06089755367615916,0.002058352300845434,-0.0008033440811964529,0.006336508620106232
6442.046644601,TRIAD,0.9584472725635047,-0.1169739546993938,-0.25572150638947927,0.0479836514602474,0.0027892304984758584,0.000276140681449699,0.0011110264997307795
6442.050204902,IMU,0.9584475396576808,-0.1169753702647651,-0.2557219259135984,0.04797262847290839,0.0027892304984758584,0.000276140681449699,0.0011110264997307795
6442.0575775120005,IMU,0.9584495446737171,-0.11696902107348262,-0.2557204044732311,0.0479561587275584,0.0027892304984758584,0.000276140681449699,0.0011110264997307795
6442.061602822,TRIAD,0.9921450350032993,-0.10079175460707655,-0.04303011675036141,-0.06031302325351675,0.0021509462904771835,-0.0006483316486222213,0.005673628607079659
6442.065577512,IMU,0.9921440777672583,-0.10079193441176096,-0.043029476743361425,-0.06032892374379403,0.0021509462904771835,-0.0006483316486222213,0.005673628607079659
6442.072813438001,IMU,0.9921419742764279,-0.10080396309717315,-0.04302271889959037,-0.0603482357758911,0.0021509462904771835,-0.0006483316486222213,0.005673628607079659
6442.076994378,TRIAD,0.9867114759771952,-0.10786805374965783,-0.12077359215933539,-0.013367333021083068,0.002400970721633583,-0.00031191422252136434,0.0036945593444784176
6442.080813438,IMU,0.9867108965490549,-0.1078774636061447,-0.12076975762743507,-0.013368811460861468,0.002400970721633583,-0.00031191422252136434,0.0036945593444784176
6442.087832844,IMU,0.9867088315011685,-0.1078987445796344,-0.12076753322812775,-0.013369580162846112,0.002400970721633583,-0.00031191422252136434,0.0036945593444784176
6442.09193171,TRIAD,0.9931516775909527,-0.09522409109338645,-0.019830175235494893,-0.0647215723220961,0.0020488463983962158,-0.0007395342066211166,0.00582707931056743
6442.095832844,IMU,0.9931511362159728,-0.09522650997958405,-0.019829452579433138,-0.0647265420089044,0.0020488463983962158,-0.0007395342066211166,0.00582707931056743
6442.103353362,IMU,0.9931498044353559,-0.09522511617326106,-0.019832129015445517,-0.06474820351575752,0.0020488463983962158,-0.0007395342066211166,0.00582707931056743
6442.107822043,TRIAD,0.9848747749751877,-0.14381030070152892,-0.06434264294805472,-0.07211310094683512,0.0029718195749400276,-0.0005409175952858064,0.005998310693593051
6442.111353362,IMU,0.9848730002124001,-0.14381461663233489,-0.06434355128676247,-0.07212792041455347,0.0029718195749400276,-0.0005409175952858064,0.005998310693593051
6442.122093505,TRIAD,0.9920512603781475,-0.10277651936782808,-0.03691147539120758,-0.06252061126706833,0.0024891624448763906,-0.0006205307695233604,0.005797509213195077
6442.124686248,IMU,0.9920500213742562,-0.10278097775495743,-0.03691285558682781,-0.06253212610729687,0.0024891624448763906,-0.0006205307695233604,0.005797509213195077
6442.131370321,IMU,0.9920461018142644,-0.10279553081648367,-0.03691387686922633,-0.06256977236464262,0.0024891624448763906,-0.0006205307695233604,0.005797509213195077
6442.135714317,TRIAD,0.9924530612206196,-0.10078486745933776,-0.02312761006065133,-0.06591240716213739,0.002445564296601207,-0.000671071507716264,0.005938225712702918
6442.139370321,IMU,0.992451004477787,-0.10079071139895142,-0.02312687880890529,-0.06593469256228522,0.002445564296601207,-0.000671071507716264,0.005938225712702918
6442.146068264,IMU,0.9924472192590917,-0.10080350676616628,-0.023122510225598292,-0.06597362752954233,0.002445564296601207,-0.000671071507716264,0.005938225712702918
6442.149904593,TRIAD,0.9932467505324387,-0.0955257642717216,-0.025618483861738553,-0.06065817506058759,0.002364427512916777,-0.0006613498856674259,0.005745001261230663
6442.154068264,IMU,0.9932450036551537,-0.09553436817559308,-0.02561628037074373,-0.06067415752469443,0.002364427512916777,-0.0006613498856674259,0.005745001261230663
6442.1615157450005,IMU,0.9932441575448517,-0.09554644036412828,-0.025607224814009646,-0.06067282154380646,0.002364427512916777,-0.0006613498856674259,0.005745001261230663
6442.165725463,TRIAD,0.9862862002865899,-0.10994597610805885,0.03433485529446388,-0.11820546169190008,0.0025428903389776553,-0.0009243947733275508,0.008166759144637891
6442.169515745,IMU,0.9862867016739748,-0.10994656643131424,0.03433875290780044,-0.11819959678346442,0.0025428903389776553,-0.0009243947733275508,0.008166759144637891
6442.176707504,IMU,0.9862895489763834,-0.10994214032452079,0.03434274214228208,-0.11817879430326901,0.0025428903389776553,-0.0009243947733275508,0.008166759144637891
6442.180905925,TRIAD,0.9924036672251365,-0.10086832439271763,-0.024280778286741068,-0.06611343447512162,0.0024659123620601763,-0.0006802048678432248,0.006073067773657962
6442.184707504,IMU,0.9924047328490422,-0.1008659817844193,-0.024277647211294114,-0.06610216171480757,0.0024659123620601763,-0.0006802048678432248,0.006073067773657962
6442.191598522,IMU,0.9924052368976963,-0.10086756115066918,-0.024275468057162884,-0.06609298401607194,0.0024659123620601763,-0.0006802048678432248,0.006073067773657962
6442.195750813,TRIAD,0.9922795769051543,-0.10175244846786294,-0.02398931660216877,-0.06672475684994081,0.002480210715242498,-0.0006814303788034746,0.0060970494159240385
6442.199598522,IMU,0.9922790635141245,-0.1017529026785334,-0.023990583803328212,-0.06673124303353245,0.002480210715242498,-0.0006814303788034746,0.0060970494159240385
6442.207243781,IMU,0.9922768341832071,-0.10174857796081174,-0.02399498792206723,-0.06676939254572185,0.002480210715242498,-0.0006814303788034746,0.0060970494159240385
6442.211688276,TRIAD,0.9843224851867817,-0.14515582488101592,-0.06816519663096758,-0.07343389971322145,0.0033165478637665847,-0.0004823685503332588,0.006235894162633404
6442.215243781,IMU,0.9843198293026745,-0.14515531962380265,-0.06816960083294152,-0.07346640285697265,0.0033165478637665847,-0.0004823685503332588,0.006235894162633404
6442.225832719,TRIAD,0.9927930191767255,-0.09800544093088244,-0.030546666402569714,-0.0618373333318599,0.0027536008255150506,-0.000593259109084108,0.006007204670643535
6442.228454278,IMU,0.9927904366967599,-0.09801158164704014,-0.030548064310055707,-0.061868363752495284,0.0027536008255150506,-0.000593259109084108,0.006007204670643535
6442.235373703,IMU,0.9927842740883795,-0.09802752768639246,-0.030549505973842643,-0.06194123524161354,0.0027536008255150506,-0.000593259109084108,0.006007204670643535
6442.239525865,TRIAD,0.9976652297246907,-0.0409794970392274,-0.05458865412301618,-0.002202058543659319,0.001955322546930939,-0.0005091201524449153,0.004017363233865095
6442.243373703,IMU,0.9976650700681967,-0.04098539267854961,-0.054586326188244993,-0.0022222839772976133,0.001955322546930939,-0.0005091201524449153,0.004017363233865095
6442.249646238,IMU,0.9976644098241794,-0.04100169949498344,-0.05458636486086397,-0.0022169303037416067,0.001955322546930939,-0.0005091201524449153,0.004017363233865095
6442.253846437,TRIAD,0.9832519546352042,-0.12083709451155943,-0.1353420368185905,-0.017219853827781573,0.003213288368089796,-0.0001655608579684203,0.004549414033244858
6442.257646238,IMU,0.9832508225095314,-0.12084846501927511,-0.13534200472503125,-0.01720494968969042,0.003213288368089796,-0.0001655608579684203,0.004549414033244858
6442.264485533,IMU,0.983250969664349,-0.12085857083693916,-0.13533587084898827,-0.01717377567443723,0.003213288368089796,-0.0001655608579684203,0.004549414033244858
6442.268690454,TRIAD,0.9921634413450842,-0.1010423690411443,-0.031137729832589507,-0.06657767717264988,0.002730836376416648,-0.0005956876426845278,0.006582717317302153
6442.272485533,IMU,0.9921642032556062,-0.10104080131967678,-0.031138717328159666,-0.06656823964927182,0.002730836376416648,-0.0005956876426845278,0.006582717317302153
6442.28016494,IMU,0.9921648726696949,-0.10103153007546667,-0.031138814058547373,-0.06657228875414768,0.002730836376416648,-0.0005956876426845278,0.006582717317302153
6442.284627214,TRIAD,0.9921946844601146,-0.10154559130255224,-0.027232608404291526,-0.06705658845786379,0.002734980432234653,-0.000614030486026425,0.006616057945805233
6442.28816494,IMU,0.9921933024886409,-0.10155021837827885,-0.027234049126464845,-0.06706944320765959,0.002734980432234653,-0.000614030486026425,0.006616057945805233
6442.298790619,TRIAD,0.9930155991665497,-0.0964760574737143,-0.028573751102850847,-0.06161112638265373,0.0026799334828082294,-0.0006106666062693674,0.00648314894923127
6442.301406215,IMU,0.993014116094324,-0.09648096729160531,-0.028575434471293407,-0.06162655866314065,0.0026799334828082294,-0.0006106666062693674,0.00648314894923127
6442.308402084001,IMU,0.9930099275814867,-0.09648933544859427,-0.028583482210823047,-0.06167719525078071,0.0026799334828082294,-0.0006106666062693674,0.00648314894923127
6442.312737969,TRIAD,0.9922416756058416,-0.10155783799830105,-0.025797575428846233,-0.06690999801237218,0.0027513426382923005,-0.0006207605521852997,0.006660794590584166
6442.316402084,IMU,0.9922395000895119,-0.10156143019246873,-0.02579778611336124,-0.06693672079677344,0.0027513426382923005,-0.0006207605521852997,0.006660794590584166
6442.323307009,IMU,0.9922339712540451,-0.10157921211306259,-0.025800099897494842,-0.06699078146428585,0.0027513426382923005,-0.0006207605521852997,0.006660794590584166
6442.327139226,TRIAD,0.9928954545874737,-0.0966967077801812,-0.02021307203814533,-0.06633094815234443,0.002664653981774193,-0.0006439276820667389,0.006651909437368351
6442.331307009,IMU,0.9928920199517672,-0.0967109000089015,-0.02021139784195461,-0.06636217245420688,0.002664653981774193,-0.0006439276820667389,0.006651909437368351
6442.339513435,IMU,0.9928869419996782,-0.09673041221820083,-0.020214942469216225,-0.06640861284194298,0.002664653981774193,-0.0006439276820667389,0.006651909437368351
6442.343449467,TRIAD,0.9924545356606902,-0.10061504290219803,-0.023634542338504767,-0.06596981276888682,0.002744211710681215,-0.0006280790248691568,0.006625266934165492
6442.347513435,IMU,0.9924530703564677,-0.10062006559389959,-0.023634513589731065,-0.06598420498328783,0.002744211710681215,-0.0006280790248691568,0.006625266934165492
6442.3537890630005,IMU,0.9924516502490821,-0.1006270457838698,-0.023630568442347916,-0.06599633179030717,0.002744211710681215,-0.0006280790248691568,0.006625266934165492
6442.357981966,TRIAD,0.9931579685890416,-0.0953245932002957,-0.028865466078964456,-0.06096930561627522,0.0026654452552722536,-0.0006063536554561021,0.0064332121201408805
6442.361789063,IMU,0.9931573933547966,-0.09533054424506786,-0.028865121467393635,-0.06096953437018959,0.0026654452552722536,-0.0006063536554561021,0.0064332121201408805
6442.368838525,IMU,0.9931575070687265,-0.09533787367016867,-0.028865308344978056,-0.06095613153106849,0.0026654452552722536,-0.0006063536554561021,0.0064332121201408805
6442.37294752,TRIAD,0.9923328320609662,-0.10028877323003636,-0.028336193644093153,-0.0664437544667754,0.0027466967125065658,-0.0006076152094496089,0.006635017882236658
6442.376838525,IMU,0.9923333484954415,-0.10028949362185868,-0.028334069606030635,-0.06643585953727624,0.0027466967125065658,-0.0006076152094496089,0.006635017882236658
6442.384670062001,IMU,0.9923335008186439,-0.10029160432769686,-0.02833041085886556,-0.0664319582351664,0.0027466967125065658,-0.0006076152094496089,0.006635017882236658
6442.389170558,TRIAD,0.984474331196099,-0.11780323133046329,-0.12916580667925523,-0.015776066968428547,0.00322760378871746,-0.0001503645435928843,0.0043587454181405975
6442.392670062,IMU,0.9844735893249639,-0.11780582260173848,-0.1291684994389194,-0.015780964338337873,0.00322760378871746,-0.0001503645435928843,0.0043587454181405975
6442.399367264,IMU,0.9844716006761566,-0.11781243004309583,-0.12917385640632298,-0.01581181869948276,0.00322760378871746,-0.0001503645435928843,0.0043587454181405975
6442.403529019,TRIAD,0.937083365128147,-0.13019097381216838,-0.31681295993273667,0.06748796601324873,0.0037333452019961263,0.0006253748725279433,0.000946714753233492
6442.407367264,IMU,0.9370840126136444,-0.13018890348641815,-0.31681696711086516,0.06746415391590141,0.0037333452019961263,0.0006253748725279433,0.000946714753233492
6442.414890912,IMU,0.9370849700166792,-0.13018464940863375,-0.31682876580264835,0.06740362888718525,0.0037333452019961263,0.0006253748725279433,0.000946714753233492
6442.419389315,TRIAD,0.9827920886911206,-0.11786318018628486,-0.14134450653235472,-0.01580226678819835,0.0031632755221412834,-0.00017356182794502008,0.004678434593058923
6442.422890912,IMU,0.9827904283753699,-0.11787038975656079,-0.1413466597778558,-0.01583246291757808,0.0031632755221412834,-0.00017356182794502008,0.004678434593058923
6442.433551554,TRIAD,0.9924302922143637,-0.09747471870672095,-0.0323598326455129,-0.06733227710030797,0.0028256231890547113,-0.00048525117957221064,0.006063301419429827
6442.436146705,IMU,0.9924288396419378,-0.09748118443732627,-0.03235849733496068,-0.06734496698251793,0.0028256231890547113,-0.00048525117957221064,0.006063301419429827
6442.444732058,IMU,0.9924272190698599,-0.09749918232449767,-0.03235540914858404,-0.06734427810992358,0.0028256231890547113,-0.00048525117957221064,0.006063301419429827
6442.448801016,TRIAD,0.9845826971828623,-0.11629186323694471,-0.12972401815149645,-0.015645896191338955,0.0033051148883149056,-6.960533510544782e-05,0.0038830389750314854
6442.452732058,IMU,0.984581987566539,-0.11630018855988436,-0.12972369394356834,-0.01563135087234792,0.0033051148883149056,-6.960533510544782e-05,0.0038830389750314854
6442.460805928,IMU,0.984581198960322,-0.11631433141059987,-0.12972133960248317,-0.015595288201804574,0.0033051148883149056,-6.960533510544782e-05,0.0038830389750314854
6442.464845072,TRIAD,0.9984998365585203,0.01872971399919331,0.05140970452100956,-0.002077615743865791,0.0007495744979691436,-0.0009694039542716157,0.00348915520391415
6442.468805928,IMU,0.9984997467057752,0.018736493138304715,0.05140958107817788,-0.0020626746586235706,0.0007495744979691436,-0.0009694039542716157,0.00348915520391415
6442.476989355,IMU,0.9984994123411632,0.018745406628549104,0.05141306969488051,-0.0020565867916039703,0.0007495744979691436,-0.0009694039542716157,0.00348915520391415
6442.481458147,TRIAD,0.9993958232574902,-0.022271759455163104,-0.026672817005022872,-0.000719735556594825,0.0015272729670259026,-0.0005761730373962003,0.003410606361098206
6442.484989355,IMU,0.9993958007205901,-0.02227412292742657,-0.02667143890947066,-0.0007289007907808434,0.0015272729670259026,-0.0005761730373962003,0.003410606361098206
6442.4908487600005,IMU,0.9993955982538315,-0.022283745073918688,-0.02666998982625551,-0.0007645515118212666,0.0015272729670259026,-0.0005761730373962003,0.003410606361098206
6442.495353811,TRIAD,0.9930428903139515,-0.09591468514636234,-0.02825977488134156,-0.06218984076071772,0.002589135387729537,-0.0005640484971977699,0.005352302694240303
6442.49884876,IMU,0.993040182185091,-0.0959211600079296,-0.028258880328555832,-0.062223494848095216,0.002589135387729537,-0.0005640484971977699,0.005352302694240303
6442.506964704,IMU,0.9930345000125702,-0.09593227339236123,-0.028260363481259203,-0.062296328643549594,0.002589135387729537,-0.0005640484971977699,0.005352302694240303
6442.511436478,TRIAD,0.9850566707669329,-0.1145701961809114,-0.12769951536076757,-0.0151611114783484,0.0030732753940046157,-0.00011681888567496862,0.00325447588165825
6442.514964704,IMU,0.985055169181889,-0.11457680794888069,-0.12770309365775886,-0.015178557853870296,0.0030732753940046157,-0.00011681888567496862,0.00325447588165825
6442.520863665,IMU,0.9850530727583037,-0.11458821979046213,-0.12770877197067548,-0.015180688272245337,0.0030732753940046157,-0.00011681888567496862,0.00325447588165825
6442.525374142,TRIAD,0.9917239408853369,-0.1042678341599386,-0.029928563858987775,-0.06867404822631885,0.002788902556136823,-0.00047636632905319576,0.005178163171551921
6442.528863665,IMU,0.9917237132984142,-0.10427366195550188,-0.029930534008543393,-0.0686676272923272,0.002788902556136823,-0.00047636632905319576,0.005178163171551921
6442.53626272,IMU,0.9917240223106356,-0.10428086157826118,-0.029936139009623403,-0.06864978559111527,0.002788902556136823,-0.00047636632905319576,0.005178163171551921
6442.540507567,TRIAD,0.9845822013402632,-0.1178984565868154,-0.1282690022720921,-0.015649466269830575,0.003171773584037579,-6.512562369295392e-05,0.0029769639383084717
6442.54426272,IMU,0.9845813214449989,-0.11790405485510477,-0.12827176324445375,-0.015640014849840737,0.003171773584037579,-6.512562369295392e-05,0.0029769639383084717
6442.550784774,IMU,0.9845800160473189,-0.11791143196645701,-0.12827480887381534,-0.01564159903164612,0.003171773584037579,-6.512562369295392e-05,0.0029769639383084717
6442.55481914,TRIAD,0.9926626526270309,-0.09784465063803219,-0.033486688932323996,-0.06265719500055632,0.0027187376209821153,-0.000444190843641228,0.004814139075478634
6442.558784774,IMU,0.9926614001034471,-0.0978490700772042,-0.033485643240151436,-0.0626706943194666,0.0027187376209821153,-0.000444190843641228,0.004814139075478634
6442.5670919780005,IMU,0.9926567959282276,-0.09786812358250045,-0.03348271605932383,-0.06271541763582898,0.0027187376209821153,-0.000444190843641228,0.004814139075478634
6442.571307992,TRIAD,0.992376323978944,-0.10045907048625156,-0.02657608676716861,-0.06626400512510654,0.0027577399375982178,-0.0004779029546728876,0.004986117991257862
6442.575091978,IMU,0.9923736313689417,-0.10046799440215866,-0.026575127816899323,-0.06629117924688749,0.0027577399375982178,-0.0004779029546728876,0.004986117991257862
6442.585408712,TRIAD,0.9929893727650504,-0.09637359129104751,-0.0295977743840418,-0.06171068164304456,0.002711931990041848,-0.00046871075493188963,0.00486284702454187
6442.588145697,IMU,0.9929875066380538,-0.09637986596609903,-0.02959888981927317,-0.0617303719295806,0.002711931990041848,-0.00046871075493188963,0.00486284702454187
6442.5958184930005,IMU,0.9929832430219083,-0.09639640503074348,-0.029601796412799246,-0.061771723498522085,0.002711931990041848,-0.00046871075493188963,0.00486284702454187
6442.599648544,TRIAD,0.992395275638033,-0.10046658044370416,-0.025981469301011587,-0.06620457958647472,0.0027723163114190246,-0.00048327040521995313,0.005029171721446591
6442.603818493,IMU,0.9923941607736315,-0.10047085236187565,-0.025982158829047763,-0.06621453700404582,0.0027723163114190246,-0.00048327040521995313,0.005029171721446591
6442.61245116,IMU,0.9923949189235511,-0.1004703065709576,-0.025982293087008425,-0.06620394881120852,0.0027723163114190246,-0.00048327040521995313,0.005029171721446591
6442.616935712,TRIAD,0.9905547837227437,-0.11050053873334285,-0.025558402288736574,-0.0770559501665949,0.0029675157825977037,-0.0004829889131835771,0.005495682652818576
6442.62045116,IMU,0.9905553378224876,-0.11050236114072792,-0.025559736647668606,-0.07704577052767622,0.0029675157825977037,-0.0004829889131835771,0.005495682652818576
6442.626130065,IMU,0.9905552455514237,-0.11050980252658384,-0.025564043131039216,-0.07703485415634068,0.0029675157825977037,-0.0004829889131835771,0.005495682652818576
6442.630581302,TRIAD,0.9925842994816101,-0.10071453082579312,-0.029913915723077705,-0.06114040684567518,0.0028351137910328423,-0.0004703777900409916,0.0049978539579051484
6442.634130065,IMU,0.9925836802629006,-0.1007212989042563,-0.029915909147294577,-0.061138334968219646,0.0028351137910328423,-0.0004703777900409916,0.0049978539579051484
6442.641635694,IMU,0.9925811264733307,-0.10073537409374263,-0.029920174277202144,-0.061154516974213875,0.0028351137910328423,-0.0004703777900409916,0.0049978539579051484
6442.645953412,TRIAD,0.9928797234879199,-0.09663671887505083,-0.02101049950290645,-0.06640600998595368,0.002752767227275945,-0.0005071795885861497,0.005212570015729185
6442.649635694,IMU,0.9928782463759727,-0.09663841782914986,-0.021010006731781043,-0.06642577579511266,0.002752767227275945,-0.0005071795885861497,0.005212570015729185
6442.656046341001,IMU,0.9928749306482552,-0.09663939232286228,-0.021010582901171155,-0.06647371922679998,0.002752767227275945,-0.0005071795885861497,0.005212570015729185
6442.660217336,TRIAD,0.9932105950058506,-0.09534740128055635,-0.027253444299911736,-0.06081806319639316,0.0027404767650164702,-0.00048309288005899005,0.005006725811989293
6442.664046341,IMU,0.9932080407209063,-0.09535442440058207,-0.027254801578834437,-0.060848150222259645,0.0027404767650164702,-0.00048309288005899005,0.005006725811989293
6442.671849748001,IMU,0.9932031300452953,-0.09537137293441794,-0.02725408444197324,-0.060902040803756156,0.0027404767650164702,-0.00048309288005899005,0.005006725811989293
6442.675923762,TRIAD,0.9967453739649212,-0.04596562124229631,-0.06615807841539625,-0.0029882777182572567,0.0019186054383792035,-0.0003098746004580357,0.002627959409529005
6442.679849748,IMU,0.9967452063177943,-0.04597217920104535,-0.06615551578103579,-0.0030000256248767713,0.0019186054383792035,-0.0003098746004580357,0.002627959409529005
6442.690464853,TRIAD,0.9976976070127935,-0.040504366103889904,-0.05435156575382068,-0.0021882841624462556,0.0018505477978647666,-0.0003498990486586116,0.002611836789137464
6442.693087338,IMU,0.9976974689016445,-0.040508682442720025,-0.05435077783789153,-0.00219092273328625,0.0018505477978647666,-0.0003498990486586116,0.002611836789137464
6442.699906559,IMU,0.99769702640002,-0.04052270862959853,-0.054348895408000156,-0.0021797169102410916,0.0018505477978647666,-0.0003498990486586116,0.002611836789137464
6442.704145239,TRIAD,0.9922370213085814,-0.10030133004430354,-0.029828287705245874,-0.06719828858379405,0.0026761417934553413,-0.0004344440195301185,0.004737207405742017
6442.707906559,IMU,0.9922373247531697,-0.10030413305800381,-0.02982591120563153,-0.06719067851204576,0.0026761417934553413,-0.0004344440195301185,0.004737207405742017
6442.716566578,IMU,0.9922400394844622,-0.10029492056167891,-0.029823120178670965,-0.06716557493395195,0.0026761417934553413,-0.0004344440195301185,0.004737207405742017
6442.721052444,TRIAD,0.99245307455879,-0.09782857792581302,-0.015870418985850607,-0.07221214538449516,0.002607728122591722,-0.0005017017557112212,0.0049923865453741735
6442.724566578,IMU,0.9924535118026055,-0.09782842041863966,-0.01587215103625903,-0.07220596852443398,0.002607728122591722,-0.0005017017557112212,0.0049923865453741735
6442.73120404,IMU,0.9924525085780767,-0.09783562346288825,-0.015874124421785412,-0.07220956427338636,0.002607728122591722,-0.0005017017557112212,0.0049923865453741735
6442.735374405,TRIAD,0.9921121736960483,-0.10230132401506459,-0.0355953893411272,-0.06309391544769091,0.0027034101560431687,-0.000423687605414706,0.004633236401910379
6442.73920404,IMU,0.9921102682412501,-0.10231101204630233,-0.035596965161778515,-0.06310727799237886,0.0027034101560431687,-0.000423687605414706,0.004633236401910379
6442.747669096,IMU,0.992105566342761,-0.10232481233679007,-0.03560015504080583,-0.06315700256520117,0.0027034101560431687,-0.000423687605414706,0.004633236401910379
6442.752167184,TRIAD,0.9678245845351972,-0.18387901591585779,-0.1685270175364957,-0.03320730996847917,0.004481375876925183,0.00021000136781040786,0.003073043379269511
6442.755669096,IMU,0.9678222568430708,-0.1838807833168463,-0.16853327667437387,-0.03323358751876284,0.004481375876925183,0.00021000136781040786,0.003073043379269511
6442.762313705,IMU,0.9678180756560787,-0.18388326495957383,-0.16854475359654006,-0.033283379279355596,0.004481375876925183,0.00021000136781040786,0.003073043379269511
6442.76635783,TRIAD,0.992387854850205,-0.09934374816742648,-0.03639127697439015,-0.06303047045698353,0.0029578247324136297,-0.00031755761291746683,0.004332388137615201
6442.770313705,IMU,0.9923853549821866,-0.09935118011173778,-0.03639417019988083,-0.0630564398197897,0.0029578247324136297,-0.00031755761291746683,0.004332388137615201
6442.778869965,IMU,0.9923817026489186,-0.09937276734354097,-0.036393462172744515,-0.06308030809373898,0.0029578247324136297,-0.00031755761291746683,0.004332388137615201
6442.78327148,TRIAD,0.9833152688442681,-0.14969511096489554,-0.06687656077726878,-0.07880343539171827,0.003970544879037901,-0.0001681900580300334,0.004941496573716534
6442.786869965,IMU,0.9833143229285439,-0.14970218421449868,-0.06687607290168598,-0.0788022159474964,0.003970544879037901,-0.0001681900580300334,0.004941496573716534
6442.792786352,IMU,0.9833138452032858,-0.14971341526946558,-0.06687365289512673,-0.07878889305189732,0.003970544879037901,-0.0001681900580300334,0.004941496573716534
6442.797265792,TRIAD,0.9922010899598501,-0.10228792229593328,-0.03454111373483632,-0.062298390804448545,0.0032348719516700967,-0.000292619873998918,0.004469945242266859
6442.800786352,IMU,0.9922011536969119,-0.10229390311035501,-0.03454046753891231,-0.06228791288171399,0.0032348719516700967,-0.000292619873998918,0.004469945242266859
6442.808294611,IMU,0.992201478264522,-0.10230099204912944,-0.03454004606007507,-0.06227133187614765,0.0032348719516700967,-0.000292619873998918,0.004469945242266859
6442.812457162,TRIAD,0.9977680654559891,-0.0406185699849522,-0.05295773643055156,-0.002120726465890732,0.0022320173506313436,-0.00022073722240575954,0.002173280556786542
6442.816294611,IMU,0.9977679352155949,-0.040623400449377275,-0.052956583138508526,-0.00211827614639324,0.0022320173506313436,-0.00022073722240575954,0.002173280556786542
6442.826622697,TRIAD,0.9929468959461637,-0.0962300661462777,-0.03427701880155152,-0.06017742253071094,0.0028698257992167296,-0.00027390252125612975,0.0037119895574205374
6442.829451626,IMU,0.9929461733815403,-0.09623396408859297,-0.034276494460811616,-0.06018341009139858,0.0028698257992167296,-0.00027390252125612975,0.0037119895574205374
6442.836365718,IMU,0.99294259515259,-0.09625118230702308,-0.03427676696264375,-0.060214748050029465,0.0028698257992167296,-0.00027390252125612975,0.0037119895574205374
6442.840785713,TRIAD,0.992430854877869,-0.10056633611172393,-0.02456740241190676,-0.06605946613603064,0.0029233882846478373,-0.00031130485480364176,0.003930788979220656
6442.844365718,IMU,0.9924282496554268,-0.10057661147544607,-0.02456649150815781,-0.06608329596019413,0.0029233882846478373,-0.00031130485480364176,0.003930788979220656
6442.852524588,IMU,0.9924232842339444,-0.1005916808934662,-0.02456795319967563,-0.06613436565747939,0.0029233882846478373,-0.00031130485480364176,0.003930788979220656
6442.857029177,TRIAD,0.9897192555465492,-0.11622380279403499,-0.03843118930263517,-0.07396530641634014,0.0032237609949128036,-0.00024564316747297926,0.004195238909184949
6442.860524588,IMU,0.9897175796370358,-0.11622588680483292,-0.038431275091142525,-0.07398440976791557,0.0032237609949128036,-0.00024564316747297926,0.004195238909184949
6442.867337291,IMU,0.9897148681486482,-0.11623283317699225,-0.03843209604557954,-0.07400933894243855,0.0032237609949128036,-0.00024564316747297926,0.004195238909184949
6442.871441008,TRIAD,0.9921237585961921,-0.10172917724963268,-0.028722605479421032,-0.06720590792148506,0.0029813227106603108,-0.0002861368109949065,0.003983084841884263
6442.875337291,IMU,0.9921231841064785,-0.10173415168625541,-0.028723729605305573,-0.06720637839269304,0.0029813227106603108,-0.0002861368109949065,0.003983084841884263
6442.884869737,IMU,0.9921236561789175,-0.10174413922388162,-0.028727953769239513,-0.06718248027574558,0.0029813227106603108,-0.0002861368109949065,0.003983084841884263
6442.88937727,TRIAD,0.9972259320856981,-0.046605567988021186,-0.05797581762600682,-0.0026769346126818555,0.0019115168103433612,-0.00014236323096317486,0.000977208566200931
6442.892869737,IMU,0.997225960410273,-0.04660214430905764,-0.057978879077014905,-0.0026596260224759877,0.0019115168103433612,-0.00014236323096317486,0.000977208566200931
6442.899266124,IMU,0.9972262332046276,-0.046601923566940304,-0.057975872520554673,-0.0026265440889832055,0.0019115168103433612,-0.00014236323096317486,0.000977208566200931
6442.903383842,TRIAD,0.9992997597122374,0.01035674123235366,0.035949673722286545,-0.0005908547807995416,0.0010277184004610644,-0.000532978728215068,0.0009463201537371025
6442.907266124,IMU,0.9992998045683626,0.010351414611441852,0.03595016600239923,-0.0005782469836872985,0.0010277184004610644,-0.000532978728215068,0.0009463201537371025
6442.915659143,IMU,0.9992998806072014,0.010339533222006383,0.0359514961454382,-0.0005767114431082666,0.0010277184004610644,-0.000532978728215068,0.0009463201537371025
6442.920170158,TRIAD,0.991046026832116,-0.10922897222173077,-0.031397085860887124,-0.07007872235640063,0.0033547820516709836,-0.00019698585680809794,0.0035784170631818044
6442.923659143,IMU,0.9910446218638755,-0.10923206758651677,-0.031397327135291815,-0.07009365687579823,0.0033547820516709836,-0.00019698585680809794,0.0035784170631818044
6442.929304215,IMU,0.991042188023811,-0.10923257559620747,-0.031397543620859426,-0.07012717191055325,0.0033547820516709836,-0.00019698585680809794,0.0035784170631818044
6442.933793507,TRIAD,0.9920036349809223,-0.10276589874217862,-0.027670274073681476,-0.06784035799608384,0.003259047130483377,-0.00021050276741362884,0.0035153252609607575
6442.937304215,IMU,0.9920013719009594,-0.10277161933132786,-0.027670463175020095,-0.06786470271290525,0.003259047130483377,-0.00021050276741362884,0.0035153252609607575
6442.945269733,IMU,0.9919960211184058,-0.10279185614703916,-0.0276655225471891,-0.06791426401934209,0.003259047130483377,-0.00021050276741362884,0.0035153252609607575
6442.949651581,TRIAD,0.9933775090929121,-0.09473862036035521,-0.026706476336783608,-0.0592661991547519,0.003117692081768796,-0.00021679086260954777,0.0031880296994962537
6442.953269733,IMU,0.9933759183438431,-0.09474579724510518,-0.026706014206635657,-0.05928159549228378,0.003117692081768796,-0.00021679086260954777,0.0031880296994962537
6442.959449731,IMU,0.9933751316068307,-0.09474980604283488,-0.026707570131621478,-0.0592876703676367,0.003117692081768796,-0.00021679086260954777,0.0031880296994962537
6442.96360869,TRIAD,0.9927003343805549,-0.09925648523141947,-0.031818865481223736,-0.06067747571980304,0.0031910849564052864,-0.00019650210884438924,0.0032215947886489586
6442.967449731,IMU,0.9927003133000347,-0.09926094738075708,-0.03181846828578061,-0.060670729145398276,0.0031910849564052864,-0.00019650210884438924,0.0032215947886489586
6442.9751402130005,IMU,0.9927002742566765,-0.09927527525793839,-0.0318170062757483,-0.060648687742019876,0.0031910849564052864,-0.00019650210884438924,0.0032215947886489586
6442.979286967,TRIAD,0.9843558539036643,-0.11925235932936737,-0.1287229595862706,-0.01590054575537611,0.003691539061822928,0.00023615045931689706,0.0012406656873883292
6442.983140213,IMU,0.9843544220764168,-0.11926363049347388,-0.12872504914001942,-0.015887728094960342,0.003691539061822928,0.00023615045931689706,0.0012406656873883292
6442.993569077,TRIAD,0.9850224616714863,-0.11359889562505021,-0.12886696512481466,-0.014810341486074024,0.0036243480173952626,0.00023620079135450555,0.0011952581875638523
6442.996207913,IMU,0.9850218891600172,-0.11360380212100529,-0.12886748506577028,-0.014806259220538347,0.0036243480173952626,0.00023620079135450555,0.0011952581875638523
6443.002737856,IMU,0.9850210233202592,-0.11361017545446436,-0.12886840700988791,-0.014806935032244388,0.0036243480173952626,0.00023620079135450555,0.0011952581875638523
6443.007171981,TRIAD,0.992632328252785,-0.09827411430307953,-0.02268657737036356,-0.06714594978566518,0.003278528025205522,-0.00014081045550584428,0.0030276110925752707
6443.010737856,IMU,0.992631167433592,-0.09827857309461477,-0.02268624923963294,-0.0671566944194541,0.003278528025205522,-0.00014081045550584428,0.0030276110925752707
6443.018770375,IMU,0.9926271561129164,-0.09829304568645925,-0.022686022792313847,-0.06719486949708389,0.003278528025205522,-0.00014081045550584428,0.0030276110925752707
6443.023234019,TRIAD,0.9851972744870432,-0.11465154786258898,-0.1265498609618696,-0.015049438745208726,0.0037305557849917027,0.0003230565873042063,0.0007265906163534657
6443.026770375,IMU,0.9851955585395723,-0.11466036825879203,-0.12655342769239367,-0.015064571814845098,0.0037305557849917027,0.0003230565873042063,0.0007265906163534657
6443.0325511500005,IMU,0.9851934086115215,-0.11467497697501462,-0.12655451656102507,-0.015084814291100047,0.0037305557849917027,0.0003230565873042063,0.0007265906163534657
6443.037056424,TRIAD,0.9830197460064536,-0.12089673678492713,-0.13700763254369627,-0.01688391604264706,0.003822250120138241,0.00036473785823203797,0.0007686598778171542
6443.04055115,IMU,0.9830182761268487,-0.12090510502802843,-0.13700967129348796,-0.01689302669182347,0.003822250120138241,0.00036473785823203797,0.0007686598778171542
6443.047998705,IMU,0.9830157977994965,-0.12092115727871124,-0.13701327513634876,-0.016893117989513956,0.003822250120138241,0.00036473785823203797,0.0007686598778171542
6443.052233275,TRIAD,0.9827661762274885,-0.12256071113272762,-0.13731705353767507,-0.017133060367963814,0.0038496042552651666,0.0003662455097326085,0.0007838261437647997
6443.055998705,IMU,0.9827652431813687,-0.12256773023010493,-0.13731845586551225,-0.017125127141622308,0.0038496042552651666,0.0003662455097326085,0.0007838261437647997
6443.066434365,TRIAD,0.9923765483234128,-0.09973167673304277,-0.034825475935861425,-0.06347885647651347,0.003471574333532122,5.549500758766533e-05,0.002124233102542066
6443.069097979,IMU,0.9923763885947228,-0.09973584734857918,-0.034825344667653316,-0.06347487284064567,0.003471574333532122,5.549500758766533e-05,0.002124233102542066
6443.0782045920005,IMU,0.9923737496728896,-0.09975708169168138,-0.034832269085021385,-0.06347896220730923,0.003471574333532122,5.549500758766533e-05,0.002124233102542066
6443.082056421,TRIAD,0.9919708619288019,-0.10248168311276443,-0.02940142743508686,-0.06802109801660149,0.003512271089295504,3.0949320570364373e-05,0.002321223961645034
6443.086204592,IMU,0.9919694318291655,-0.10249035463430851,-0.029403146431121553,-0.06802814493580035,0.003512271089295504,3.0949320570364373e-05,0.002321223961645034
6443.094529185,IMU,0.991966165533816,-0.10250701092348116,-0.029407315870356027,-0.06804887156281399,0.003512271089295504,3.0949320570364373e-05,0.002321223961645034
6443.098234995,TRIAD,0.9921644877152461,-0.1025107007599072,-0.03383145699710159,-0.06290165390440275,0.003520700825366938,5.083389905110371e-05,0.002096231477533717
6443.102529185,IMU,0.992163588765222,-0.10251295133038367,-0.03383259290695699,-0.06291155375002289,0.003520700825366938,5.083389905110371e-05,0.002096231477533717
6443.104586965001,IMU,0.992162953829349,-0.10251614018767485,-0.033833767702116525,-0.06291573899050441,0.003520700825366938,5.083389905110371e-05,0.002096231477533717
6443.112586965,IMU,0.9921606400876323,-0.10253372655698062,-0.03383136389933408,-0.06292485991997891,0.003520700825366938,5.083389905110371e-05,0.002096231477533717
6443.116499109,TRIAD,0.9853906245894056,-0.11188968840340002,-0.127556841996009,-0.01467196852151336,0.00378219586744716,0.00040223729769114024,0.00033572483863140165
6443.120586965,IMU,0.985389640919309,-0.11189992068857797,-0.12755582678619945,-0.014668823118927027,0.00378219586744716,0.00040223729769114024,0.00033572483863140165
6443.1258687770005,IMU,0.9853882442542452,-0.11191568766491358,-0.12755332065614333,-0.014664151172732221,0.00378219586744716,0.00040223729769114024,0.00033572483863140165
6443.130764348,TRIAD,0.9948610676861682,-0.08195966152512367,-0.031961251714852534,-0.05012532567320175,0.0032500635630428043,4.759107426178925e-05,0.0016018920566807898
6443.133868777,IMU,0.9948603634457558,-0.0819661599973872,-0.031961372815268674,-0.05012859969742794,0.0032500635630428043,4.759107426178925e-05,0.0016018920566807898
6443.145066068,TRIAD,0.9846607638586863,-0.11682900977672915,-0.1286099344755085,-0.015926309868354548,0.003657752522288056,0.0002941152403978473,0.0007898451173209362
6443.147228145,IMU,0.9846601639276098,-0.11683307182119794,-0.12861043871189848,-0.015929530978922222,0.003657752522288056,0.0002941152403978473,0.0007898451173209362
6443.15212066,IMU,0.9846586822296485,-0.11684166495758065,-0.12861281421492388,-0.015938910233451745,0.003657752522288056,0.0002941152403978473,0.0007898451173209362
6443.156957711,TRIAD,0.9926543762510484,-0.09755479099666602,-0.042032680224893045,-0.05791032599071562,0.0033654339200070798,5.7364288295851644e-05,0.001906262155098116
6443.16012066,IMU,0.9926535429215524,-0.09756022948598449,-0.042033027531264505,-0.05791519614477486,0.0033654339200070798,5.7364288295851644e-05,0.001906262155098116
6443.169512411,TRIAD,0.9935127872719144,-0.09238068955329373,-0.024042598933419135,-0.06180698311175401,0.003302032373752455,1.1815563952884006e-05,0.002015792712333141
6443.171712951,IMU,0.9935121868788606,-0.09238434968279627,-0.024043552000265398,-0.06181079245634676,0.003302032373752455,1.1815563952884006e-05,0.002015792712333141
6443.177127911,IMU,0.9935115432241926,-0.09239021020852979,-0.024043572865632003,-0.06181237045901255,0.003302032373752455,1.1815563952884006e-05,0.002015792712333141
6443.181754907,TRIAD,0.9936704487467726,-0.09199574217503638,-0.03049469407954625,-0.05679697476139927,0.003303361229321092,3.053822704832668e-05,0.0018778824848074357
6443.185127911,IMU,0.9936702481442705,-0.09200010060741595,-0.03049302642576837,-0.05679431996711367,0.003303361229321092,3.053822704832668e-05,0.0018778824848074357
6443.1937774670005,IMU,0.9936698732693467,-0.09200872648474383,-0.03049401352631876,-0.05678637465618466,0.003303361229321092,3.053822704832668e-05,0.0018778824848074357
6443.197780444,TRIAD,0.9921785662497586,-0.10231348112018061,-0.033980790209466254,-0.06292018875038512,0.0034958573041521377,4.767295914226248e-05,0.0021178844842963413
6443.201777467,IMU,0.9921779310874183,-0.10231925642048627,-0.033980730141207456,-0.06292084557378044,0.0034958573041521377,4.767295914226248e-05,0.0021178844842963413
6443.209114689,IMU,0.9921771001105201,-0.1023240145657302,-0.03398279385011478,-0.06292509659564963,0.0034958573041521377,4.767295914226248e-05,0.0021178844842963413
6443.213578889,TRIAD,0.9927297369909877,-0.09270202774805167,-0.0010689438421527366,-0.07676497055471534,0.0032820057202503075,-9.667915093655719e-05,0.002731487068542947
6443.217114689,IMU,0.9927290618711724,-0.09270612912753926,-0.0010698995196567881,-0.07676873487031043,0.0032820057202503075,-9.667915093655719e-05,0.002731487068542947
6443.223335446,IMU,0.9927277810944041,-0.09271118857372726,-0.0010708515651026882,-0.07677917317575995,0.0032820057202503075,-9.667915093655719e-05,0.002731487068542947
6443.227619849,TRIAD,0.9855607573002313,-0.1117516076002377,-0.12634304377675232,-0.014798890424046932,0.003727634273692236,0.0003819939469928642,0.0004344372773235315
6443.231335446,IMU,0.9855597054864875,-0.11175985012988504,-0.126343423020603,-0.014803454994382837,0.003727634273692236,0.0003819939469928642,0.0004344372773235315
6443.242392478,TRIAD,0.9925216066967849,-0.09808727085224742,-0.036355739930338665,-0.06291269912273807,0.003474551134864045,0.00011629803755559343,0.001773936753870898
6443.244651647,IMU,0.9925206611224291,-0.09809336596776265,-0.03635649111435046,-0.06291767916939672,0.003474551134864045,0.00011629803755559343,0.001773936753870898
6443.251236997,IMU,0.9925187493239606,-0.09810480901085677,-0.036354584022909,-0.0629310965252136,0.003474551134864045,0.00011629803755559343,0.001773936753870898
6443.255403715,TRIAD,0.9927323050517033,-0.0984580391737906,-0.02862540062676428,-0.06300136084039512,0.003472369564041019,8.82337634045677e-05,0.0017975939206441552
6443.259236997,IMU,0.9927312272616642,-0.0984645275909718,-0.028624462993821834,-0.06300862912452582,0.003472369564041019,8.82337634045677e-05,0.0017975939206441552
6443.2662402920005,IMU,0.9927285442519139,-0.09848397894937462,-0.02862445750920128,-0.06302050261683816,0.003472369564041019,8.82337634045677e-05,0.0017975939206441552
6443.270390918,TRIAD,0.9861243880659768,-0.10779316465462947,-0.1254781452320987,-0.01394847605852191,0.0037644812192786335,0.0004944438749536803,-0.00022263277031555522
6443.274240292,IMU,0.9861232288454834,-0.10780362642189228,-0.1254782304440172,-0.013948811644210881,0.0037644812192786335,0.0004944438749536803,-0.00022263277031555522
6443.281214013,IMU,0.9861223987974869,-0.10781348548590292,-0.12547721786474966,-0.013940399355594532,0.0037644812192786335,0.0004944438749536803,-0.00022263277031555522
6443.285374824,TRIAD,0.9908469436263734,-0.10926485225768685,-0.0420642005054908,-0.06718727113980988,0.0036480942828648567,0.00014787270029844538,0.0019358517692505892
6443.289214013,IMU,0.9908470326159683,-0.10926741262747851,-0.042064133848901,-0.0671818363649617,0.0036480942828648567,0.00014787270029844538,0.0019358517692505892
6443.297947273,IMU,0.9908467358605181,-0.10927649531686982,-0.042068911241280815,-0.06716844730074052,0.0036480942828648567,0.00014787270029844538,0.0019358517692505892
6443.302450751,TRIAD,0.9668303026085567,-0.18725284690860847,-0.17032541857629793,-0.03412900627438219,0.005403508769443012,0.0007684332761321473,0.00022894252178824715
6443.305947273,IMU,0.9668283953930343,-0.18726373522260423,-0.1703255161114816,-0.03412280606231372,0.005403508769443012,0.0007684332761321473,0.00022894252178824715
6443.312718383,IMU,0.9668250465553346,-0.18728117664983354,-0.1703251479746948,-0.03412380684107802,0.005403508769443012,0.0007684332761321473,0.00022894252178824715
6443.316844064,TRIAD,0.9847856295794908,-0.11335326980729524,-0.13087817587389283,-0.01480550835476342,0.0042365518480166646,0.0005865971068270926,-0.0005844844372337835
6443.320718383,IMU,0.9847846467358203,-0.11336214514453996,-0.13087763988168832,-0.014807666279094174,0.0042365518480166646,0.0005865971068270926,-0.0005844844372337835
6443.328259234,IMU,0.9847814498555554,-0.11338440289818118,-0.13088017960114845,-0.014827399886176058,0.0042365518480166646,0.0005865971068270926,-0.0005844844372337835
6443.332735008,TRIAD,0.9826525459830204,-0.15173674747688864,-0.07548820208427721,-0.075309127496647,0.004754492567076921,0.0003600587361694005,0.0020323157608866447
6443.336259234,IMU,0.982649205373012,-0.15174778933949895,-0.07549119982648285,-0.07532746085672265,0.004754492567076921,0.0003600587361694005,0.0020323157608866447
6443.342062436001,IMU,0.9826440832347851,-0.1517652410700922,-0.07549438143455464,-0.0753559264983146,0.004754492567076921,0.0003600587361694005,0.0020323157608866447
6443.346554394,TRIAD,0.9850081136943883,-0.11269725659622619,-0.1297718967053936,-0.01475124189321221,0.004317054346341015,0.0005432769409808784,-0.00010661849733398709
6443.350062436,IMU,0.9850062535671276,-0.11270919732192239,-0.1297748296972935,-0.014758416234072624,0.004317054346341015,0.0005432769409808784,-0.00010661849733398709
6443.361536449,TRIAD,0.9829715326209916,-0.11920393227750711,-0.1388224068114767,-0.016903489384959686,0.00438842301465429,0.000571106875979064,-6.206949987160574e-05
6443.364500878,IMU,0.9829704345513739,-0.11921386522531432,-0.13882175622520507,-0.016902636908886593,0.00438842301465429,0.000571106875979064,-6.206949987160574e-05
6443.370793358,IMU,0.9829676686236802,-0.11923671493160738,-0.13882345843290292,-0.016888328560684965,0.00438842301465429,0.000571106875979064,-6.206949987160574e-05
6443.374986038,TRIAD,0.9926981647748789,-0.09800722569722782,-0.03219733813944369,-0.0625161481575305,0.00395634704311881,0.000188401051588026,0.0015688636209488756
6443.378793358,IMU,0.9926980369460271,-0.09801403975608301,-0.032198307267169275,-0.06250699531513335,0.00395634704311881,0.000188401051588026,0.0015688636209488756
6443.385698597001,IMU,0.992699054199334,-0.09801349647374133,-0.032199590284429376,-0.0624910288461837,0.00395634704311881,0.000188401051588026,0.0015688636209488756
6443.389799833,TRIAD,0.9929147511823726,-0.09668955548853127,-0.019513746781618595,-0.06626190783866995,0.003919084294421069,0.000134765496003603,0.0017393401199943515
6443.393698597,IMU,0.9929145236687765,-0.09669278733494702,-0.019514838949087513,-0.06626027939721235,0.003919084294421069,0.000134765496003603,0.0017393401199943515
6443.401439115,IMU,0.9929120040627242,-0.0967127034867607,-0.019515645747582824,-0.06626873126506788,0.003919084294421069,0.000134765496003603,0.0017393401199943515
6443.405919019,TRIAD,0.9842388155493014,-0.11921018891293214,-0.1296300169581642,-0.01609172237137966,0.004487182895076814,0.0006320563511785057,-0.0004994899531168473
6443.409439115,IMU,0.9842368008405186,-0.11922370116211434,-0.12963183399277373,-0.016100203976917832,0.004487182895076814,0.0006320563511785057,-0.0004994899531168473
6443.415893465,IMU,0.9842334818949218,-0.11924435980329297,-0.12963546416477434,-0.01612086234929983,0.004487182895076814,0.0006320563511785057,-0.0004994899531168473
6443.420137517,TRIAD,0.9928020640143375,-0.09682268847316232,-0.033582236063959964,-0.061981143153743645,0.004011937031515503,0.0002575047981509161,0.0012273373034894278
6443.423893465,IMU,0.9928006174497889,-0.09683055811923104,-0.033580706370818586,-0.0619928476944965,0.004011937031515503,0.0002575047981509161,0.0012273373034894278
6443.431473891,IMU,0.9927978605835333,-0.09685010118365209,-0.03358146668179434,-0.06200605629271487,0.004011937031515503,0.0002575047981509161,0.0012273373034894278
6443.435849516,TRIAD,0.9920797762929557,-0.10268223641723458,-0.02567929131268647,-0.06763615743485364,0.004102763987694542,0.0002217797947511544,0.0014685120427832224
6443.439473891,IMU,0.9920787337823512,-0.10269101112179936,-0.025677077266184695,-0.06763896742747934,0.004102763987694542,0.0002217797947511544,0.0014685120427832224
6443.450223774,TRIAD,0.9922877157472915,-0.09907350242578511,-0.015132720083182801,-0.07294197061359463,0.004051646964407359,0.00019145031789561922,0.0016144138279177171
6443.452696295,IMU,0.9922871613357158,-0.09907928658945338,-0.015130808822025131,-0.07294205262825668,0.004051646964407359,0.00019145031789561922,0.0016144138279177171
6443.4603798690005,IMU,0.9922863229621696,-0.09908787969948253,-0.015122595478754242,-0.07294348815942221,0.004051646964407359,0.00019145031789561922,0.0016144138279177171
6443.464054789,TRIAD,0.9840918093673438,-0.11776868978398221,-0.13202603718466904,-0.01621640983647088,0.004502975860133418,0.0006476589042390664,-0.0005859897905197014
6443.468379869,IMU,0.9840912683269653,-0.11777394076303392,-0.13202585360220467,-0.016212601900356303,0.004502975860133418,0.0006476589042390664,-0.0005859897905197014
6443.47536096,IMU,0.9840893269993982,-0.11779287106311788,-0.13202352621094174,-0.016211864155860987,0.004502975860133418,0.0006476589042390664,-0.0005859897905197014
6443.479220566,TRIAD,0.992170223865923,-0.09956439119686554,-0.018526305214914773,-0.0730886782923709,0.004007840696473203,0.00015287062024731948,0.0018560612226285053
6443.48336096,IMU,0.9921685968935651,-0.09957718719635875,-0.018527101929991158,-0.07309312978927411,0.004007840696473203,0.00015287062024731948,0.0018560612226285053
6443.492497628,IMU,0.9921659148877793,-0.09960189182373098,-0.018527795805803684,-0.07309569934413489,0.004007840696473203,0.00015287062024731948,0.0018560612226285053
6443.496486568,TRIAD,0.9918668866250984,-0.10373006077485887,-0.027201511797100376,-0.06855823410962765,0.004107207106401579,0.00019584768673229673,0.0016306232308044364
6443.500497628,IMU,0.9918660050601842,-0.10373860641365076,-0.027200148914429557,-0.06855859861707632,0.004107207106401579,0.00019584768673229673,0.0016306232308044364
6443.506916348,IMU,0.991864285485071,-0.10375243119914519,-0.027196306019526773,-0.06856408052580067,0.004107207106401579,0.00019584768673229673,0.0016306232308044364
6443.511096381,TRIAD,0.9926118753635813,-0.0989681423741027,-0.018668164652254945,-0.06766440209393686,0.004019792493032002,0.00015982835671367638,0.0016242772273213873
6443.514916348,IMU,0.9926105250439249,-0.0989756845810063,-0.018670939117674975,-0.06767241288892367,0.004019792493032002,0.00015982835671367638,0.0016242772273213873
6443.522960941,IMU,0.9926067624249003,-0.0989954919672192,-0.018674627751256213,-0.06769760732018403,0.004019792493032002,0.00015982835671367638,0.0016242772273213873
6443.527163566,TRIAD,0.992436131044693,-0.0998874188854524,-0.019844708793770354,-0.06855083426431699,0.0040374998424764575,0.00016564710591537987,0.001653302455434226
6443.530960941,IMU,0.9924339199457106,-0.09989960536864197,-0.019847682517478107,-0.06856422454214495,0.0040374998424764575,0.00016564710591537987,0.001653302455434226
6443.537287513001,IMU,0.9924315961408522,-0.09991061321874967,-0.019849797411847468,-0.06858120653854458,0.0040374998424764575,0.00016564710591537987,0.001653302455434226
6443.541513972,TRIAD,0.9924070564190586,-0.0992230220891707,-0.03397390273367852,-0.06425574052327111,0.004043396231526342,0.00022323262365171352,0.0014668488654454425
6443.545287513,IMU,0.9924061848650861,-0.09923025962232604,-0.03397467767779163,-0.06425761506234581,0.004043396231526342,0.00022323262365171352,0.0014668488654454425
6443.5528821240005,IMU,0.9924054446539406,-0.09924276047361619,-0.03397569708359953,-0.06424920172635938,0.004043396231526342,0.00022323262365171352,0.0014668488654454425
6443.556992249,TRIAD,0.9844336329929679,-0.11776443363955959,-0.12950837169354124,-0.015796900427239753,0.004518006446168939,0.0006419955430301135,-0.0006032404591736337
6443.560882124,IMU,0.9844323310678735,-0.11777676883283977,-0.1295082527445985,-0.015787043504404664,0.004518006446168939,0.0006419955430301135,-0.0006032404591736337
6443.568418938,IMU,0.9844290174515963,-0.11779926312386133,-0.12951493639569844,-0.01577100051291668,0.004518006446168939,0.0006419955430301135,-0.0006032404591736337
6443.571780118,TRIAD,0.9923188012609687,-0.09994125592585369,-0.03457821509259371,-0.06418324601457345,0.004052199124483472,0.00022226000946864115,0.0014764299186152546
6443.576418938,IMU,0.9923178853010304,-0.09995063404906956,-0.034579422213760785,-0.06418215347152631,0.004052199124483472,0.00022226000946864115,0.0014764299186152546
6443.5841876780005,IMU,0.9923163453208211,-0.0999601668249787,-0.034580275981787256,-0.06419065641099828,0.004052199124483472,0.00022226000946864115,0.0014764299186152546
6443.588332785,TRIAD,0.991655884343122,-0.1048267541758554,-0.028397410104482955,-0.06945175128082323,0.004135006870438434,0.00019202515237592545,0.0017180783479341323
6443.592187678,IMU,0.9916544174940937,-0.10483504011700162,-0.028400163917298684,-0.0694590621703687,0.004135006870438434,0.00019202515237592545,0.0017180783479341323
6443.598506343,IMU,0.991650712487053,-0.10485713230174937,-0.028403429337923416,-0.069477272767569,0.004135006870438434,0.00019202515237592545,0.0017180783479341323
6443.602698635,TRIAD,0.9917507000714455,-0.10468048703775326,-0.03610777109621281,-0.06456603912119842,0.004142744554324016,0.00022236515513499418,0.001531712637049426
6443.606506343,IMU,0.9917488661591519,-0.10469089099310282,-0.03610874551746139,-0.06457679391439379,0.004142744554324016,0.00022236515513499418,0.001531712637049426
6443.61754243,TRIAD,0.9842129392176062,-0.11913285188974461,-0.1298917076763715,-0.01613685701036216,0.004416807044246867,0.0005057401629996378,0.0001350880870762863
6443.620219118,IMU,0.9842120564715655,-0.11913781185319669,-0.12989334303207897,-0.016140914434907696,0.004416807044246867,0.0005057401629996378,0.0001350880870762863
6443.629443619,IMU,0.9842086597205784,-0.1191610641513956,-0.12989775714015023,-0.016140867736540533,0.004416807044246867,0.0005057401629996378,0.0001350880870762863
6443.633306337,TRIAD,0.9916396094806944,-0.10334832105993634,-0.025362538411720113,-0.07298459487030381,0.003948490805765596,3.345828941595029e-05,0.0026773967790003246
6443.637443619,IMU,0.991638269859848,-0.10336012627963488,-0.025362047537072076,-0.07298624931829503,0.003948490805765596,3.345828941595029e-05,0.0026773967790003246
6443.6449309340005,IMU,0.9916361621715828,-0.10337942805153931,-0.025359717887140632,-0.07298835823633656,0.003948490805765596,3.345828941595029e-05,0.0026773967790003246
6443.649135281,TRIAD,0.991998537590327,-0.1026095794659405,-0.028264158325806497,-0.0679066489720199,0.003940210608880787,4.503287767052228e-05,0.0024759718925772617
6443.652930934,IMU,0.9919975804876232,-0.10261758370373256,-0.0282635372977034,-0.06790879384093242,0.003940210608880787,4.503287767052228e-05,0.0024759718925772617
6443.659846377001,IMU,0.9919960389276602,-0.10262667796376357,-0.028265081922224194,-0.06791692621051142,0.003940210608880787,4.503287767052228e-05,0.0024759718925772617
6443.664040335,TRIAD,0.991820006429446,-0.10369980339787283,-0.028627580525680284,-0.06870143560932279,0.003958227659260465,4.6690452878209355e-05,0.0025029622321257683
6443.667846377,IMU,0.9918189587416721,-0.1037068830897599,-0.028628496888656332,-0.0687054921115373,0.003958227659260465,4.6690452878209355e-05,0.0025029622321257683
6443.674786542,IMU,0.9918166413018588,-0.10372238237583865,-0.028628841355417427,-0.0687154049222351,0.003958227659260465,4.6690452878209355e-05,0.0025029622321257683
6443.678923519,TRIAD,0.9918749866868831,-0.1038619403679765,-0.026576636123337688,-0.06848642595625858,0.003958192418464282,3.747149505243687e-05,0.002502470616102007
6443.682786542,IMU,0.9918737255906397,-0.10386997617498886,-0.026575907325640278,-0.06849278562133973,0.003958192418464282,3.747149505243687e-05,0.002502470616102007
6443.690324338,IMU,0.9918714574261049,-0.10388297737298234,-0.026579174084336205,-0.06850464553980018,0.003958192418464282,3.747149505243687e-05,0.002502470616102007
6443.694776408,TRIAD,0.99163566390884,-0.10402230977062084,-0.02084731906342532,-0.07350822009766728,0.003951794324381652,1.3111129157970404e-05,0.0027069647194528507
6443.698324338,IMU,0.991634427692888,-0.10402946922746759,-0.02084992406445464,-0.07351402596074061,0.003951794324381652,1.3111129157970404e-05,0.0027069647194528507
6443.704421002,IMU,0.9916330403066296,-0.10403706411892324,-0.020850045254342697,-0.07352195777206638,0.003951794324381652,1.3111129157970404e-05,0.0027069647194528507
6443.708853461,TRIAD,0.9933404731260764,-0.09449107379706714,-0.027009244219843544,-0.06013852466608065,0.0038183446721845324,3.477275913250632e-05,0.0022654537329305233
6443.712421002,IMU,0.9933401294841889,-0.09449382061190251,-0.027007564548068522,-0.060140639169220626,0.0038183446721845324,3.477275913250632e-05,0.0022654537329305233
6443.71988228,IMU,0.9933380777726017,-0.0945136691516411,-0.027007023556931256,-0.06014358044814095,0.0038183446721845324,3.477275913250632e-05,0.0022654537329305233
6443.723999775,TRIAD,0.9823203093089868,-0.12738131818973472,-0.13599084851387602,-0.0180914017095994,0.004524639848160988,0.00050253184165613,0.00046996127713275844
6443.72788228,IMU,0.9823182695290947,-0.12739655802975808,-0.1359913740821878,-0.01809089624019783,0.004524639848160988,0.00050253184165613,0.00046996127713275844
6443.734655519001,IMU,0.9823167334550172,-0.12741061851739896,-0.13598996662049798,-0.018085863038138025,0.004524639848160988,0.00050253184165613,0.00046996127713275844
6443.738527403,TRIAD,0.9972501953353159,-0.04250828573629519,-0.06065000698502966,-0.0025826730632494584,0.0031267003954385565,0.00016373738934918382,-0.00012878569754061703
6443.742655519,IMU,0.9972503237100909,-0.042510108953233115,-0.06064691305351555,-0.0025757395020606,0.0031267003954385565,0.00016373738934918382,-0.00012878569754061703
6443.750320204,IMU,0.9972505870523998,-0.042514955793323116,-0.06063968044545442,-0.0025640423181132813,0.0031267003954385565,0.00016373738934918382,-0.00012878569754061703
6443.754515125,TRIAD,0.9921526200113184,-0.10166309696469146,-0.02693457237435753,-0.06761894801928577,0.004132908361517473,1.415066444776858e-05,0.002523981497221731
6443.758320204,IMU,0.9921522344074228,-0.10166699294246723,-0.026933727383598532,-0.06761908484755516,0.004132908361517473,1.415066444776858e-05,0.002523981497221731
6443.769393957,TRIAD,0.9662813716926795,-0.11718765538790045,-0.2261624770085674,0.03765498821869341,0.004548686341492252,0.0006326020087421582,-0.0004996789975477106
6443.771989182,IMU,0.9662807356780067,-0.11719350826753443,-0.2261618754345791,0.03765670693823081,0.004548686341492252,0.0006326020087421582,-0.0004996789975477106
6443.77822944,IMU,0.9662781635817241,-0.11721032654771446,-0.22616288047682168,0.03766432569601869,0.004548686341492252,0.0006326020087421582,-0.0004996789975477106
6443.782714602,TRIAD,0.9830820011953629,-0.11832954988907096,-0.13884207533733112,-0.016455232140369133,0.004414280739843882,0.0003338565900920662,0.001303521030151135
6443.78622944,IMU,0.9830816578222159,-0.11833557549660768,-0.13883935272875342,-0.01645538693775935,0.004414280739843882,0.0003338565900920662,0.001303521030151135
6443.7941796800005,IMU,0.983079467590351,-0.11835322824863476,-0.13883824720505514,-0.016468602807368497,0.004414280739843882,0.0003338565900920662,0.001303521030151135
6443.798239639,TRIAD,0.982301616995637,-0.12407742754614325,-0.13920537365377933,-0.017612188029893925,0.004512574467076231,0.00033625594831792125,0.0013730504927898137
6443.80217968,IMU,0.9823002529047817,-0.12408740655954438,-0.1392050356496471,-0.017620633538805747,0.004512574467076231,0.00033625594831792125,0.0013730504927898137
6443.809092994,IMU,0.9822975093589291,-0.12410901007110084,-0.13920238183101197,-0.017642381329890572,0.004512574467076231,0.00033625594831792125,0.0013730504927898137
6443.812946952,TRIAD,0.9918073960706983,-0.10288382231302971,-0.04119446370124644,-0.0635297124665986,0.004005019732721782,-7.688739862383293e-05,0.0032631653679968072
6443.817092994,IMU,0.9918054122218493,-0.10289369010776643,-0.04119056342363918,-0.06354722895845256,0.004005019732721782,-7.688739862383293e-05,0.0032631653679968072
6443.824614715,IMU,0.9918021879015126,-0.10290927418291321,-0.041184382868166544,-0.06357631609873976,0.004005019732721782,-7.688739862383293e-05,0.0032631653679968072
6443.828785174,TRIAD,0.9848521774134332,-0.1162513384607497,0.03276012088551116,-0.12441297934568715,0.0041266550139239504,-0.0004034413747927959,0.005849644978994137
6443.832614715,IMU,0.9848488389174976,-0.11626025212522408,0.03276201580128001,-0.1244305773484663,0.0041266550139239504,-0.0004034413747927959,0.005849644978994137
6443.839462196001,IMU,0.9848438254033085,-0.11627487531745581,0.032764126201252755,-0.1244560362905558,0.0041266550139239504,-0.0004034413747927959,0.005849644978994137
6443.843697358,TRIAD,0.9919113056411245,-0.10433568165308875,-0.023757809759135218,-0.0682758650677811,0.004004398914409993,-0.00017747095044061322,0.0037089295543565747
6443.847462196,IMU,0.9919104795563336,-0.10433997786115491,-0.02375836911503036,-0.0682811061952875,0.004004398914409993,-0.00017747095044061322,0.0037089295543565747
6443.854356824,IMU,0.9919107729382548,-0.10434298289014847,-0.023760082861174887,-0.06827165526813071,0.004004398914409993,-0.00017747095044061322,0.0037089295543565747
6443.858508134,TRIAD,0.9825295706462088,-0.12582781728452624,-0.13596193877738336,-0.017814443776993205,0.004519116710575859,0.0002865233503616348,0.0016301371927677126
6443.862356824,IMU,0.9825290349322393,-0.12583407041995784,-0.13596192091610979,-0.017799952176036703,0.004519116710575859,0.0002865233503616348,0.0016301371927677126
6443.8711554540005,IMU,0.9825268312598937,-0.12585342553934073,-0.13596294529320957,-0.017776913162906013,0.004519116710575859,0.0002865233503616348,0.0016301371927677126
6443.875602487,TRIAD,0.9816037198851707,-0.1565809644350773,-0.07370258111267104,-0.08065028345583601,0.004922335755906998,6.656934292144747e-06,0.00462934010100212
6443.879155454,IMU,0.9816017010454041,-0.15659192466322885,-0.0737045752559251,-0.08065175274833458,0.004922335755906998,6.656934292144747e-06,0.00462934010100212
6443.889830059,TRIAD,0.9917179060766357,-0.10450157416773878,-0.030440654785514786,-0.06817904589877403,0.004297542956809619,-0.00012119992406806382,0.004398191447029852
6443.892480803,IMU,0.9917166323200052,-0.1045087379031369,-0.030441536138820172,-0.068186199184807,0.004297542956809619,-0.00012119992406806382,0.004398191447029852
6443.90035334,IMU,0.9917123013871596,-0.10452724808575133,-0.030441506188229384,-0.06822082076606376,0.004297542956809619,-0.00012119992406806382,0.004398191447029852
6443.904569613,TRIAD,0.9839190233572939,-0.11932215628223836,-0.13190796644163208,-0.01630542501805234,0.004686514490056771,0.0002867600906074358,0.0023309620781299368
6443.90835334,IMU,0.9839174441562802,-0.11932963658424635,-0.1319103773537395,-0.016326459017155463,0.004686514490056771,0.0002867600906074358,0.0023309620781299368
6443.914647264,IMU,0.9839143437023621,-0.1193478826702894,-0.13191259156131177,-0.01636200924237206,0.004686514490056771,0.0002867600906074358,0.0023309620781299368
6443.918847556,TRIAD,0.9919119143025514,-0.10290526840063387,-0.03891818284848619,-0.06329798609603118,0.004298469326939868,-7.622594638606649e-05,0.004111475453458459
6443.922647264,IMU,0.9919094835601009,-0.10291705485775833,-0.038918761583591394,-0.06331655581077487,0.004298469326939868,-7.622594638606649e-05,0.004111475453458459
6443.930200078,IMU,0.9919069032992759,-0.10292886271507305,-0.03891623222447771,-0.06333933435767415,0.004298469326939868,-7.622594638606649e-05,0.004111475453458459
6443.934346777,TRIAD,0.985739468523457,-0.11188671181991985,-0.12486936102595465,-0.014377294258261807,0.004594362157843497,0.00029837052330889676,0.002044974027492037
6443.938200078,IMU,0.9857393793628658,-0.11188840026614497,-0.12486865952491659,-0.014376360027687118,0.004594362157843497,0.00029837052330889676,0.002044974027492037
6443.945104281001,IMU,0.9857383812142372,-0.1119008562710978,-0.12486660480211038,-0.014365694279218511,0.004594362157843497,0.00029837052330889676,0.002044974027492037
6443.948748146,TRIAD,0.9918862274845814,-0.10265587811773114,-0.04002777144236539,-0.06341340495226881,0.004308630917174161,-5.390522268802013e-05,0.004000299798884126
6443.953104281,IMU,0.9918855630483853,-0.10266664603886394,-0.04002812075518,-0.06340614446666193,0.004308630917174161,-5.390522268802013e-05,0.004000299798884126
6443.961477948,IMU,0.99188386696282,-0.10268737332758314,-0.040026238868661794,-0.0634002998415089,0.004308630917174161,-5.390522268802013e-05,0.004000299798884126
6443.965198424,TRIAD,0.9927070076290943,-0.09856249287410601,-0.025109293321955637,-0.06471286882377521,0.004207144357047626,-0.0001295309919428378,0.004107065248513732
6443.969477948,IMU,0.9927063297102036,-0.09857057441554053,-0.02510931683320325,-0.06471094977557285,0.004207144357047626,-0.0001295309919428378,0.004107065248513732
6443.976868243,IMU,0.9927044566140011,-0.09858269860839508,-0.025110274519191726,-0.06472084260389398,0.004207144357047626,-0.0001295309919428378,0.004107065248513732
6443.981042535,TRIAD,0.9921989732006464,-0.10149086428693505,-0.027268001207569496,-0.06706159971263816,0.004261639526811208,-0.00011887576435697855,0.00418996504036203
6443.984868243,IMU,0.9921973613088639,-0.101499925437174,-0.027269283134107473,-0.06707121249334844,0.004261639526811208,-0.00011887576435697855,0.00418996504036203
6443.991835316,IMU,0.992193716218825,-0.10151680767349507,-0.0272689549200938,-0.06709971202044307,0.004261639526811208,-0.00011887576435697855,0.00418996504036203
6443.995955108,TRIAD,0.9922447466795699,-0.09657259053403942,-0.03739479081404331,-0.06874392383560043,0.0041902369786633534,-7.158410993352537e-05,0.004206045128300471
6443.999835316,IMU,0.9922425136008439,-0.09658311900624479,-0.037393916622639925,-0.0687618377133978,0.0041902369786633534,-7.158410993352537e-05,0.004206045128300471
6444.007682945,IMU,0.9922383344047401,-0.09659927447114287,-0.037394215644088805,-0.06879927721800161,0.0041902369786633534,-7.158410993352537e-05,0.004206045128300471
6444.012156719,TRIAD,0.9839715170232134,-0.14651951375983985,-0.06927788644676067,-0.07438185413181024,0.005137202452789273,6.915980940427697e-05,0.00439000825299803
6444.015682945,IMU,0.9839684132217605,-0.14653019600918668,-0.06928025898633736,-0.07439965829320866,0.005137202452789273,6.915980940427697e-05,0.00439000825299803
6444.022485500001,IMU,0.9839630280666505,-0.1465507946393779,-0.06928342766222263,-0.07442735142303755,0.005137202452789273,6.915980940427697e-05,0.00439000825299803
6444.026589606,TRIAD,0.9925543998972526,-0.09923568720672431,-0.03134404221135679,-0.06328975151686675,0.004339166552276248,-8.590230202660101e-05,0.004081627468309645
6444.0304855,IMU,0.9925526757868048,-0.09924509661677161,-0.03134383315692435,-0.06330213826572202,0.004339166552276248,-8.590230202660101e-05,0.004081627468309645
6444.038141925,IMU,0.9925512071519483,-0.09925374361503239,-0.03134708728895411,-0.06330999666806575,0.004339166552276248,-8.590230202660101e-05,0.004081627468309645
6444.042591162,TRIAD,0.991716903609353,-0.10495956557941036,-0.026249506451030066,-0.06922453394524294,0.004432441159191557,-0.0001088089443282572,0.004326061962352785
6444.046141925,IMU,0.9917169359234751,-0.10496104912513847,-0.026249543347591282,-0.06922180756919927,0.004432441159191557,-0.0001088089443282572,0.004326061962352785
6444.056747215,TRIAD,0.9925555113700317,-0.09974972131986452,-0.028689432972082624,-0.06372178890556035,0.004377010280826973,-0.00010208671343019912,0.0041917082335475786
6444.059340014,IMU,0.9925555092791717,-0.09975344047326491,-0.028689288029563418,-0.06371606442387946,0.004377010280826973,-0.00010208671343019912,0.0041917082335475786
6444.066744866001,IMU,0.9925547657816225,-0.09976899896071861,-0.02869081344197971,-0.06370259802082169,0.004377010280826973,-0.00010208671343019912,0.0041917082335475786
6444.070548509,TRIAD,0.9900459338518529,-0.10553791057697116,0.006348701243320249,-0.09290044287829258,0.004421682521926247,-0.00023396449573715778,0.005241822759997489
6444.074744866,IMU,0.9900456031594782,-0.10554339860931906,0.006349265539061347,-0.09289769373721812,0.004421682521926247,-0.00023396449573715778,0.005241822759997489
6444.0829066060005,IMU,0.9900429957163044,-0.1055567264117946,0.006350336805086064,-0.09291026512056352,0.004421682521926247,-0.00023396449573715778,0.005241822759997489
6444.087413454,TRIAD,0.9903862313389901,-0.10978405631852678,-0.010365041685932287,-0.08351730158028217,0.004528972379139901,-0.000156966315284963,0.004801886553455615
6444.090906606,IMU,0.9903849459431305,-0.10978872210355416,-0.01036573682236383,-0.0835263242829492,0.004528972379139901,-0.000156966315284963,0.004801886553455615
6444.098494384,IMU,0.9903798154844735,-0.10981222627698169,-0.010366716132198472,-0.08355613225651133,0.004528972379139901,-0.000156966315284963,0.004801886553455615
6444.102656324,TRIAD,0.9834236862777912,-0.12255328086716866,-0.13255509156543574,-0.01696155407302999,0.004946661901697687,0.0003641097585869598,0.0020033885726577537
6444.106494384,IMU,0.9834214688648232,-0.12256692173360548,-0.13255662796932743,-0.016979536327684366,0.004946661901697687,0.0003641097585869598,0.0020033885726577537
6444.112833104,IMU,0.9834186501592997,-0.1225850487777301,-0.13255600160658376,-0.017016779163458146,0.004946661901697687,0.0003641097585869598,0.0020033885726577537
6444.117050026,TRIAD,0.9915830873210606,-0.10526009377166326,-0.03868518130130718,-0.0647051029340009,0.00453734232039858,-5.6712534258978415e-06,0.0038293833143663793
6444.120833104,IMU,0.991580394989712,-0.10526952915827859,-0.03868387949001266,-0.06473178485445413,0.00453734232039858,-5.6712534258978415e-06,0.0038293833143663793
6444.129340586001,IMU,0.9915754819446563,-0.10528336320273554,-0.038684121290992246,-0.06478437928148456,0.00453734232039858,-5.6712534258978415e-06,0.0038293833143663793
6444.133234341,TRIAD,0.9716874507740899,-0.16936408611432177,-0.16213744635706528,-0.029167667572518447,0.0059610615770397096,0.0005790692764778388,0.002071972399143692
6444.137340586,IMU,0.9716852503596725,-0.16937132712585667,-0.16214134025912047,-0.0291772781469222,0.0059610615770397096,0.0005790692764778388,0.002071972399143692
6444.143831918001,IMU,0.9716813945836171,-0.16939731473094322,-0.16213907096078042,-0.029167427894103908,0.0059610615770397096,0.0005790692764778388,0.002071972399143692
6444.148325562,TRIAD,0.981566792596087,-0.12657695236559613,-0.14204396169866224,-0.018122354908154482,0.005270543696064792,0.0004830065006774959,0.0015783055300700457
6444.151831918,IMU,0.98156504845425,-0.12659176055192325,-0.1420446913388615,-0.018107663455509217,0.005270543696064792,0.0004830065006774959,0.0015783055300700457
6444.158284008,IMU,0.9815624479071763,-0.12660829015293612,-0.14205103800408297,-0.01808326090572372,0.005270543696064792,0.0004830065006774959,0.0015783055300700457
6444.162450745,TRIAD,0.9998746367408575,0.002592289453017552,0.015600073442517206,-0.0007928091310069763,0.003263196538009837,-0.00017160102174070522,0.0010749812736836387
6444.166284008,IMU,0.9998746753418155,0.002591101139233452,0.01559818469712677,-0.0007851363828826093,0.003263196538009837,-0.00017160102174070522,0.0010749812736836387
6444.173812915,IMU,0.9998747260570516,0.0025864725843398636,0.015595527631714338,-0.0007885872145362817,0.003263196538009837,-0.00017160102174070522,0.0010749812736836387
6444.178316985,TRIAD,0.9919308336807516,-0.10252885003259063,-0.027525668028293305,-0.06930651992417536,0.005126337180024333,2.902874649083343e-05,0.003515309381974984
6444.181812915,IMU,0.9919290660233044,-0.10253845634729548,-0.027528293711783048,-0.06931656362924182,0.005126337180024333,2.902874649083343e-05,0.003515309381974984
6444.192501631,TRIAD,0.9978724461009001,-0.03868691886142239,-0.0524432358413198,-0.001900167389429247,0.0044594097363162034,9.605240000847232e-05,0.0019116558504349822
6444.195098764,IMU,0.9978721702377387,-0.038693574828301595,-0.05244325769710586,-0.0019088881966274705,0.0044594097363162034,9.605240000847232e-05,0.0019116558504349822
6444.202904819,IMU,0.9978712127909252,-0.03871854809527452,-0.052441917681598324,-0.0019395840891024939,0.0044594097363162034,9.605240000847232e-05,0.0019116558504349822
6444.206957278,TRIAD,0.9821669241140384,-0.12566987088003223,-0.13862346078288615,-0.018405239741463478,0.005846572821324276,0.0004686618051303161,0.002501031507793942
6444.210904819,IMU,0.9821651243111995,-0.12568039547194151,-0.13862455097455545,-0.018421201043512265,0.005846572821324276,0.0004686618051303161,0.002501031507793942
6444.217291243001,IMU,0.98216168702724,-0.12569991525031898,-0.13862851310587976,-0.01844145319440272,0.005846572821324276,0.0004686618051303161,0.002501031507793942
6444.221520757,TRIAD,0.9984138264478772,-0.03223317682893005,-0.04613382244863927,-0.0015886772801384094,0.004355874515269691,6.755876601783446e-05,0.0018988461943003413
6444.225291243,IMU,0.9984135286026458,-0.03224299894362542,-0.046133360865043806,-0.0015899489397293118,0.004355874515269691,6.755876601783446e-05,0.0018988461943003413
6444.2321398720005,IMU,0.998412971881808,-0.03226019161069441,-0.046133846480377286,-0.0015766497081853646,0.004355874515269691,6.755876601783446e-05,0.0018988461943003413
6444.236376182,TRIAD,0.9896734253503024,-0.11529977810030198,-0.025681428838306805,-0.08119689980684941,0.005660408904642892,-9.825463442386919e-06,0.004755384407815777
6444.240139872,IMU,0.9896727175740581,-0.11530920311522565,-0.025681239568121163,-0.08119220221643875,0.005660408904642892,-9.825463442386919e-06,0.004755384407815777
6444.248799576,IMU,0.9896698293243182,-0.11533635835797429,-0.025680629524946628,-0.08118903025100245,0.005660408904642892,-9.825463442386919e-06,0.004755384407815777
6444.25309009,TRIAD,0.9888059275893077,-0.12162865344002337,-0.03861962535081596,-0.07731644562690439,0.005803318827603256,5.086728898269429e-05,0.004553255956764699
6444.256799576,IMU,0.988804141791973,-0.12163894014211485,-0.038621926033471074,-0.07732195189988444,0.005803318827603256,5.086728898269429e-05,0.004553255956764699
6444.263340667,IMU,0.9888009571010958,-0.12165115816060108,-0.03862796482528992,-0.07734043759636826,0.005803318827603256,5.086728898269429e-05,0.004553255956764699
6444.267829866,TRIAD,0.9912987342302525,-0.10725270837418664,-0.037888029707214076,-0.06624328845103018,0.005578408050689319,4.6313150586902135e-05,0.004172378284033095
6444.271340667,IMU,0.9912972027108966,-0.10725777991922454,-0.037890922176982984,-0.06625633977913765,0.005578408050689319,4.6313150586902135e-05,0.004172378284033095
6444.278954962,IMU,0.9912922447541058,-0.10728145846339081,-0.03789384873683918,-0.06629049998486364,0.005578408050689319,4.6313150586902135e-05,0.004172378284033095
6444.283643107,TRIAD,0.9912747969582714,-0.10734405169521156,-0.028351688066428144,-0.07104726078307104,0.005565570606228222,5.200372167633142e-06,0.004376384421399954
6444.286954962,IMU,0.9912724895756387,-0.10735662142327973,-0.028351416846767508,-0.07106056860084,0.005565570606228222,5.200372167633142e-06,0.004376384421399954
6444.297480919,TRIAD,0.992184457484846,-0.10197856192496327,-0.03002254498038758,-0.0653377534517301,0.00551169384736812,9.235186085464531e-06,0.004247936323606961
6444.300086126,IMU,0.992182928173617,-0.10198909035367196,-0.03002094858136648,-0.06534527630925348,0.00551169384736812,9.235186085464531e-06,0.004247936323606961
6444.307842218001,IMU,0.9921805760839261,-0.10200761100589378,-0.030017241503446285,-0.06535378299044897,0.00551169384736812,9.235186085464531e-06,0.004247936323606961
6444.312060528,TRIAD,0.9584417377612852,-0.12467011004594493,-0.2532264293399901,0.041511136601865395,0.006213369068551477,0.0009083583057958143,3.9208425173187234e-05
6444.315842218,IMU,0.9584398365746976,-0.12468149502726124,-0.2532271846537654,0.041516230762942787,0.006213369068551477,0.0009083583057958143,3.9208425173187234e-05
6444.3222961050005,IMU,0.9584360441737311,-0.12470860756531511,-0.2532272716435844,0.04152181744187717,0.006213369068551477,0.0009083583057958143,3.9208425173187234e-05
6444.3265291,TRIAD,0.9913108050159166,-0.10420055874254308,-0.045300100093275425,-0.06627995434500995,0.005537422668042729,7.423519064947448e-05,0.004176129783840256
6444.330296105,IMU,0.9913088519830008,-0.10421641360552637,-0.04529759827689332,-0.06628594651728463,0.005537422668042729,7.423519064947448e-05,0.004176129783840256
6444.337950085001,IMU,0.9913053272017981,-0.10423504445398694,-0.04529674387355671,-0.0663099446800018,0.005537422668042729,7.423519064947448e-05,0.004176129783840256
6444.341784951,TRIAD,0.9908098375167229,-0.1086408082166713,-0.02315618482256672,-0.0771805142155504,0.005580631744644201,-2.5038730936395733e-05,0.004661527794744242
6444.345950085,IMU,0.9908079094440689,-0.10864599369551783,-0.023156904160968755,-0.07719774884455509,0.005580631744644201,-2.5038730936395733e-05,0.004661527794744242
6444.353468751,IMU,0.9908056475887977,-0.10865354311284808,-0.023155508137429365,-0.07721657022987424,0.005580631744644201,-2.5038730936395733e-05,0.004661527794744242
6444.357949284,TRIAD,0.998087614667137,0.021511025794451178,0.0579072377778256,-0.0022673840163198043,0.003150984788386563,-0.00040650568442724083,0.002075714067972625
6444.361468751,IMU,0.9980876156315667,0.021507004449586965,0.057908895130189035,-0.0022627742486204462,0.003150984788386563,-0.00040650568442724083,0.002075714067972625
6444.36816025,IMU,0.9980877533220075,0.021500914649907252,0.05790957040225434,-0.0022425417881179986,0.003150984788386563,-0.00040650568442724083,0.002075714067972625
6444.372327449,TRIAD,0.9920632246083343,-0.1015159860831889,-0.01910628163084583,-0.07169388364089735,0.005161660401250483,-8.738111625112806e-05,0.004165159999383498
6444.37616025,IMU,0.992063504990973,-0.10152202219230405,-0.01910311002492684,-0.07168230090047782,0.005161660401250483,-8.738111625112806e-05,0.004165159999383498
6444.383969712,IMU,0.992063119958498,-0.10153464725141495,-0.019091753130812864,-0.07167277299040149,0.005161660401250483,-8.738111625112806e-05,0.004165159999383498
6444.388470282,TRIAD,0.9771187681205199,-0.17597376628679254,-0.0856006007411918,-0.0833347689636575,0.006594989825412967,0.00021102558123238025,0.004436944686957064
6444.391969712,IMU,0.9771165497822865,-0.17598508572190127,-0.08559756567417837,-0.08333999337455249,0.006594989825412967,0.00021102558123238025,0.004436944686957064
6444.397687802,IMU,0.9771103556846888,-0.1760089817260126,-0.08559092379832603,-0.08336896862059619,0.006594989825412967,0.00021102558123238025,0.004436944686957064
6444.402212539,TRIAD,0.9913555485640302,-0.10659014021005773,-0.0346030551676217,-0.06823010269945126,0.0055473325864149985,2.6086103401457922e-05,0.004055885754529784
6444.405687802,IMU,0.991351850856412,-0.10660549537501576,-0.034599382883044746,-0.06826169396906588,0.0055473325864149985,2.6086103401457922e-05,0.004055885754529784
6444.417248649,TRIAD,0.9818107893546386,-0.13216273221677444,-0.1350075240697239,-0.018803046678175173,0.005926749366694935,0.00030083623092297916,0.0027627037853207477
6444.420250263,IMU,0.9818091886586819,-0.1321700848589186,-0.13500743743095253,-0.018835540132806868,0.005926749366694935,0.00030083623092297916,0.0027627037853207477
6444.426655687,IMU,0.9818056984683691,-0.13218619628107273,-0.13500995096792012,-0.018886320642717835,0.005926749366694935,0.00030083623092297916,0.0027627037853207477
6444.430807257,TRIAD,0.990518834204446,-0.11141256787270765,-0.04141110465641342,-0.06888250298450393,0.00549193250719856,-3.179061425346441e-05,0.004520324558653562
6444.434655687,IMU,0.9905166751634016,-0.11142698499165284,-0.04141122787956141,-0.06889015491648535,0.00549193250719856,-3.179061425346441e-05,0.004520324558653562
6444.441541815,IMU,0.9905160295576941,-0.11145326144129775,-0.0414065850504726,-0.06885971549329058,0.00549193250719856,-3.179061425346441e-05,0.004520324558653562
6444.44570957,TRIAD,0.9827203783251819,-0.12421174818641602,-0.13611224760763646,-0.017480151260316212,0.00585826187178054,0.00035577034400685354,0.0024499979511972757
6444.449541815,IMU,0.9827193110307068,-0.12422186445308821,-0.13611450277682996,-0.017450680586961174,0.00585826187178054,0.00035577034400685354,0.0024499979511972757
6444.457508500001,IMU,0.9827184587708359,-0.12422710184190822,-0.13612140583225915,-0.0174074935956566,0.00585826187178054,0.00035577034400685354,0.0024499979511972757
6444.461991496,TRIAD,0.97978622820878,-0.16339417780180174,-0.08096558604921945,-0.08225486945216127,0.006386644932388144,0.00012958476656783587,0.0053105630530335644
6444.4655085,IMU,0.979786222146631,-0.16339453176936186,-0.08096805458006372,-0.08225180859424082,0.006386644932388144,0.00012958476656783587,0.0053105630530335644
6444.473751223,IMU,0.9797811143655238,-0.1634081589220569,-0.08097230912557864,-0.08228138723446522,0.006386644932388144,0.00012958476656783587,0.0053105630530335644
6444.477621496,TRIAD,0.9765912344759115,-0.14976822243067342,-0.1526045577253654,-0.023471030148188264,0.006346990547392759,0.00043155029749888355,0.002677363400341794
6444.481751223,IMU,0.9765881961106482,-0.14978046129681685,-0.152607437720986,-0.02350060814741721,0.006346990547392759,0.00043155029749888355,0.002677363400341794
6444.488836832,IMU,0.9765808596852394,-0.14980933562056453,-0.1526152708775475,-0.02357045931534946,0.006346990547392759,0.00043155029749888355,0.002677363400341794
6444.493292884,TRIAD,0.990307939904286,-0.11202156263585746,-0.03518274002824156,-0.07418577000513488,0.005489089871889811,-7.363297175473692e-05,0.004861178416621811
6444.496836832,IMU,0.9903035128154957,-0.11203790665296197,-0.03518264725770207,-0.07422022170575736,0.005489089871889811,-7.363297175473692e-05,0.004861178416621811
6444.503421275001,IMU,0.9902972073590227,-0.11207067643900406,-0.03518048597777808,-0.07425589529318276,0.005489089871889811,-7.363297175473692e-05,0.004861178416621811
6444.507545789,TRIAD,0.9918341752092363,-0.10434990178971851,-0.03002856790686916,-0.06689059719386925,0.005364928769782574,-9.639985466797899e-05,0.004632042741059886
6444.511421275,IMU,0.9918324307364473,-0.1043670535404181,-0.030027295448589193,-0.06689027584608265,0.005364928769782574,-9.639985466797899e-05,0.004632042741059886
6444.519128441,IMU,0.9918327199412372,-0.10438254793922964,-0.030029321414143134,-0.06686089436350535,0.005364928769782574,-9.639985466797899e-05,0.004632042741059886
6444.523570863,TRIAD,0.9811633947383257,-0.15960882716627114,-0.07420930151973602,-0.07960147413286257,0.006406435335004018,0.00010303265674570263,0.005015832838242642
6444.527128441,IMU,0.9811642544837774,-0.1596103257372826,-0.07421034795638323,-0.07958689526250312,0.006406435335004018,0.00010303265674570263,0.005015832838242642
6444.534416366,IMU,0.9811636754568632,-0.1596150109540316,-0.07421884875329363,-0.0795767097325563,0.006406435335004018,0.00010303265674570263,0.005015832838242642
6444.53856464,TRIAD,0.9918384125238399,-0.10396416332375452,-0.03229590045670719,-0.06637010622465153,0.005424528211865478,-7.531426176484704e-05,0.004627127510986275
6444.542416366,IMU,0.9918370417396567,-0.10397122451561343,-0.032298082649708605,-0.06637846761565744,0.005424528211865478,-7.531426176484704e-05,0.004627127510986275
6444.5500917360005,IMU,0.9918306982846291,-0.10399842043869251,-0.03230432275159234,-0.06642759379988847,0.005424528211865478,-7.531426176484704e-05,0.004627127510986275
6444.554555362,TRIAD,0.9964022870764188,-0.04988528909281082,-0.06842957949594569,-0.0033664359516931285,0.004541845000881517,8.062111390861961e-05,0.002115487977188576
6444.558091736,IMU,0.9964015197011734,-0.049898922955565854,-0.06842947221399029,-0.003393575928350993,0.004541845000881517,8.062111390861961e-05,0.002115487977188576
6444.568368507,TRIAD,0.9920842438814795,-0.10111183674050728,-0.03382960230930176,-0.06633858244391956,0.00506403219934301,-1.528003556134642e-05,0.0036484505547029027
6444.570766695,IMU,0.9920818146524747,-0.1011224545329828,-0.03382980458438661,-0.0663586207425988,0.00506403219934301,-1.528003556134642e-05,0.0036484505547029027
6444.57791712,IMU,0.9920761222519747,-0.10115321335486065,-0.03382611660904759,-0.06639871173917501,0.00506403219934301,-1.528003556134642e-05,0.0036484505547029027
6444.58196993,TRIAD,0.9912091765751507,-0.10820279943429485,-0.03640359671241832,-0.06686778457667855,0.005169974510342418,-6.7964305888403865e-06,0.0036636611042005947
6444.58591712,IMU,0.991207482954742,-0.10821756505299317,-0.03640085973405516,-0.06687048496270633,0.005169974510342418,-6.7964305888403865e-06,0.0036636611042005947
6444.593528008,IMU,0.9912065622148492,-0.10823949712717501,-0.036401312450603025,-0.06684838618658068,0.005169974510342418,-6.7964305888403865e-06,0.0036636611042005947
6444.597586059,TRIAD,0.9911113309807776,-0.1086693066745095,-0.027220140790766723,-0.07175217992314716,0.005163664102010372,-4.760329167083516e-05,0.003879780793491472
6444.601528008,IMU,0.9911120529379305,-0.10867243080498393,-0.027222020596769772,-0.07173676113908405,0.005163664102010372,-4.760329167083516e-05,0.003879780793491472
6444.608598303,IMU,0.9911133595142466,-0.10867422629572633,-0.027227159144351386,-0.07171403583913784,0.005163664102010372,-4.760329167083516e-05,0.003879780793491472
6444.612749465,TRIAD,0.9292649287481133,-0.14419274886980993,-0.33239296239272687,0.0720420843946036,0.006336041724789044,0.0012840962364144457,-0.002205673543559585
6444.616598303,IMU,0.9292608032714061,-0.14420124781760324,-0.33239775102976193,0.07205619155620066,0.006336041724789044,0.0012840962364144457,-0.002205673543559585
6444.624388117,IMU,0.9292548960124454,-0.14421964317357489,-0.33240577138182126,0.07205855890761627,0.006336041724789044,0.0012840962364144457,-0.002205673543559585
6444.628860947,TRIAD,0.9903331356055657,-0.11204897660634391,-0.04267401086495806,-0.06974407616290469,0.005151754673229182,-4.432027461397938e-05,0.004101133924621542
6444.632388117,IMU,0.9903310628403594,-0.1120571280022762,-0.04267651220680875,-0.06975888003134526,0.005151754673229182,-4.432027461397938e-05,0.004101133924621542
6444.639135783,IMU,0.9903261001453713,-0.11207743626828386,-0.042677821348518594,-0.06979589683737014,0.005151754673229182,-4.432027461397938e-05,0.004101133924621542
6444.64328276,TRIAD,0.9900405506032974,-0.11520211077226461,-0.03403656096014469,-0.07341453774792187,0.005189307476303484,-8.003917147909347e-05,0.0042549055898172625
6444.647135783,IMU,0.9900370343392745,-0.1152169190439287,-0.03403463247820511,-0.07343960780663845,0.005189307476303484,-8.003917147909347e-05,0.0042549055898172625
6444.654715467001,IMU,0.9900307695852458,-0.11524837036921748,-0.03402835252590593,-0.0734776130944537,0.005189307476303484,-8.003917147909347e-05,0.0042549055898172625
6444.659218722,TRIAD,0.991098279410395,-0.10879077959333405,-0.027212356544867502,-0.07175133780288905,0.005067082136744748,-0.00011070724682457,0.004210507070627844
6444.662715467,IMU,0.9910956792733331,-0.10880629934554896,-0.02721246466062963,-0.07176367824708701,0.005067082136744748,-0.00011070724682457,0.004210507070627844
6444.673106627,TRIAD,0.9918276773216,-0.10434361306400515,-0.030220502844207287,-0.06691031399890975,0.0050213427233199645,-0.00010235259158565796,0.004092340192547948
6444.675537611,IMU,0.9918266825103599,-0.10434998342785645,-0.030220990097986466,-0.06691490548896775,0.0050213427233199645,-0.00010235259158565796,0.004092340192547948
6444.681909739,IMU,0.9918260177575658,-0.10435792499395699,-0.030222183893105735,-0.06691183446039893,0.0050213427233199645,-0.00010235259158565796,0.004092340192547948
6444.686067086,TRIAD,0.9905498085198777,-0.10914687797969568,-0.013411618063541157,-0.08196440916298395,0.005065948400191739,-0.00015802534632618564,0.004565685824648141
6444.689909739,IMU,0.9905495232096968,-0.10915150352629238,-0.013412322076226476,-0.08196158224141305,0.005065948400191739,-0.00015802534632618564,0.004565685824648141
6444.69909061,IMU,0.9905488505356115,-0.10916044971387578,-0.013418712300897518,-0.08195675128401074,0.005065948400191739,-0.00015802534632618564,0.004565685824648141
6444.703492255,TRIAD,0.9771958010270658,-0.17732869624264203,-0.07888890324327916,-0.08613617642447775,0.006548126257065639,0.0001609295602275704,0.004524329574573665
6444.70709061,IMU,0.9771938261245423,-0.17733668314523415,-0.07889073531685942,-0.08614046015833587,0.006548126257065639,0.0001609295602275704,0.004524329574573665
6444.712880182,IMU,0.9771891635584429,-0.17735321566100093,-0.078891020474328,-0.08615905296120946,0.006548126257065639,0.0001609295602275704,0.004524329574573665
6444.717271678,TRIAD,0.9906591715782868,-0.11109244539257865,-0.030402957361433895,-0.0729968117673543,0.0055246542060878485,-1.6923486290384006e-05,0.004206202741981589
6444.720880182,IMU,0.9906565703148652,-0.11110238253055055,-0.03040468731406109,-0.07301626721052101,0.0055246542060878485,-1.6923486290384006e-05,0.004206202741981589
6444.729579516,IMU,0.9906489226958919,-0.11112917336194857,-0.030407917131138502,-0.07307788560915522,0.0055246542060878485,-1.6923486290384006e-05,0.004206202741981589
6444.734090253,TRIAD,0.9811837729804902,-0.15962227404831772,-0.06844104464217096,-0.08435020258246048,0.006496922424619585,0.00016319036618699635,0.004562440189932653
6444.737579516,IMU,0.9811796737561417,-0.15963601719706116,-0.06844241021346296,-0.08437076688891205,0.006496922424619585,0.00016319036618699635,0.004562440189932653
6444.743337698,IMU,0.9811746111454611,-0.15965810589029727,-0.06844040072493045,-0.08438947337012402,0.006496922424619585,0.00016319036618699635,0.004562440189932653
6444.747827083,TRIAD,0.9916692492352882,-0.10418906913083367,-0.024921563577316345,-0.07152379788316725,0.005653328682275626,5.0040112971191865e-06,0.004257924290751155
6444.751337698,IMU,0.9916682436946452,-0.10420017468496952,-0.02492228000797419,-0.07152131152603325,0.005653328682275626,5.0040112971191865e-06,0.004257924290751155
6444.758828142,IMU,0.9916680531317709,-0.10421433262493943,-0.02492366535178727,-0.07150284035487016,0.005653328682275626,5.0040112971191865e-06,0.004257924290751155
6444.762642026,TRIAD,0.9973232893650232,-0.04399378428492783,-0.058346596198781284,-0.0025452203122334482,0.00470345495909609,0.00014149644684230628,0.0016765214257371767
6444.766828142,IMU,0.997323275126861,-0.043995909543619746,-0.05834600207302511,-0.0025276225500761086,0.00470345495909609,0.00014149644684230628,0.0016765214257371767
6444.773982437,IMU,0.9973228897353448,-0.04400338201509618,-0.05834756780045652,-0.002513426534840954,0.00470345495909609,0.00014149644684230628,0.0016765214257371767
6444.778188544,TRIAD,0.9919787066223351,-0.10226477241977192,-0.021885061056252337,-0.07100145091739762,0.005650723063659262,-1.4204292910246705e-05,0.004320898071260182
6444.781982437,IMU,0.9919769690997727,-0.10227539876115903,-0.021885554526972217,-0.07101026747535603,0.005650723063659262,-1.4204292910246705e-05,0.004320898071260182
6444.793334783,TRIAD,0.9845752955514038,-0.11906747786174415,-0.12720716075565133,-0.015898470303619613,0.005961499840147872,0.0003052693643014954,0.0027613551812477885
6444.795936027,IMU,0.984573733402602,-0.11907679489604757,-0.12720907714050347,-0.015910094406011197,0.005961499840147872,0.0003052693643014954,0.0027613551812477885
6444.802963655,IMU,0.9845697687263377,-0.11910359938066649,-0.12720914282944087,-0.015954219044962196,0.005961499840147872,0.0003052693643014954,0.0027613551812477885
6444.807282133,TRIAD,0.9908651760625913,-0.1088497197885796,-0.03340478631729997,-0.07226383341266365,0.005673047702002708,-3.6698734198352986e-05,0.004758602900967555
6444.810963655,IMU,0.9908619827792873,-0.1088624949790493,-0.03340526391064396,-0.07228814987739184,0.005673047702002708,-3.6698734198352986e-05,0.004758602900967555
6444.817319950001,IMU,0.9908567382497899,-0.10888853293124101,-0.03340358627937334,-0.07232158795785476,0.005673047702002708,-3.6698734198352986e-05,0.004758602900967555
6444.82154826,TRIAD,0.9838666728222466,-0.1209385368193441,-0.13081384596981532,-0.016370037393479617,0.0060072032392103816,0.00033620369600109907,0.002678691054810245
6444.82531995,IMU,0.9838648321079115,-0.12095187784267881,-0.1308142470440174,-0.016378893671663883,0.0060072032392103816,0.00033620369600109907,0.002678691054810245
6444.832397597001,IMU,0.9838619698204785,-0.12097780410955307,-0.13081144873848116,-0.016381701155203196,0.0060072032392103816,0.00033620369600109907,0.002678691054810245
6444.836557963,TRIAD,0.9906909410845867,-0.10928039718236522,-0.025119541959513648,-0.07718978336765242,0.005639411281490484,-0.00010034609736360157,0.005128457178903274
6444.840397597,IMU,0.9906897953464516,-0.10929182079489541,-0.025118463044731698,-0.07718866573540774,0.005639411281490484,-0.00010034609736360157,0.005128457178903274
6444.84802517,IMU,0.9906884645788872,-0.10930408816452325,-0.02511988242749948,-0.07718791335227224,0.005639411281490484,-0.00010034609736360157,0.005128457178903274
6444.852511388,TRIAD,0.9910067046746943,-0.10840969188322984,-0.030785600016745834,-0.07214774304990725,0.0056331244863253,-7.61016739051893e-05,0.004922539183328798
6444.85602517,IMU,0.991005989355976,-0.10841399407852878,-0.03078857356901873,-0.07214983496938229,0.0056331244863253,-7.61016739051893e-05,0.004922539183328798
6444.862657205,IMU,0.9910034140675016,-0.10842984627480264,-0.030789044884141043,-0.07216118387679835,0.0056331244863253,-7.61016739051893e-05,0.004922539183328798
6444.866766571,TRIAD,0.9910035301450495,-0.10958675534779148,-0.03640543380440156,-0.06765641641342426,0.005659557370768898,-5.503660853681778e-05,0.004760383819537924
6444.870657205,IMU,0.9910018645884765,-0.10959752529621473,-0.03640471601908856,-0.06766375309335135,0.005659557370768898,-5.503660853681778e-05,0.004760383819537924
6444.880098170001,IMU,0.9909968226393766,-0.10962746788548994,-0.036407770959176355,-0.06768744357308917,0.005659557370768898,-5.503660853681778e-05,0.004760383819537924
6444.884808536,TRIAD,0.9807524723415035,-0.13360311991715568,-0.14103276775270024,-0.019610016941438144,0.006349148353158073,0.0004769011506773048,0.002321661959412314
6444.88809817,IMU,0.980751060503523,-0.13361284455185787,-0.14103232371398164,-0.019617562534903595,0.006349148353158073,0.0004769011506773048,0.002321661959412314
6444.894274038,IMU,0.980748313138664,-0.13363008640104204,-0.14103293651935578,-0.0196330614230903,0.006349148353158073,0.0004769011506773048,0.002321661959412314
6444.898370015,TRIAD,0.9916268255013301,-0.1050046589553694,-0.03378941016147897,-0.06714563503877767,0.005785865793391578,7.899610112098248e-05,0.0040274250407893245
6444.902274038,IMU,0.9916248152024556,-0.10501545531423037,-0.033791234150222435,-0.06715752016301305,0.005785865793391578,7.899610112098248e-05,0.0040274250407893245
6444.9105215750005,IMU,0.9916211083114561,-0.10503697159559607,-0.03378985403090054,-0.0671792967643743,0.005785865793391578,7.899610112098248e-05,0.0040274250407893245
6444.914992478,TRIAD,0.9816542215479348,-0.1578982746479428,-0.06709103905690221,-0.08319805681977423,0.006812751767799232,0.00023603440620693214,0.004599531183432072
6444.918521575,IMU,0.9816513957942342,-0.15790927161695384,-0.06709380760853119,-0.08320829317576531,0.006812751767799232,0.00023603440620693214,0.004599531183432072
6444.929123421,TRIAD,0.9908164014801852,-0.11030707641519738,-0.030247362615397986,-0.07211313684344133,0.006250462275955296,0.00012950879467282212,0.004397236438955878
6444.931712646,IMU,0.9908149701347926,-0.11031597030283309,-0.03024844210208064,-0.07211874515915957,0.006250462275955296,0.00012950879467282212,0.004397236438955878
6444.9387422,IMU,0.9908121168985208,-0.11033634698575473,-0.03024715629534204,-0.07212731158830414,0.006250462275955296,0.00012950879467282212,0.004397236438955878
6444.942961585,TRIAD,0.9912979237347315,-0.10745600529136141,-0.027365173181287603,-0.07094209344804873,0.006205142672778176,0.00011849512923406222,0.004367408504126831
6444.9467422,IMU,0.991296427385062,-0.1074669612913934,-0.027368365974352472,-0.07094517480632931,0.006205142672778176,0.00011849512923406222,0.004367408504126831
6444.953360106,IMU,0.9912939905207309,-0.10748507208841261,-0.027365824948614843,-0.07095276781434032,0.006205142672778176,0.00011849512923406222,0.004367408504126831
6444.957455323,TRIAD,0.9913926164776531,-0.10764503184243825,-0.02393532316270534,-0.0705714348609301,0.006203785965142115,0.00010368410570145013,0.004367018498943736
6444.961360106,IMU,0.9913912863349871,-0.10765488107032051,-0.023936110382128235,-0.07057482965313824,0.006203785965142115,0.00010368410570145013,0.004367018498943736
6444.969404865,IMU,0.9913890534297055,-0.1076708985246448,-0.023930674262184357,-0.07058360418684693,0.006203785965142115,0.00010368410570145013,0.004367018498943736
6444.973106712,TRIAD,0.9833191069949236,-0.12253162251404624,-0.13334856107325965,-0.01696162027851736,0.0066556753229084905,0.0006055629644347694,0.0019372143851399174
6444.977404865,IMU,0.9833175098546829,-0.12254471891660403,-0.13334779201653948,-0.0169656430220055,0.0066556753229084905,0.0006055629644347694,0.0019372143851399174
6444.984848475,IMU,0.9833149788208388,-0.12256888573252794,-0.1333428903135006,-0.016976285804070783,0.0066556753229084905,0.0006055629644347694,0.0019372143851399174
6444.989181137,TRIAD,0.9942005163762123,0.03760673096024408,0.1005768069680963,-0.005947514090700921,0.003704588520807326,-0.0005275343272638243,0.0017973584085850735
6444.992848475,IMU,0.9942001516407879,0.03760170859339869,0.10058199119069153,-0.005952565531542588,0.003704588520807326,-0.0005275343272638243,0.0017973584085850735
6444.999651918,IMU,0.9942001452215232,0.03759068274007918,0.10058542781950168,-0.0059651926209271285,0.003704588520807326,-0.0005275343272638243,0.0017973584085850735
6445.003773469,TRIAD,0.992435527171295,-0.10066197207142324,-0.02324700149368719,-0.06632095225853141,0.006044130559291857,-2.74034197268562e-06,0.003491676486205893
6445.007651918,IMU,0.9924336462971,-0.10067493634122814,-0.023244586260941134,-0.06633026533710115,0.006044130559291857,-2.74034197268562e-06,0.003491676486205893
6445.015442751001,IMU,0.992428823922046,-0.10070819586783702,-0.023241215878185107,-0.06635310556600688,0.006044130559291857,-2.74034197268562e-06,0.003491676486205893
6445.019922043,TRIAD,0.9985517277049819,-0.03236852130085018,-0.04295109978256851,-0.0013888677619086492,0.004868228967442273,8.108803910410034e-05,0.0009584818857454546
6445.023442751,IMU,0.9985514234390116,-0.03237802070464989,-0.04295071698913521,-0.0013980104764764582,0.004868228967442273,8.108803910410034e-05,0.0009584818857454546
6445.030359786,IMU,0.9985507726161493,-0.032393507828961485,-0.042953620498598036,-0.0014147947868590675,0.004868228967442273,8.108803910410034e-05,0.0009584818857454546
6445.034503097,TRIAD,0.9918258504817132,-0.10410139786199006,-0.029706534633120698,-0.0675418616821968,0.005977982066567873,3.3751576836603625e-05,0.0032606612751526817
6445.038359786,IMU,0.9918234897459982,-0.10411246352833564,-0.029707232304208107,-0.06755916277570864,0.005977982066567873,3.3751576836603625e-05,0.0032606612751526817
6445.046178582,IMU,0.9918184664491875,-0.10413749563524323,-0.029708416506315484,-0.06759379854608742,0.005977982066567873,3.3751576836603625e-05,0.0032606612751526817
6445.05058693,TRIAD,0.9907211900527874,-0.11114855220779836,-0.026922195264320912,-0.07343513004447488,0.00609799997726049,2.126685011927212e-05,0.0034959249529267437
6445.054178582,IMU,0.9907190003767983,-0.11116046818430683,-0.026922940263213103,-0.07344636065202212,0.00609799997726049,2.126685011927212e-05,0.0034959249529267437
6445.061641489,IMU,0.9907157409080063,-0.11118963758871245,-0.026919683902908952,-0.07344736774424479,0.00609799997726049,2.126685011927212e-05,0.0034959249529267437
6445.065769744,TRIAD,0.9916161229556224,-0.10547227472400725,-0.03120493042144671,-0.06781825916666002,0.00600796900375303,3.96600684599239e-05,0.0032764450261939947
6445.069641489,IMU,0.9916154058892492,-0.10548456082549366,-0.031204202710970033,-0.0678099695009868,0.00600796900375303,3.96600684599239e-05,0.0032764450261939947
6445.077760859001,IMU,0.9916149855993998,-0.10550132007329448,-0.03121038915714278,-0.06778719205096416,0.00600796900375303,3.96600684599239e-05,0.0032764450261939947
6445.081833281,TRIAD,0.9908773124502348,-0.10976301447533084,-0.028641453297882754,-0.07275918826975285,0.006081044739092804,2.8346551304069835e-05,0.0034807206060777926
6445.085760859,IMU,0.9908770389376401,-0.10977196933479097,-0.028640491620372677,-0.07274978140365476,0.006081044739092804,2.8346551304069835e-05,0.0034807206060777926
6445.096809316,TRIAD,0.9825356260007522,-0.12883150979966146,-0.13304849862242685,-0.018007852075356507,0.006437851800192646,0.00035452474478119683,0.0018719095755286381
6445.099424171,IMU,0.9825345224031914,-0.12883894376706673,-0.13304974664699792,-0.018005659446102464,0.006437851800192646,0.00035452474478119683,0.0018719095755286381
6445.106262281,IMU,0.9825306945541693,-0.12886282253448147,-0.13305326849684757,-0.018017629412725857,0.006437851800192646,0.00035452474478119683,0.0018719095755286381
6445.11041548,TRIAD,0.9805197375699061,-0.1328064549910922,-0.14340607091912905,-0.019447071041147058,0.0064976321708073385,0.0003955524527227069,0.0018907792558007384
6445.114262281,IMU,0.9805171604486157,-0.13282000273506508,-0.143408620039731,-0.019465678450566692,0.0064976321708073385,0.0003955524527227069,0.0018907792558007384
6445.120573779001,IMU,0.9805126602308183,-0.13284090207194543,-0.14341347401017077,-0.019513926722466834,0.0064976321708073385,0.0003955524527227069,0.0018907792558007384
6445.124779478,TRIAD,0.9923097146648961,-0.10037453747530067,-0.03372544512072082,-0.06410130076450173,0.005842769418885923,-3.553052648332588e-05,0.0036109822722929525
6445.128573779,IMU,0.9923065040718514,-0.10038586388533836,-0.0337270738962509,-0.06413240050935375,0.005842769418885923,-3.553052648332588e-05,0.0036109822722929525
6445.135538463001,IMU,0.9923021964463714,-0.10040502651760531,-0.03372765608017624,-0.0641687368820953,0.005842769418885923,-3.553052648332588e-05,0.0036109822722929525
6445.139700421,TRIAD,0.9909329850754687,-0.1097958548384546,-0.027004058144901272,-0.07257733939337295,0.005986983763485013,-6.386276576918188e-05,0.003931603636562416
6445.143538463,IMU,0.9909317355736792,-0.10980752749206006,-0.027001438811294267,-0.0725777144937515,0.005986983763485013,-6.386276576918188e-05,0.003931603636562416
6445.15102698,IMU,0.9909309955065452,-0.10983470208316154,-0.026994820115958416,-0.07254915609169857,0.005986983763485013,-6.386276576918188e-05,0.003931603636562416
6445.155492217,TRIAD,0.9673646467414899,-0.18755607696021837,-0.16702639716897166,-0.03362351675179389,0.007571624518056124,0.0005440150042500052,0.002127457584081973
6445.15902698,IMU,0.9673629290221388,-0.18757297237176557,-0.1670213570621761,-0.03360371816389653,0.007571624518056124,0.0005440150042500052,0.002127457584081973
6445.165098182,IMU,0.9673601402776578,-0.18759406979127854,-0.16701846146536106,-0.033580612127814095,0.007571624518056124,0.0005440150042500052,0.002127457584081973
6445.169564103,TRIAD,0.9914942779934662,-0.10552324611644816,-0.02619987545898382,-0.07153675811215203,0.00615992395028917,2.0062067617702723e-05,0.0036109931976171356
6445.173098182,IMU,0.9914941321928948,-0.10552737219106295,-0.026200257108212003,-0.07153255254058208,0.00615992395028917,2.0062067617702723e-05,0.0036109931976171356
6445.181648108,IMU,0.9914927636220225,-0.10553238086668401,-0.02620479953029206,-0.0715424681944269,0.00615992395028917,2.0062067617702723e-05,0.0036109931976171356
6445.185860326,TRIAD,0.9823340319690859,-0.12898828388860462,-0.13437136316502465,-0.018061257320708707,0.0067779072212681086,0.0005176930557810757,0.0011925139821433897
6445.189648108,IMU,0.982332225122406,-0.12899857121372713,-0.13437376380497382,-0.01806819614031445,0.0067779072212681086,0.0005176930557810757,0.0011925139821433897
6445.200154139,TRIAD,0.9908469528244174,-0.10950911113044531,-0.04133045296024764,-0.06724480884118497,0.006438491151910933,0.00023617531351679497,0.0025733838769555124
6445.202735771,IMU,0.9908454527447901,-0.1095165411272306,-0.04133085732633529,-0.0672545628724909,0.006438491151910933,0.00023617531351679497,0.0025733838769555124
6445.209441307,IMU,0.9908408439374424,-0.10953760023854901,-0.04133086752473451,-0.06728815281288116,0.006438491151910933,0.00023617531351679497,0.0025733838769555124
6445.213613172,TRIAD,0.991113897402779,-0.10871707403126055,-0.02700039014032768,-0.07172739449767669,0.00641020004287537,0.00018399324164004803,0.0027469974926230376
6445.217441307,IMU,0.9911111037348791,-0.108729513337564,-0.027000048037240987,-0.07174726746568855,0.00641020004287537,0.00018399324164004803,0.0027469974926230376
6445.224212416,IMU,0.9911061720881488,-0.10875634470351574,-0.026994823882209047,-0.07177668576268582,0.00641020004287537,0.00018399324164004803,0.0027469974926230376
6445.228413838,TRIAD,0.9817211909724279,-0.12897889364091958,-0.13871138385537296,-0.01863062478204544,0.006906704025553337,0.0006374105839421605,0.0006115377948286527
6445.232212416,IMU,0.9817187540015471,-0.12899917081697557,-0.13870870778440367,-0.018638571698594286,0.006906704025553337,0.0006374105839421605,0.0006115377948286527
6445.238844062,IMU,0.9817146093696071,-0.1290350034633436,-0.13870367977762132,-0.01864625559306275,0.006906704025553337,0.0006374105839421605,0.0006115377948286527
6445.243338095,TRIAD,0.9817241367226109,-0.1275638298170575,-0.1400509663000278,-0.018191083999519745,0.006884979083552861,0.0006429753418086291,0.0005843576067191387
6445.246844062,IMU,0.9817228189173658,-0.12757792266447623,-0.14004756658321366,-0.018189545340064242,0.006884979083552861,0.0006429753418086291,0.0005843576067191387
6445.25415645,IMU,0.9817209566451076,-0.12759407530865152,-0.1400458179618627,-0.01819021993649079,0.006884979083552861,0.0006429753418086291,0.0005843576067191387
6445.258588724,TRIAD,0.9820781718428983,-0.12440272500362037,-0.14046497956226991,-0.0177768365564807,0.006833346358733439,0.0006446133658386239,0.0005531731091489832
6445.26215645,IMU,0.9820768403133034,-0.12441369851422475,-0.14046439277215006,-0.017778236847371894,0.006833346358733439,0.0006446133658386239,0.0005531731091489832
6445.27245148,TRIAD,0.9902532237437248,-0.11196440859817043,-0.03664164069978589,-0.07429612533134107,0.006575978449660248,0.00034992788450930975,0.0020565499224522344
6445.274883131,IMU,0.9902522039423112,-0.11197218454338127,-0.03664283933068444,-0.07429740777284374,0.006575978449660248,0.00034992788450930975,0.0020565499224522344
6445.281433778,IMU,0.9902505465445348,-0.11198541754124754,-0.03664592662181329,-0.07429803085137208,0.006575978449660248,0.00034992788450930975,0.0020565499224522344
6445.285614995,TRIAD,0.9965771337804334,-0.051243577979793564,-0.06478591554835514,-0.0033011041132329083,0.005803522729169985,0.0004393114841988127,-0.0001066008085607805
6445.289433778,IMU,0.9965765900126508,-0.05124950495009766,-0.06479000972890302,-0.0032928893780196744,0.005803522729169985,0.0004393114841988127,-0.0001066008085607805
6445.29743837,IMU,0.9965759245577475,-0.05125833282502269,-0.06479424329793312,-0.0032735215469898234,0.005803522729169985,0.0004393114841988127,-0.0001066008085607805
6445.301659754,TRIAD,0.990782729154668,-0.11013576531263877,-0.028687562441477098,-0.07346237519297542,0.006785581688036502,0.00028322618969223786,0.002720762061161401
6445.30543837,IMU,0.9907811233695568,-0.11014781015119866,-0.028687468384543984,-0.07346601017572955,0.006785581688036502,0.00028322618969223786,0.002720762061161401
6445.312378368,IMU,0.9907765019970286,-0.11017589239063401,-0.028687380771037593,-0.0734862572931637,0.006785581688036502,0.00028322618969223786,0.002720762061161401
6445.316490845,TRIAD,0.9823736614043476,-0.12909055453929427,-0.13399324737127344,-0.017984097604679075,0.00726431419274537,0.0007159512507509001,0.0005014690056478499
6445.320378368,IMU,0.9823709775424436,-0.12910712182755543,-0.13399461111103042,-0.01800160462048196,0.00726431419274537,0.0007159512507509001,0.0005014690056478499
6445.327965849,IMU,0.9823656752055789,-0.1291427467482165,-0.13399381476726116,-0.01804130661371328,0.00726431419274537,0.0007159512507509001,0.0005014690056478499
6445.332465975,TRIAD,0.9794107280877756,-0.13749653330731684,-0.14637296214620638,-0.020598179229932203,0.007413180445274762,0.0007762087761766833,0.0005769778491263029
6445.335965849,IMU,0.9794083642662984,-0.13751003336825413,-0.14637402214119488,-0.020612917563620294,0.007413180445274762,0.0007762087761766833,0.0005769778491263029
6445.342703144001,IMU,0.9794042206001441,-0.13753313802207562,-0.14637840917171333,-0.020624498655328834,0.007413180445274762,0.0007762087761766833,0.0005769778491263029
6445.346838065,TRIAD,0.981339374039166,-0.12766950350642955,-0.1425877961975902,-0.018500032712246563,0.007260670484112932,0.0007588440186252542,0.0004786805654881652
6445.350703144,IMU,0.9813375192184282,-0.12768114478564355,-0.1425905988496944,-0.01849647966869214,0.007260670484112932,0.0007588440186252542,0.0004786805654881652
6445.358271791,IMU,0.9813348766660772,-0.12769909974918126,-0.14259650105141683,-0.018467204713143094,0.007260670484112932,0.0007588440186252542,0.0004786805654881652
6445.362749342,TRIAD,0.9907173820324259,-0.11054932316630481,-0.030917707445700514,-0.07281491229542417,0.006772294654315666,0.0002695956758307817,0.0028283670121741784
6445.366271791,IMU,0.9907173430941013,-0.11055598264927388,-0.030918849291964815,-0.07280484565933058,0.006772294654315666,0.0002695956758307817,0.0028283670121741784
6445.376481654,TRIAD,0.9910401034199778,-0.10971221895366241,-0.035250026605264974,-0.06752909039748281,0.006767952679027698,0.00028106357603312725,0.0027004014765739286
6445.378886398,IMU,0.9910396349521652,-0.10971853027758911,-0.03525226429000994,-0.06752454316788911,0.006767952679027698,0.00028106357603312725,0.0027004014765739286
6445.385484822,IMU,0.9910372562892252,-0.10973866164592984,-0.03525603227719571,-0.06752477304629746,0.006767952679027698,0.00028106357603312725,0.0027004014765739286
6445.389621577,TRIAD,0.9913126878713324,-0.10859321978566329,-0.032961603180853526,-0.06648458616585444,0.006750298248571992,0.0002724900986083285,0.0026766073345924216
6445.393484822,IMU,0.9913100619712936,-0.10860968491665898,-0.03296412436813132,-0.06649559294732788,0.006750298248571992,0.0002724900986083285,0.0026766073345924216
6445.400942358,IMU,0.99130389036252,-0.10864138525500817,-0.03296402687023556,-0.06653584969401347,0.006750298248571992,0.0002724900986083285,0.0026766073345924216
6445.405436076,TRIAD,0.982299477427775,-0.12728582559121007,-0.13624333102622402,-0.017994721436106177,0.007234353625455599,0.000719625776430575,0.0005969997255234629
6445.408942358,IMU,0.98229666259901,-0.12730119941996712,-0.13624676989659062,-0.0180135772635555,0.007234353625455599,0.000719625776430575,0.0005969997255234629
6445.415289226,IMU,0.9822922490216547,-0.12732672721014257,-0.13625125605408273,-0.0180398800887951,0.007234353625455599,0.000719625776430575,0.0005969997255234629
6445.419514351,TRIAD,0.9917930950922822,-0.103594217840039,-0.03463496807568855,-0.06644632076930974,0.006734211592442622,0.00033170297269721766,0.0023744801890266797
6445.423289226,IMU,0.991791107417752,-0.103608019033266,-0.034635578402854736,-0.06645415222370482,0.006734211592442622,0.00033170297269721766,0.0023744801890266797
6445.431142374,IMU,0.9917883189389369,-0.10363478570696735,-0.03463632515425489,-0.06645364239496057,0.006734211592442622,0.00033170297269721766,0.0023744801890266797
6445.435388999,TRIAD,0.9913372336114753,-0.10741394035688,-0.026367546179967838,-0.07083422323286456,0.006789196342824445,0.0002935700082975781,0.0025710331170086544
6445.439142374,IMU,0.9913365774874028,-0.10742582514552906,-0.026367202136919295,-0.07082551008524944,0.006789196342824445,0.0002935700082975781,0.0025710331170086544
6445.445494464,IMU,0.9913355101993555,-0.10744502089869408,-0.026371278635996313,-0.0708098112196715,0.006789196342824445,0.0002935700082975781,0.0025710331170086544
6445.449722108,TRIAD,0.9840856974084412,-0.11932800836729932,-0.13067276063386857,-0.016149185848193207,0.007122070698642417,0.0007014394679680776,0.0005095833891225238
6445.453494464,IMU,0.9840845919603096,-0.11933382381650533,-0.13067695078339395,-0.016139668323629154,0.007122070698642417,0.0007014394679680776,0.0005095833891225238
6445.461470853,IMU,0.984081487228191,-0.1193506332748636,-0.1306857241325226,-0.016133639998437633,0.007122070698642417,0.0007014394679680776,0.0005095833891225238
6445.46561383,TRIAD,0.9909961614683251,-0.10919059062749815,-0.029168775395527063,-0.07178583018527059,0.0067668770792855245,0.0002465045020446044,0.0029377129401933024
6445.469470853,IMU,0.990994692230489,-0.10920260870710351,-0.029171204398045027,-0.07178684459237149,0.0067668770792855245,0.0002465045020446044,0.0029377129401933024
6445.480211569,TRIAD,0.9913542483720865,-0.10494062962644479,-0.015288108580042361,-0.07726896028979321,0.00670161164979997,0.0002038610109756022,0.0031030443878152627
6445.483083201,IMU,0.9913527540953995,-0.1049517293112955,-0.015287501098786651,-0.07727317627864018,0.00670161164979997,0.0002038610109756022,0.0031030443878152627
6445.490218385,IMU,0.9913474703652366,-0.10498425180970442,-0.015286513224715489,-0.07729697526962694,0.00670161164979997,0.0002038610109756022,0.0031030443878152627
6445.494438881,TRIAD,0.9813695358478809,-0.13251710303257777,-0.13779074145373593,-0.019151059584202573,0.007294650760514891,0.0006705509375070756,0.0009110386414650741
6445.498218385,IMU,0.9813670354227965,-0.13253303022427043,-0.1377911957285085,-0.01916570021554667,0.007294650760514891,0.0006705509375070756,0.0009110386414650741
6445.506033885,IMU,0.9813618288739772,-0.1325666802320713,-0.13779136906775283,-0.019198300232176113,0.007294650760514891,0.0006705509375070756,0.0009110386414650741
6445.509889102,TRIAD,0.99089191649634,-0.10932116113213687,-0.03147235612936814,-0.07205264985132757,0.006701333332156572,0.00020159826876461618,0.0032020669427455057
6445.514033885,IMU,0.9908887323704586,-0.10933956231221664,-0.031472952122050486,-0.07206825555930761,0.006701333332156572,0.00020159826876461618,0.0032020669427455057
6445.522823996001,IMU,0.9908838805522657,-0.10937597461344173,-0.03146760841003419,-0.07208204394990371,0.006701333332156572,0.00020159826876461618,0.0032020669427455057
6445.526227121,TRIAD,0.9909010099447557,-0.10942451731192192,-0.039046287814808664,-0.06794741282344122,0.006715626398272039,0.0002391344631855909,0.0030014412826854563
6445.530823996,IMU,0.9908991594102752,-0.10944032830554436,-0.039042860668830226,-0.06795090471199845,0.006715626398272039,0.0002391344631855909,0.0030014412826854563
6445.539144126,IMU,0.9908973099173471,-0.10946159766653007,-0.039041929410910226,-0.06794415046734502,0.006715626398272039,0.0002391344631855909,0.0030014412826854563
6445.543559196,TRIAD,0.9567248501258944,-0.12792030245058783,-0.2579853063029741,0.04192301401731404,0.007539141599415326,0.0013445391792242883,-0.0023312694196295424
6445.547144126,IMU,0.9567220573136105,-0.12793151349324652,-0.2579878993946389,0.041936579150925836,0.007539141599415326,0.0013445391792242883,-0.0023312694196295424
6445.554270921,IMU,0.9567177680662249,-0.12795587188331248,-0.25798841116514104,0.04195696392076834,0.007539141599415326,0.0013445391792242883,-0.0023312694196295424
6445.558411435,TRIAD,0.9908735209310722,-0.10823350082230603,-0.04233402998731959,-0.06828619715902155,0.006830022833974807,0.0004345790065667536,0.002076663446188633
6445.562270921,IMU,0.9908727237896651,-0.1082422699522633,-0.042333648766906914,-0.06828410083842044,0.006830022833974807,0.0004345790065667536,0.002076663446188633
6445.569144123,IMU,0.9908708771538653,-0.10826039852311618,-0.04233171857811324,-0.06828335464935056,0.006830022833974807,0.0004345790065667536,0.002076663446188633
6445.573373767,TRIAD,0.9804487798681522,-0.1328249755478986,-0.14381407189953302,-0.0198803583827869,0.007397496878714205,0.0008528181626093571,0.00014050124899088012
6445.577144123,IMU,0.9804464547731528,-0.13283997371831296,-0.14381641871581397,-0.019877837232247397,0.007397496878714205,0.0008528181626093571,0.00014050124899088012
6445.584133344,IMU,0.9804428989431518,-0.13287092290994063,-0.1438112904989872,-0.019883472584663126,0.007397496878714205,0.0008528181626093571,0.00014050124899088012
6445.588299043,TRIAD,0.9818208925651559,-0.12764680498374462,-0.13930875867880751,-0.01808584682485883,0.007312876412560858,0.0008317146723412248,7.473333566522026e-05
6445.592133344,IMU,0.9818192313530046,-0.1276628943269639,-0.13930487521977372,-0.018092376777556044,0.007312876412560858,0.0008317146723412248,7.473333566522026e-05
6445.601797771,IMU,0.9818154209709862,-0.12770327334162096,-0.13929123942780955,-0.018119153955550204,0.007312876412560858,0.0008317146723412248,7.473333566522026e-05
6445.606110063,TRIAD,0.9995947970503065,0.008850799854574775,0.027029171986270608,-0.0011527851609913417,0.004469763185996064,-9.07670226937598e-05,-0.0005565035756441326
6445.609797771,IMU,0.9995947285607429,0.008838229244788746,0.027035426529166424,-0.0011619164244027571,0.004469763185996064,-9.07670226937598e-05,-0.0005565035756441326
6445.617091678,IMU,0.9995946599338623,0.008813690533499112,0.027044934167683814,-0.0011858443200790866,0.004469763185996064,-9.07670226937598e-05,-0.0005565035756441326
6445.621461285,TRIAD,0.9919652284097289,-0.10281981111256806,-0.02936775183168782,-0.06760626613829977,0.006390373043618287,0.00016394580727236086,0.0016572021542272121
6445.625091678,IMU,0.991963434783446,-0.10283014688624856,-0.029364308414896005,-0.06761835797544741,0.006390373043618287,0.00016394580727236086,0.0016572021542272121
6445.633815993,IMU,0.9919610869144315,-0.10284972428863327,-0.029360536276724317,-0.0676246639240067,0.006390373043618287,0.00016394580727236086,0.0016572021542272121
6445.638296544,TRIAD,0.9897116693052486,-0.11681890096025685,-0.023860118655095703,-0.07908761443627436,0.006642930916889853,0.0001377349363839779,0.0021427166791286715
6445.641815993,IMU,0.989711186907809,-0.1168275962512667,-0.023859494475149776,-0.07908099510677315,0.006642930916889853,0.0001377349363839779,0.0021427166791286715
6445.648577102,IMU,0.9897122717653365,-0.11683821145483925,-0.023854330414411647,-0.07905328824034658,0.006642930916889853,0.0001377349363839779,0.0021427166791286715
6445.652724431,TRIAD,0.9906314832777411,-0.11242813883390518,-0.035057026850680836,-0.0691388661006057,0.006590015373864184,0.000181639751195009,0.001777503175812102
6445.656577102,IMU,0.9906320646161975,-0.11243450545820122,-0.035056084700787075,-0.06912065872133298,0.006590015373864184,0.000181639751195009,0.001777503175812102
6445.664213435,IMU,0.9906314795088804,-0.11245623715630743,-0.035053181279057766,-0.06909515911341642,0.006590015373864184,0.000181639751195009,0.001777503175812102
6445.668684931,TRIAD,0.9905135359516036,-0.11269680952504997,-0.02598464134064911,-0.07421025962711449,0.006580290473960809,0.0001418288904536841,0.0019978972436301198
6445.672213435,IMU,0.99051205582679,-0.11271112212373129,-0.025981228223076934,-0.07420947373089128,0.006580290473960809,0.0001418288904536841,0.0019978972436301198
6445.679078804,IMU,0.9905074202188391,-0.11274353701977514,-0.025976018167204806,-0.07422393031811297,0.006580290473960809,0.0001418288904536841,0.0019978972436301198
6445.683117244,TRIAD,0.9914568257225986,-0.10683179327270842,-0.030085693150068364,-0.06852139623421295,0.006492485966040626,0.00015839338518399586,0.0017909452641516632
6445.687078804,IMU,0.9914540197134726,-0.10684900753448315,-0.030082536754761243,-0.06853654036564487,0.006492485966040626,0.00015839338518399586,0.0017909452641516632
6445.694689729,IMU,0.9914483111459133,-0.10687711966934577,-0.030077080197660484,-0.06857767030079402,0.006492485966040626,0.00015839338518399586,0.0017909452641516632
6445.69909654,TRIAD,0.980519747929044,-0.13430689660042183,-0.14193873044212738,-0.01990171468001705,0.007157123052774049,0.0006556310696287279,-0.00034673737645736806
6445.702689729,IMU,0.9805177882759246,-0.13431817701228901,-0.1419392103009097,-0.01991870421836236,0.007157123052774049,0.0006556310696287279,-0.00034673737645736806
6445.712974185,TRIAD,0.9908648682032584,-0.10843053913451726,-0.02983593886242994,-0.07442746734731022,0.006743085004961125,0.00033298193031509345,0.0011170229101408673
6445.715416503,IMU,0.9908634324372253,-0.10843855942843977,-0.02983768958976458,-0.0744341948821244,0.006743085004961125,0.00033298193031509345,0.0011170229101408673
6445.721867,IMU,0.9908617036143244,-0.10845634642973859,-0.029837763459496954,-0.07443126427360186,0.006743085004961125,0.00033298193031509345,0.0011170229101408673
6445.725981903,TRIAD,0.9797900075917241,-0.137169742597292,-0.14411147067524224,-0.020685423829862645,0.007283928572461666,0.0007196485758802203,-0.0006748058497752262
6445.729867,IMU,0.979788661721659,-0.1371813794096062,-0.14411096512141466,-0.020675522647149332,0.007283928572461666,0.0007196485758802203,-0.0006748058497752262
6445.737392907,IMU,0.9797861776981726,-0.13720238573450222,-0.14411057679254424,-0.020656548523075906,0.007283928572461666,0.0007196485758802203,-0.0006748058497752262
6445.741862329,TRIAD,0.9804551533979966,-0.13295178924780934,-0.14371011591116084,-0.019465777557492178,0.007212762526128336,0.0007170130052079957,-0.0007370893367849269
6445.745392907,IMU,0.9804543067882248,-0.13296148448619682,-0.1437078795441309,-0.019458707577276618,0.007212762526128336,0.0007170130052079957,-0.0007370893367849269
6445.7520860350005,IMU,0.9804516329333084,-0.1329904760170199,-0.14370060000552076,-0.019449070035065474,0.007212762526128336,0.0007170130052079957,-0.0007370893367849269
6445.756275142,TRIAD,0.9882317227120643,-0.1251824139914127,-0.050559157621589725,-0.07191103554687307,0.006929499333798818,0.0003545040082322761,0.001275003555552265
6445.760086035,IMU,0.9882300016340066,-0.12519974606268996,-0.05055297852424721,-0.07190885772014444,0.006929499333798818,0.0003545040082322761,0.001275003555552265
6445.767776201,IMU,0.9882258109053822,-0.12523476954722462,-0.050536848340778574,-0.0719167999610284,0.006929499333798818,0.0003545040082322761,0.001275003555552265
6445.771866733,TRIAD,0.996447557705459,-0.052730654226078866,-0.06557425479864486,-0.0034292791251291366,0.005731120246947667,0.00040703431539295364,-0.0013947699479535582
6445.775776201,IMU,0.9964476238026716,-0.05274143570414366,-0.06556452216690908,-0.0034303660008982873,0.005731120246947667,0.00040703431539295364,-0.0013947699479535582
6445.782715866,IMU,0.9964480715114852,-0.052755195984243476,-0.06554668229490349,-0.003429652728356328,0.005731120246947667,0.00040703431539295364,-0.0013947699479535582
6445.786803991,TRIAD,0.9912079286486346,-0.10851775576479095,-0.02894626098986581,-0.06994893024602393,0.00658550334890879,0.00025946161833829506,0.0010569127789436454
6445.790715866,IMU,0.9912061416168936,-0.1085340086978075,-0.028935205166462023,-0.0699536109068715,0.00658550334890879,0.00025946161833829506,0.0010569127789436454
6445.798328254,IMU,0.9912002699868999,-0.10857928969088002,-0.02891941792179247,-0.06997306549798714,0.00658550334890879,0.00025946161833829506,0.0010569127789436454
6445.802782028,TRIAD,0.9897479808684223,-0.11652882023189977,-0.028938086970964463,-0.07734698148411201,0.006723282145495133,0.0002609069612499861,0.0013331534519816107
6445.806328254,IMU,0.9897455329406629,-0.11654237002720706,-0.028933335167372294,-0.07735966732437037,0.006723282145495133,0.0002609069612499861,0.0013331534519816107
6445.816681544,TRIAD,0.9896970549328733,-0.11790982834908703,-0.036065474706176395,-0.0727756372016366,0.00674594622354609,0.0002806190788932824,0.001214573388586318
6445.819105639,IMU,0.9896955134398218,-0.11791641927664256,-0.03606469083969606,-0.07278630926692042,0.00674594622354609,0.0002806190788932824,0.001214573388586318
6445.825721378,IMU,0.9896921912612474,-0.11792920021412774,-0.036066322427631844,-0.07280996277923045,0.00674594622354609,0.0002806190788932824,0.001214573388586318
6445.829850466,TRIAD,0.9896003100338401,-0.11780671413143505,-0.038428023700204636,-0.07304855563923665,0.006746676504535049,0.0002894352519030262,0.0012134349226316297
6445.833721378,IMU,0.989598839189028,-0.11781558661078644,-0.03843160812230902,-0.0730522862367637,0.006746676504535049,0.0002894352519030262,0.0012134349226316297
6445.841185636,IMU,0.9895978092683644,-0.11783507533610073,-0.03843382990449794,-0.0730336335578439,0.006746676504535049,0.0002894352519030262,0.0012134349226316297
6445.845677947,TRIAD,0.9894987954715733,-0.11821772401914372,-0.02821813591410851,-0.07823324289310929,0.006737085301461616,0.00024523482324354505,0.001439977142635632
6445.849185636,IMU,0.9894981623515866,-0.11823116014952167,-0.028216926043383123,-0.07822138171365711,0.006737085301461616,0.00024523482324354505,0.001439977142635632
6445.855070689,IMU,0.9894960075483334,-0.11825911235870479,-0.028216621071897822,-0.07820649388205975,0.006737085301461616,0.00024523482324354505,0.001439977142635632
6445.859564926,TRIAD,0.9905677801641654,-0.11217487012818841,-0.031385324427067485,-0.07216115868643976,0.006654505039438251,0.00025644170858010826,0.001245156308614023
6445.863070689,IMU,0.9905660640786021,-0.11219164713551875,-0.031385528715432244,-0.07215854485851775,0.006654505039438251,0.00025644170858010826,0.001245156308614023
6445.871315652,IMU,0.9905626250515073,-0.11221590852840309,-0.03138187702499776,-0.07216961631185233,0.006654505039438251,0.00025644170858010826,0.001245156308614023
6445.875753703,TRIAD,0.9900012649161472,-0.11260282892832253,-0.01668147252379114,-0.08330562319678991,0.006637244427859125,0.00019228840376360468,0.0017143595716799906
6445.879315652,IMU,0.989999746603496,-0.11260859734868332,-0.016681656530750547,-0.08331583201028418,0.006637244427859125,0.00019228840376360468,0.0017143595716799906
6445.88597102,IMU,0.9899968569271125,-0.1126247902766411,-0.01668124711678043,-0.08332836182363045,0.006637244427859125,0.00019228840376360468,0.0017143595716799906
6445.890162368,TRIAD,0.989920199053523,-0.11637308462235527,-0.03661550500559636,-0.07193475845859813,0.006724498565757397,0.00026927614885399823,0.00128322378832785
6445.89397102,IMU,0.9899181533950924,-0.11639019763704646,-0.036611804682862174,-0.07193710607693223,0.006724498565757397,0.00026927614885399823,0.00128322378832785
6445.901648649,IMU,0.9899132986716072,-0.11643263068731399,-0.036600540359558606,-0.07194097629110513,0.006724498565757397,0.00026927614885399823,0.00128322378832785
6445.90606183,TRIAD,0.989675668662561,-0.11654448577656866,-0.03073859718186058,-0.07755380284473054,0.00671593431679042,0.00024495489373626606,0.0015086207187067712
6445.909648649,IMU,0.9896733047216238,-0.11656149603770606,-0.030733723181044722,-0.07756033665645495,0.00671593431679042,0.00024495489373626606,0.0015086207187067712
6445.91992555,TRIAD,0.990745124952913,-0.1107824379812093,-0.032504633128679614,-0.07137785120152108,0.006654133695999076,0.00024943946960728747,0.0013604497650205522
6445.922353071,IMU,0.990743610179079,-0.11079055129580556,-0.03250251697090329,-0.07138724692445353,0.006654133695999076,0.00024943946960728747,0.0013604497650205522
6445.92903944,IMU,0.9907393389263975,-0.1108123548602052,-0.03249139550296678,-0.07141773961902345,0.006654133695999076,0.00024943946960728747,0.0013604497650205522
6445.933196806,TRIAD,0.9812894554114512,-0.13075199511443988,-0.14004315755899538,-0.019048214950429687,0.007074195407205305,0.0006227964051313706,-0.0004285929945467607
6445.93703944,IMU,0.9812877133357909,-0.13076917401066962,-0.14003744601398235,-0.01906201717192629,0.007074195407205305,0.0006227964051313706,-0.0004285929945467607
6445.943830919,IMU,0.9812843226753645,-0.1307990922763578,-0.14003210995962584,-0.019070493215625678,0.007074195407205305,0.0006227964051313706,-0.0004285929945467607
6445.948062897,TRIAD,0.9892713454427846,-0.11860156391757189,-0.033127038610078,-0.07860326605844832,0.006694121368913878,0.0001939120556264444,0.0019280187975459755
6445.951830919,IMU,0.9892702235519467,-0.11861586299297142,-0.03312170515503464,-0.07859805651246747,0.006694121368913878,0.0001939120556264444,0.0019280187975459755
6445.959409159001,IMU,0.989269903591107,-0.11864033128927226,-0.03311077768181171,-0.07856975271514624,0.006694121368913878,0.0001939120556264444,0.0019280187975459755
6445.963507247,TRIAD,0.9796621003144006,-0.13840962335201282,-0.14378641980751758,-0.02074634546293691,0.007237709423869116,0.0006689439911692712,-0.0005287050797183382
6445.967409159,IMU,0.9796610944261761,-0.13842290407252478,-0.1437828167726592,-0.020730202525673966,0.007237709423869116,0.0006689439911692712,-0.0005287050797183382
6445.9753612330005,IMU,0.9796582824605718,-0.13844895530990156,-0.14378011629303492,-0.020707837616728633,0.007237709423869116,0.0006689439911692712,-0.0005287050797183382
6445.979657451,TRIAD,0.9794364540265181,-0.1387132407109558,-0.1450543191865244,-0.020545409724772278,0.0072438506270131615,0.0006750621760576973,-0.000539583108679995
6445.983361233,IMU,0.9794351100241527,-0.13872312695296504,-0.14505489338603558,-0.020538675836900937,0.0072438506270131615,0.0006750621760576973,-0.000539583108679995
6445.9918503260005,IMU,0.9794315721968399,-0.13874743404619339,-0.1450560470435819,-0.020535046766786066,0.0072438506270131615,0.0006750621760576973,-0.000539583108679995
6445.995395117,TRIAD,0.9779447327873331,-0.14271737388036942,-0.15089695727639454,-0.02204447982893676,0.007318242856758471,0.0007055572197838612,-0.0004909294411901906
6445.999850326,IMU,0.9779423144969471,-0.1427306185808994,-0.15089954536709713,-0.02204829344578329,0.007318242856758471,0.0007055572197838612,-0.0004909294411901906
6446.007265769,IMU,0.9779374278591441,-0.14276087461467207,-0.15090007338705622,-0.02206553247207849,0.007318242856758471,0.0007055572197838612,-0.0004909294411901906
6446.011449691,TRIAD,0.9784654606720298,-0.14073076173010493,-0.1494609122595566,-0.02148559241161799,0.007281866419778728,0.000698074474103682,-0.0005161887157195536
6446.015265769,IMU,0.9784627909034694,-0.14074689425749884,-0.14946178546682326,-0.02149542414867166,0.007281866419778728,0.000698074474103682,-0.0005161887157195536
6446.02232762,IMU,0.978457523969461,-0.14078027780489458,-0.1494615384015801,-0.021518264506262118,0.007281866419778728,0.000698074474103682,-0.0005161887157195536
6446.026428726,TRIAD,0.9877189206220796,-0.12727317274248806,-0.03583060510720201,-0.0832408618580253,0.006844680457936983,0.0002297490639621657,0.002016879944882522
6446.03032762,IMU,0.9877158535687217,-0.12728834068816564,-0.03582799405827703,-0.08325518467714277,0.006844680457936983,0.0002297490639621657,0.002016879944882522
6446.038918935,IMU,0.9877094910731937,-0.12732425711632525,-0.03583199392363231,-0.08327402359178654,0.006844680457936983,0.0002297490639621657,0.002016879944882522
6446.043394986,TRIAD,0.9919083461494118,0.042340546168222186,0.11944096327784968,-0.007679015599314344,0.0034169827145127635,-0.0005423379899869125,-0.0004035965522488608
6446.046918935,IMU,0.9919088404471317,0.042334029612629234,0.11943938272764264,-0.007675678030214067,0.0034169827145127635,-0.0005423379899869125,-0.0004035965522488608
6446.053894822,IMU,0.9919101552133647,0.0423285329120767,0.11943154754556021,-0.007657985177760433,0.0034169827145127635,-0.0005423379899869125,-0.0004035965522488608
6446.058068707,TRIAD,0.9897119740498932,-0.11788793668862471,-0.030407941039483615,-0.07515317642855794,0.006144710762518121,9.333542728190045e-05,0.0013921564220135928
6446.061894822,IMU,0.9897121209024566,-0.11789272334986109,-0.030412744363198768,-0.0751417893067037,0.006144710762518121,9.333542728190045e-05,0.0013921564220135928
6446.069612692,IMU,0.9897127660498348,-0.1178959847547464,-0.030422037207153745,-0.07512441113819329,0.006144710762518121,9.333542728190045e-05,0.0013921564220135928
6446.073481002,TRIAD,0.9889629365530435,-0.12117401657326814,-0.02862013699281387,-0.08031223811098012,0.0061982067538618475,8.670822726358776e-05,0.0015908831018560637
6446.077612692,IMU,0.9889624320573891,-0.12118115112705438,-0.02862390331619264,-0.08030634314673613,0.0061982067538618475,8.670822726358776e-05,0.0015908831018560637
6446.088842001,TRIAD,0.9893548202304252,-0.11937408272708444,-0.038169232704940326,-0.07395929782391457,0.006186861453472758,0.0001176589882295628,0.001396502796412309
6446.091572115,IMU,0.9893534690024859,-0.11938441565439577,-0.03817181564916179,-0.07395936155519586,0.006186861453472758,0.0001176589882295628,0.001396502796412309
6446.0992993,IMU,0.9893473313762561,-0.119421038077994,-0.03817431665791136,-0.07398104561815987,0.006186861453472758,0.0001176589882295628,0.001396502796412309
6446.10345411,TRIAD,0.9802429875470275,-0.13541696622794858,-0.1427683179819724,-0.02007829681758365,0.0066128249354223834,0.0005310161129354141,-0.000719162209804424
6446.1072993,IMU,0.9802405329399465,-0.1354315906252023,-0.1427690147800551,-0.02009453311400174,0.0066128249354223834,0.0005310161129354141,-0.000719162209804424
6446.114038780001,IMU,0.9802364408665495,-0.13545517933546986,-0.14277005160707987,-0.020127760744484857,0.0066128249354223834,0.0005310161129354141,-0.000719162209804424
6446.117851793,TRIAD,0.990186947944461,-0.11436165778488032,-0.038910732212163575,-0.07026502876851647,0.0061063758201439795,0.00011081862206342724,0.001271582829610179
6446.12203878,IMU,0.9901843082822841,-0.1143754167024258,-0.038909323249409065,-0.07028061076822127,0.0061063758201439795,0.00011081862206342724,0.001271582829610179
6446.129504427,IMU,0.9901812405507372,-0.11440427501857008,-0.038906142989422667,-0.07027862232973302,0.0061063758201439795,0.00011081862206342724,0.001271582829610179
6446.133701052,TRIAD,0.9897326779963863,-0.11665100803106905,-0.02897283149895827,-0.07734561051779244,0.00612951530792692,6.687888834958448e-05,0.0015722546023128456
6446.137504427,IMU,0.9897320555274277,-0.11666401809832132,-0.028973249109906278,-0.07733379583741334,0.00612951530792692,6.687888834958448e-05,0.0015722546023128456
6446.144408314,IMU,0.9897327296188617,-0.11667516424452275,-0.028976287186376935,-0.07730721021097234,0.00612951530792692,6.687888834958448e-05,0.0015722546023128456
6446.148616828,TRIAD,0.9899445357164518,-0.11652620469819161,-0.035693148717308464,-0.07181545069424833,0.0061378004896306,9.354561561303188e-05,0.0013633992035335049
6446.152408314,IMU,0.9899443253550604,-0.1165325427858656,-0.03569654125028304,-0.07180637932622536,0.0061378004896306,9.354561561303188e-05,0.0013633992035335049
6446.159487016001,IMU,0.9899419604652063,-0.11655010235380692,-0.03570215514289994,-0.0718076922743881,0.0061378004896306,9.354561561303188e-05,0.0013633992035335049
6446.163596253,TRIAD,0.9970588764437917,-0.046936343726982965,-0.0605199970066233,-0.0028118507259174558,0.005049506984426662,0.00018912259805868123,-0.001161394569688567
6446.167487016,IMU,0.9970581107548622,-0.04694530642914997,-0.06052526835416745,-0.002820261135804976,0.005049506984426662,0.00018912259805868123,-0.001161394569688567
6446.174973904001,IMU,0.9970573227530619,-0.04695378345785692,-0.060530697120569334,-0.0028411387835111557,0.005049506984426662,0.00018912259805868123,-0.001161394569688567
6446.179473178,TRIAD,0.9902026714748349,-0.11424901458870279,-0.026230189545408025,-0.07588022948056171,0.00614283714133143,4.564931331274739e-05,0.0016355120662913454
6446.182973904,IMU,0.9902002365104401,-0.11426083399802694,-0.026230797010673386,-0.07589399658028863,0.00614283714133143,4.564931331274739e-05,0.0016355120662913454
6446.189577402,IMU,0.9901946779902909,-0.11429566548229837,-0.02623243204584125,-0.07591350367769317,0.00614283714133143,4.564931331274739e-05,0.0016355120662913454
6446.193735768,TRIAD,0.9827045753854381,-0.1278757737569168,-0.13277382130242965,-0.017624312166608518,0.006513480567301241,0.00045747792990887134,-0.0005473784263954182
6446.197577402,IMU,0.9827012320271519,-0.12789901780178586,-0.13277573880136911,-0.017627620469224642,0.006513480567301241,0.00045747792990887134,-0.0005473784263954182
6446.205167383,IMU,0.9826973648015483,-0.12792954740646895,-0.1327758584591824,-0.017620769645389785,0.006513480567301241,0.00045747792990887134,-0.0005473784263954182
6446.209590175,TRIAD,0.9896542303881668,-0.11737683340230284,-0.02919663448174873,-0.07716696048304895,0.006147214602412798,1.0566817472410883e-05,0.001966827760889951
6446.213167383,IMU,0.9896543085314446,-0.11737988118366577,-0.0291970807324531,-0.0771611532777942,0.006147214602412798,1.0566817472410883e-05,0.001966827760889951
6446.22344471,TRIAD,0.9908169224529192,-0.11097766751317106,-0.03014354864786656,-0.07111364123131145,0.006077823040978675,1.2687925121511541e-05,0.0018243466235710894
6446.225851972,IMU,0.9908170395088111,-0.11097981794277033,-0.03014359872714395,-0.0711086329791367,0.006077823040978675,1.2687925121511541e-05,0.0018243466235710894
6446.2321982290005,IMU,0.9908154726817322,-0.11099689350874811,-0.03014785853538391,-0.07110200666376386,0.006077823040978675,1.2687925121511541e-05,0.0018243466235710894
6446.236375613,TRIAD,0.9908332324335619,-0.11073383053591644,-0.03042212413089213,-0.07114786464446263,0.0060745672195676665,1.3747800680358927e-05,0.0018245050181533201
6446.240198229,IMU,0.9908315786837814,-0.11074849386341183,-0.030426909694061432,-0.07114602558443332,0.0060745672195676665,1.3747800680358927e-05,0.0018245050181533201
6446.248129006,IMU,0.9908273015287314,-0.11077622687649129,-0.030437173511303914,-0.07115802535865667,0.0060745672195676665,1.3747800680358927e-05,0.0018245050181533201
6446.252351965,TRIAD,0.9886547527210404,-0.12257342713467854,-0.024967381207178556,-0.08315145674137997,0.006274017002959502,-9.608313427250486e-06,0.002301675856962762
6446.256129006,IMU,0.9886524322642115,-0.12258262623406402,-0.02497280447166773,-0.08316385609408919,0.006274017002959502,-9.608313427250486e-06,0.002301675856962762
6446.26316969,IMU,0.9886480456351349,-0.12260080277748016,-0.024983648216180317,-0.08318595038800616,0.006274017002959502,-9.608313427250486e-06,0.002301675856962762
6446.267326315,TRIAD,0.979931834116466,-0.1365509970591458,-0.1437651628580097,-0.020469578298104158,0.006710192713157656,0.0004791526124360422,-0.0002557677010458321
6446.27116969,IMU,0.9799299694445744,-0.13655968533260246,-0.1437683532984642,-0.02047847445646856,0.006710192713157656,0.0004791526124360422,-0.0002557677010458321
6446.278813504,IMU,0.9799263302474693,-0.13658430321726073,-0.14377041844237154,-0.02047393912485657,0.006710192713157656,0.0004791526124360422,-0.0002557677010458321
6446.283307407,TRIAD,0.9775985983762292,-0.1454595211381336,-0.15046254795722008,-0.02243947025484969,0.006865441260050085,0.0005121681506807063,-0.00017203125099689154
6446.286813504,IMU,0.9775962889606433,-0.1454740189112141,-0.15046418676402784,-0.022435109396614424,0.006865441260050085,0.0005121681506807063,-0.00017203125099689154
6446.292590297,IMU,0.9775931500571973,-0.14549552753858208,-0.15046516257219694,-0.022425861848282096,0.006865441260050085,0.0005121681506807063,-0.00017203125099689154
6446.297095108,TRIAD,0.9895076763634554,-0.11893567121570005,-0.03780863806157851,-0.07279678164723287,0.006326443444868592,0.00010886352655371584,0.0016108427612720178
6446.300590297,IMU,0.989506769597271,-0.1189453578187943,-0.03780851946735263,-0.07279334193605279,0.006326443444868592,0.00010886352655371584,0.0016108427612720178
6446.31247344,TRIAD,0.989740652794531,-0.11684837468120526,-0.028161215924824803,-0.0772453458653121,0.006294359702890063,8.258974419816366e-05,0.0017299089213889708
6446.315252554,IMU,0.9897395104676366,-0.11685717519004633,-0.02816143495232985,-0.07724658961605724,0.006294359702890063,8.258974419816366e-05,0.0017299089213889708
6446.321466089,IMU,0.9897360705027747,-0.11687859990308497,-0.028166764110368083,-0.07725630737986408,0.006294359702890063,8.258974419816366e-05,0.0017299089213889708
6446.325687825,TRIAD,0.9908470889860103,-0.1108972928009161,-0.029585088812272814,-0.07105321398323543,0.006215591224542072,8.667646533563298e-05,0.001545869478781478
6446.329466089,IMU,0.9908448160297991,-0.11091098939301224,-0.029587679592278475,-0.07106245277980135,0.006215591224542072,8.667646533563298e-05,0.001545869478781478
6446.336471791,IMU,0.9908401869064222,-0.11093696978081553,-0.02959610126148486,-0.07108293421923852,0.006215591224542072,8.667646533563298e-05,0.001545869478781478
6446.340594657,TRIAD,0.9804126485422388,-0.1363355375152191,-0.14072309734607896,-0.020016734552745878,0.006802985106548146,0.0005428727421621282,-0.0005262629076435341
6446.344471791,IMU,0.9804111140587303,-0.1363443425502908,-0.14072458703699645,-0.020021445699931972,0.006802985106548146,0.0005428727421621282,-0.0005262629076435341
6446.351987345,IMU,0.9804062719358716,-0.1363732174884133,-0.1407303165118756,-0.020021626185983146,0.006802985106548146,0.0005428727421621282,-0.0005262629076435341
6446.356486934,TRIAD,0.9895858402061292,-0.11747728266045557,-0.030626090261990133,-0.07733689622366159,0.006280154786129897,6.767265963775952e-05,0.0019094890447737892
6446.359987345,IMU,0.9895843740645826,-0.11748997659990522,-0.030625517161324264,-0.07733660003105773,0.006280154786129897,6.767265963775952e-05,0.0019094890447737892
6446.365830213,IMU,0.9895834292868775,-0.1175034655222077,-0.030626203924158952,-0.07732792318620117,0.006280154786129897,6.767265963775952e-05,0.0019094890447737892
6446.370330135,TRIAD,0.9908803226142885,-0.11099654731831424,-0.028395019378233,-0.0709202059622409,0.006186214208425826,5.7959110936019314e-05,0.0017236167588979927
6446.373830213,IMU,0.9908800236676157,-0.11100273744139834,-0.02839423198029818,-0.07091500946365567,0.006186214208425826,5.7959110936019314e-05,0.0017236167588979927
6446.381187711,IMU,0.9908779522388862,-0.11102544174064448,-0.02839382825072996,-0.07090857191083744,0.006186214208425826,5.7959110936019314e-05,0.0017236167588979927
6446.385295374,TRIAD,0.9970147512605483,-0.04803015125219041,-0.06038586484683064,-0.0028701334915351433,0.005212062144348912,0.00018492586211360236,-0.0007581634235025011
6446.389187711,IMU,0.9970141281280239,-0.04804621205001645,-0.06038340812696077,-0.0028694675001099015,0.005212062144348912,0.00018492586211360236,-0.0007581634235025011
6446.399898779,TRIAD,0.9910427708603885,-0.10865019418652172,-0.03128889647082955,-0.07106593126268344,0.00589322863579427,0.00010027539575155125,0.0010186407682013462
6446.402535708,IMU,0.9910413312285972,-0.10866085402485773,-0.03128858063237641,-0.07106984818648518,0.00589322863579427,0.00010027539575155125,0.0010186407682013462
6446.40946478,IMU,0.9910380164082986,-0.10867812031231558,-0.03129042321667619,-0.0710888571705017,0.00589322863579427,0.00010027539575155125,0.0010186407682013462
6446.413591943,TRIAD,0.9796538547950931,-0.13818656868584425,-0.14404710403816745,-0.020814149950561186,0.006477329253657526,0.0005114873613856927,-0.0007857490514953135
6446.41746478,IMU,0.9796522041774988,-0.13819467816777825,-0.14404932251236355,-0.02082264296389405,0.006477329253657526,0.0005114873613856927,-0.0007857490514953135
6446.425989966,IMU,0.9796471034616832,-0.13822384811295307,-0.14405383121605042,-0.020837807081342502,0.006477329253657526,0.0005114873613856927,-0.0007857490514953135
6446.430490221,TRIAD,0.9767267368104386,-0.14752692132616063,-0.1539396605699873,-0.02330815280656562,0.006653613096416705,0.0005634504360475743,-0.0006909192604592196
6446.433989966,IMU,0.976723752838409,-0.14754230294990758,-0.15394370524598033,-0.023309120460263517,0.006653613096416705,0.0005634504360475743,-0.0006909192604592196
6446.44064839,IMU,0.9767192708010273,-0.1475676375397572,-0.1539484971465938,-0.023304905559768066,0.006653613096416705,0.0005634504360475743,-0.0006909192604592196
6446.444790126,TRIAD,0.9797059522115161,-0.13690277221125358,-0.14500178261867333,-0.020207948921328645,0.006489014137940357,0.0005236875193205383,-0.0007990615979095201
6446.44864839,IMU,0.9797039192151684,-0.13691288195868778,-0.1450064482411843,-0.020204539011863875,0.006489014137940357,0.0005236875193205383,-0.0007990615979095201
6446.456363778,IMU,0.9796996426769271,-0.1369384829953243,-0.14501282600818055,-0.020192630011019157,0.006489014137940357,0.0005236875193205383,-0.0007990615979095201
6446.460619736,TRIAD,0.9894862719847217,-0.11727391204546198,-0.03360544023896379,-0.07768153895023082,0.005938585888391926,3.608987380186653e-05,0.0016785963230063442
6446.464363778,IMU,0.9894843237057375,-0.11729115724631221,-0.03360536239480749,-0.07768035266870162,0.005938585888391926,3.608987380186653e-05,0.0016785963230063442
6446.472201573,IMU,0.9894806812836494,-0.1173224976253694,-0.03361077128312512,-0.07767708137632184,0.005938585888391926,3.608987380186653e-05,0.0016785963230063442
6446.475936902,TRIAD,0.9907804494035194,-0.10966051346933532,-0.024062853899981914,-0.07582645928427666,0.005790105145266439,-7.45235290801448e-06,0.0016400222581095616
6446.480201573,IMU,0.9907792594968892,-0.10966941870469403,-0.02406509993484444,-0.07582841497022363,0.005790105145266439,-7.45235290801448e-06,0.0016400222581095616
6446.489866908,IMU,0.9907770611933207,-0.10968144388405453,-0.024074508892112333,-0.07583675825244408,0.005790105145266439,-7.45235290801448e-06,0.0016400222581095616
6446.494225737,TRIAD,0.9888766263495418,-0.12091013918174144,-0.02682373209277785,-0.08236651928554238,0.006030995518073389,7.585194522801046e-06,0.0019255406814457153
6446.497866908,IMU,0.988874942408448,-0.12091954843550988,-0.026826440057340514,-0.08237204135318621,0.006030995518073389,7.585194522801046e-06,0.0019255406814457153
6446.504853351,IMU,0.9888693715308995,-0.12095437742735562,-0.026828826751562604,-0.08238700555536288,0.006030995518073389,7.585194522801046e-06,0.0019255406814457153
6446.508999291,TRIAD,0.981502381245137,-0.12973745133296605,-0.1395264766639643,-0.01880509615748477,0.006366844127950691,0.0004670349326378027,-0.0005855184533954698
6446.512853351,IMU,0.9814989716568554,-0.12975875165569353,-0.13952929807942116,-0.01881515300909394,0.006366844127950691,0.0004670349326378027,-0.0005855184533954698
6446.519731164,IMU,0.9814946898123259,-0.12978130781142164,-0.13953615347383644,-0.018832097246176065,0.006366844127950691,0.0004670349326378027,-0.0005855184533954698
6446.523933289,TRIAD,0.9897677242967158,-0.11705801700683315,-0.03845532993644261,-0.07196151884450414,0.005991990411749367,5.3268123236793036e-05,0.0015350038511835816
6446.527731164,IMU,0.989766464301321,-0.11706316430694229,-0.038456652239758055,-0.07196976869087601,0.005991990411749367,5.3268123236793036e-05,0.0015350038511835816
6446.534940996,IMU,0.9897637940698902,-0.11708256793019302,-0.03845900160333376,-0.07197367178991529,0.005991990411749367,5.3268123236793036e-05,0.0015350038511835816
6446.538966232,TRIAD,0.990613941296043,-0.11121045226837528,-0.021557908795182556,-0.07649517098851379,0.0058696080632405405,-1.846006383070138e-05,0.001746298368438173
6446.542940996,IMU,0.9906125536810028,-0.11122461877858174,-0.021556914924190956,-0.07649282375564909,0.0058696080632405405,-1.846006383070138e-05,0.001746298368438173
6446.55041555,IMU,0.9906105163318296,-0.11124861378638669,-0.021557790898159856,-0.07648406706618449,0.0058696080632405405,-1.846006383070138e-05,0.001746298368438173
6446.55459112,TRIAD,0.9899615718213487,-0.11642808273697447,-0.03555873724663759,-0.0718064347577673,0.005980693043286071,4.269614500638644e-05,0.0015314578451654634
6446.55841555,IMU,0.9899608092021148,-0.11643792075911716,-0.03555960481740797,-0.07180056656056107,0.005980693043286071,4.269614500638644e-05,0.0015314578451654634
6446.566573013,IMU,0.9899584225223962,-0.11646100043613954,-0.03556414710034781,-0.0717937914823246,0.005980693043286071,4.269614500638644e-05,0.0015314578451654634
6446.570616472,TRIAD,0.9900050809238431,-0.11536816757319744,-0.02769780381441218,-0.07624275257121832,0.00594768862462297,7.207184759281937e-06,0.001728205977881132
6446.574573013,IMU,0.9900031641859516,-0.11537918646551586,-0.027700325375610877,-0.07625005053404749,0.00594768862462297,7.207184759281937e-06,0.001728205977881132
6446.581574345,IMU,0.9899990598877173,-0.1154009937914929,-0.027707048476899816,-0.07626789310103248,0.00594768862462297,7.207184759281937e-06,0.001728205977881132
6446.585776655,TRIAD,0.9897353762833719,-0.11665429942592179,-0.028884651175039883,-0.07733909932987257,0.005969941494579001,1.2657015108847925e-05,0.0017615883500308254
6446.589574345,IMU,0.9897330542235102,-0.11666502462052533,-0.02888793313674795,-0.07735141063213567,0.005969941494579001,1.2657015108847925e-05,0.0017615883500308254
6446.596589251,IMU,0.9897290340573134,-0.11668670301967096,-0.02889134657750491,-0.07736887342668884,0.005969941494579001,1.2657015108847925e-05,0.0017615883500308254
6446.600741339,TRIAD,0.9962948375356466,0.02937458258858977,0.08073836957567006,-0.003878952929359678,0.0034556691680882583,-0.0004634185934661637,-0.0004270578695274201
6446.604589251,IMU,0.9962952677853327,0.02936176244359801,0.08073767686713909,-0.003879926398203056,0.0034556691680882583,-0.0004634185934661637,-0.0004270578695274201
6446.616600042,TRIAD,0.9909772181143632,-0.10930916796399792,-0.018017729382439222,-0.07543885209384882,0.005179416689132137,-0.00014949693397667204,0.0010902022308502347
6446.619043785,IMU,0.9909760003750901,-0.10931868613785614,-0.018018757608799885,-0.07544081067908663,0.005179416689132137,-0.00014949693397667204,0.0010902022308502347
6446.625543283,IMU,0.9909744469064362,-0.10933244475714801,-0.01802094813916791,-0.0754407551001023,0.005179416689132137,-0.00014949693397667204,0.0010902022308502347
6446.630029187,TRIAD,0.9898204904794227,-0.11672624713413023,-0.026349654638896085,-0.07704593147900951,0.005288812103117144,-0.00012050778695685965,0.0011152355937958606
6446.633543283,IMU,0.9898200837141294,-0.11672826887673764,-0.026351490230401387,-0.07704746643356282,0.005288812103117144,-0.00012050778695685965,0.0011152355937958606
6446.641818357,IMU,0.989818774670504,-0.11673782866874124,-0.026352990535141806,-0.0770492865466295,0.005288812103117144,-0.00012050778695685965,0.0011152355937958606
6446.646297446,TRIAD,0.9894979681045274,-0.11714421725633968,-0.01914566513125924,-0.08248907192527483,0.0052841847981262855,-0.0001519126735722705,0.001344674120183405
6446.649818357,IMU,0.9894971696480619,-0.11715098418801455,-0.01914474473310024,-0.08248925330828767,0.0052841847981262855,-0.0001519126735722705,0.001344674120183405
6446.656827337,IMU,0.9894956312474096,-0.11717044732360153,-0.01914459039068089,-0.08248009866052886,0.0052841847981262855,-0.0001519126735722705,0.001344674120183405
6446.660936925,TRIAD,0.9899588457415412,-0.11655486194897846,-0.03528850549996454,-0.07177164672563194,0.005298208810274481,-8.750876409852708e-05,0.0009342974066724405
6446.664827337,IMU,0.9899578430140891,-0.11656612152672972,-0.03528694559060238,-0.07176795829612062,0.005298208810274481,-8.750876409852708e-05,0.0009342974066724405
6446.672866392,IMU,0.9899561912313302,-0.1165860984533902,-0.03528851289428796,-0.07175752189062934,0.005298208810274481,-8.750876409852708e-05,0.0009342974066724405
6446.67733911,TRIAD,0.9759281157315498,-0.1811577522457229,-0.08410729188325816,-0.08759078249455614,0.006540821526146463,0.00013824821137699148,0.0014266484178030612
6446.680866392,IMU,0.9759263334707658,-0.1811672986250346,-0.08410638052243362,-0.08759177074720356,0.006540821526146463,0.00013824821137699148,0.0014266484178030612
6446.686688556,IMU,0.9759218627064421,-0.1811877665283679,-0.08410521658097754,-0.0876003635604156,0.006540821526146463,0.00013824821137699148,0.0014266484178030612
6446.69119183,TRIAD,0.9797113148357083,-0.13956174106465702,-0.14240936078484942,-0.020194899720967288,0.006103466245523763,0.0003257387497272126,-0.0009064882797743903
6446.694688556,IMU,0.979709520973161,-0.13957243527643098,-0.14241041541967378,-0.020200579336789204,0.006103466245523763,0.0003257387497272126,-0.0009064882797743903
6446.702141129,IMU,0.9797045281259129,-0.13960258569234793,-0.14241291834586603,-0.0202167338065954,0.006103466245523763,0.0003257387497272126,-0.0009064882797743903
6446.706074291,TRIAD,0.9966405069305554,-0.04862004227145998,-0.0658298782307143,-0.003196649317077749,0.004593640946646913,-2.534510516696793e-05,-0.0015638316665748467
6446.710141129,IMU,0.9966396580693663,-0.04863544575649627,-0.0658308918697193,-0.003206096548901895,0.004593640946646913,-2.534510516696793e-05,-0.0015638316665748467
6446.717023109,IMU,0.9966385649872356,-0.04865335077469224,-0.06583350280970997,-0.003220581683881544,0.004593640946646913,-2.534510516696793e-05,-0.0015638316665748467
6446.72121253,TRIAD,0.9895532139561722,-0.11672372574857057,-0.03170300779576167,-0.07845334851416057,0.00564726248205449,-0.00016155104941478917,0.0012007815324528279
6446.725023109,IMU,0.9895514899743663,-0.11673268556721542,-0.03170234265387911,-0.07846203081767297,0.00564726248205449,-0.00016155104941478917,0.0012007815324528279
6446.736047362,TRIAD,0.9804300695747553,-0.13816283838436608,-0.13877900015609418,-0.02020638213265946,0.0060313038779991985,0.00015696308462392991,-0.0004312761480948612
6446.738648068,IMU,0.9804291753412283,-0.1381683365476875,-0.13877999266579877,-0.020205359463388008,0.0060313038779991985,0.00015696308462392991,-0.0004312761480948612
6446.747065476,IMU,0.9804271536647335,-0.13818617309911096,-0.1387799227237218,-0.020181946632805366,0.0060313038779991985,0.00015696308462392991,-0.0004312761480948612
6446.751553546,TRIAD,0.9890278994064362,-0.11919997257218952,-0.024091450453361862,-0.08387361175921076,0.005513653471258241,-0.00031385112938184066,0.00215851807401178
6446.755065476,IMU,0.9890277147878745,-0.11920841176414226,-0.02409081241877999,-0.08386397738688893,0.005513653471258241,-0.00031385112938184066,0.00215851807401178
6446.760859602,IMU,0.9890273047409179,-0.11922417454798374,-0.024088314636024507,-0.08384712146677004,0.005513653471258241,-0.00031385112938184066,0.00215851807401178
6446.76536645,TRIAD,0.9901405893124903,-0.11402315473604548,-0.021537038584411097,-0.07846330065048242,0.005437505680402917,-0.00032450149243689604,0.002007135371850969
6446.768859602,IMU,0.9901400991240801,-0.11403168195981835,-0.021538454255467757,-0.0784567052855075,0.005437505680402917,-0.00032450149243689604,0.002007135371850969
6446.776458861,IMU,0.9901382821463809,-0.1140474458264462,-0.021537294350330916,-0.07845704098897047,0.005437505680402917,-0.00032450149243689604,0.002007135371850969
6446.780754412,TRIAD,0.9789418647998656,-0.1424215206889002,-0.14464422605759597,-0.021609804603974225,0.00611697233501157,0.00019283041675659192,-0.000370571966730608
6446.784458861,IMU,0.9789403762646591,-0.14242997025945328,-0.1446454040222054,-0.02161366202085665,0.00611697233501157,0.00019283041675659192,-0.000370571966730608
6446.791077951,IMU,0.9789362017054011,-0.14245155665356493,-0.1446494549650001,-0.02163335794339091,0.00611697233501157,0.00019283041675659192,-0.000370571966730608
6446.795264225,TRIAD,0.9893397388526396,-0.11663584128139601,-0.01789235565172459,-0.08533947073191944,0.005506122285013471,-0.00030396802898050897,0.00208795261506553
6446.799077951,IMU,0.9893365425506606,-0.11665027143402192,-0.017892158654144317,-0.08535684159438507,0.005506122285013471,-0.00030396802898050897,0.00208795261506553
6446.806593284,IMU,0.9893298983677298,-0.1166788582800717,-0.017894655718559464,-0.08539424759824786,0.005506122285013471,-0.00030396802898050897,0.00208795261506553
6446.81076052,TRIAD,0.9788935564638083,-0.14249055719178652,-0.14489087456584412,-0.021690566897989996,0.0061749729473002815,0.00023893214030872603,-0.0006103088960384482
6446.814593284,IMU,0.9788916146388259,-0.14249961782548135,-0.14489288713554968,-0.021705229022268038,0.0061749729473002815,0.00023893214030872603,-0.0006103088960384482
6446.821393337,IMU,0.9788893798787611,-0.1425093817249028,-0.14489635124909833,-0.021718781633839168,0.0061749729473002815,0.00023893214030872603,-0.0006103088960384482
6446.82524824,TRIAD,0.9570835495164982,-0.13342239406366874,-0.2544289595014422,0.03815034173154359,0.006260485210276033,0.0006887267338250539,-0.0030930252511112803
6446.829393337,IMU,0.9570819967542639,-0.13343192972817763,-0.2544287963344722,0.03815703360689354,0.006260485210276033,0.0006887267338250539,-0.0030930252511112803
6446.836854595,IMU,0.9570748273576241,-0.13346805049594196,-0.2544326689488198,0.03818469990411475,0.006260485210276033,0.0006887267338250539,-0.0030930252511112803
6446.840983887,TRIAD,0.9789489007172678,-0.1360136668868054,-0.1507837819750624,-0.020581139369703065,0.006057783254496162,0.00022566816980473017,-0.0005105644886322456
6446.844854595,IMU,0.9789469824671154,-0.13603044800514133,-0.15078358185168428,-0.020562932135919074,0.006057783254496162,0.00022566816980473017,-0.0005105644886322456
6446.852422002,IMU,0.9789447694306337,-0.13605119410494224,-0.1507841383787553,-0.020526923792896102,0.006057783254496162,0.00022566816980473017,-0.0005105644886322456
6446.856890553,TRIAD,0.961097543211104,-0.2052376587693173,-0.1806624846710107,-0.03911626885282255,0.007241398450880166,0.00038178748695190314,0.0003747050645371082
6446.860422002,IMU,0.9610967887145437,-0.20524357811985164,-0.1806617440216952,-0.03910716827119678,0.007241398450880166,0.00038178748695190314,0.0003747050645371082
6446.871092125,TRIAD,0.9769004080198056,-0.14700171909196308,-0.1534525313190322,-0.02254790514718561,0.006611880993354082,0.0002897550450964817,-9.615813069448469e-05
6446.87368735,IMU,0.976899466869217,-0.14700709138459958,-0.15345350531591773,-0.022547026844732507,0.006611880993354082,0.0002897550450964817,-9.615813069448469e-05
6446.881117275,IMU,0.9768954307127031,-0.14703012250496217,-0.15345446148577474,-0.02256521169696454,0.006611880993354082,0.0002897550450964817,-9.615813069448469e-05
6446.884933604,TRIAD,0.9883780366393312,-0.1234873377994948,-0.03416489547689064,-0.08180766473398095,0.006057085670090545,-0.00015789168828353396,0.002134190112498575
6446.889117275,IMU,0.9883746948215045,-0.12350257947207885,-0.03416656696666018,-0.08182433135659208,0.006057085670090545,-0.00015789168828353396,0.002134190112498575
6446.8975897010005,IMU,0.9883682672519372,-0.12352963257881644,-0.034166114807949545,-0.08186131420442813,0.006057085670090545,-0.00015789168828353396,0.002134190112498575
6446.901749863,TRIAD,0.9984313134727718,-0.03403848987696675,-0.044427015559455066,-0.0015917827777338633,0.004402742873978117,-0.00012049215874741152,-0.0011879862101938578
6446.905589701,IMU,0.9984309997876747,-0.034046561055548714,-0.04442764748292639,-0.0015982748223772932,0.004402742873978117,-0.00012049215874741152,-0.0011879862101938578
6446.9139452750005,IMU,0.9984303379255356,-0.03406736909403723,-0.044426435082074986,-0.0016020420748556322,0.004402742873978117,-0.00012049215874741152,-0.0011879862101938578
6446.918450641,TRIAD,0.997555895319597,-0.0416398451146705,-0.056060676990372295,-0.0023578607517666956,0.00454326409858869,-6.174564353448144e-05,-0.0011616871147455195
6446.921945275,IMU,0.9975555835599516,-0.04164731772502337,-0.05606090913919113,-0.002352254485136628,0.00454326409858869,-6.174564353448144e-05,-0.0011616871147455195
6446.928376439,IMU,0.9975549368515597,-0.0416672617955591,-0.05605817006973139,-0.0023385521106549473,0.00454326409858869,-6.174564353448144e-05,-0.0011616871147455195
6446.932552065,TRIAD,0.9885196828661985,-0.12427860388662962,-0.03688834407419374,-0.07760744341597983,0.0057354385513017775,-0.00012663437033726534,0.0013208236573992985
6446.936376439,IMU,0.9885187094151284,-0.12429005548470047,-0.036886674382166425,-0.07760229698200505,0.0057354385513017775,-0.00012663437033726534,0.0013208236573992985
6446.944841662,IMU,0.9885158026917539,-0.12431413295661532,-0.0368871148492123,-0.0776005472533761,0.0057354385513017775,-0.00012663437033726534,0.0013208236573992985
6446.949296713,TRIAD,0.9867297193713055,-0.13226124145597223,-0.02735046116057266,-0.09012977971932282,0.005863416357689162,-0.0001689907961185836,0.001853905489042123
6446.952841662,IMU,0.9867273915533735,-0.13227543206918446,-0.027351672481584172,-0.09013407148046915,0.005863416357689162,-0.0001689907961185836,0.001853905489042123
6446.959589401,IMU,0.9867234504155702,-0.13229398015976496,-0.02736177100806257,-0.0901469284045878,0.005863416357689162,-0.0001689907961185836,0.001853905489042123
6446.963589581,TRIAD,0.996514680835208,-0.05251212547720336,-0.06472424347120814,-0.0034263486176734775,0.004694615618276767,-3.0453556418592003e-05,-0.001137262234047269
6446.967589401,IMU,0.9965141971206122,-0.05251722971990732,-0.06472739341122626,-0.003429294650008618,0.004694615618276767,-3.0453556418592003e-05,-0.001137262234047269
6446.975474437,IMU,0.9965131792385304,-0.05252801133531161,-0.06473459403935898,-0.0034240273996242305,0.004694615618276767,-3.0453556418592003e-05,-0.001137262234047269
6446.97994247,TRIAD,0.98756384636121,-0.12802333144883882,-0.03081648964701543,-0.08589540110406885,0.0059630261422913555,-0.00017287703272204403,0.0021412355589384554
6446.983474437,IMU,0.9875627021280261,-0.1280310072092057,-0.030818150463790234,-0.08589652007258082,0.0059630261422913555,-0.00017287703272204403,0.0021412355589384554
6446.989245712,IMU,0.987559859562206,-0.12804847767829422,-0.03082201697292919,-0.08590177189946539,0.0059630261422913555,-0.00017287703272204403,0.0021412355589384554
6446.9937333,TRIAD,0.9881385960207697,-0.12657154494670902,-0.030668075314181406,-0.08137092982404102,0.00594304885503349,-0.000175293149325806,0.0020101580611504967
6446.997245712,IMU,0.9881360849363592,-0.12658671921932413,-0.03067087994444492,-0.08137676134724206,0.00594304885503349,-0.000175293149325806,0.0020101580611504967
6447.005166841001,IMU,0.9881294775423687,-0.12662113805315126,-0.030672919771089182,-0.0814026719628227,0.00594304885503349,-0.000175293149325806,0.0020101580611504967
6447.009119558,TRIAD,0.9763053147769372,-0.15374204032464714,-0.1503467065262686,-0.024231904832765043,0.0066340826134485735,0.0003372403445723787,-0.00046967736516452443
6447.013166841,IMU,0.9763024998706173,-0.15375631276180923,-0.15034828791328744,-0.024244944912688728,0.0066340826134485735,0.0003372403445723787,-0.00046967736516452443
6447.024236872,TRIAD,0.9737182726975987,-0.1592429119018462,-0.16068635996034555,-0.02634984148946181,0.0067050607454788875,0.000373966405920341,-0.00043576460347299526
6447.026872153,IMU,0.9737162217341443,-0.15925219524207443,-0.16068852670475042,-0.02635631286465719,0.0067050607454788875,0.000373966405920341,-0.00043576460347299526
6447.034033947,IMU,0.9737101200926636,-0.15928451238585523,-0.16069383472889218,-0.026354081719053336,0.0067050607454788875,0.000373966405920341,-0.00043576460347299526
6447.038153147,TRIAD,0.9850129312216626,-0.1412655007171598,-0.04517001507672587,-0.08805256027627385,0.006224292212845678,-4.493388893011917e-05,0.0018536093483669587
6447.042033947,IMU,0.9850119498696926,-0.14127698317642548,-0.045171512213194674,-0.08804434747811733,0.006224292212845678,-4.493388893011917e-05,0.0018536093483669587
6447.049706595,IMU,0.9850123224068905,-0.14129094322558788,-0.045176614880750254,-0.08801515515480372,0.006224292212845678,-4.493388893011917e-05,0.0018536093483669587
6447.054209961,TRIAD,0.9685332535424112,-0.18471154988577743,-0.16371210489658208,-0.03198948001571477,0.007243545345116064,0.00045727088430599065,-0.0006038515081749397
6447.057706595,IMU,0.9685321413463431,-0.1847169673314913,-0.16371507617091227,-0.03197666326051719,0.007243545345116064,0.00045727088430599065,-0.0006038515081749397
6447.064273222,IMU,0.9685287346539712,-0.18473006278955426,-0.16372248866878678,-0.03196624399963262,0.007243545345116064,0.00045727088430599065,-0.0006038515081749397
6447.068480014,TRIAD,0.9699298553359407,-0.17488961378085166,-0.16658633846245546,-0.029978168010371856,0.007099911926703797,0.0004676666732989004,-0.0007318402702616687
6447.072273222,IMU,0.9699268398723174,-0.17490147536757963,-0.1665909394535933,-0.029980962317996553,0.007099911926703797,0.0004676666732989004,-0.0007318402702616687
6447.080944352,IMU,0.9699174090314338,-0.17493354749356757,-0.16660654356178373,-0.030012218536152435,0.007099911926703797,0.0004676666732989004,-0.0007318402702616687
6447.085429626,TRIAD,0.9815310844827081,-0.15545370358043256,-0.034196024571614,-0.10612025320749832,0.00638819156117572,-0.0001286358754233279,0.002882784473825528
6447.088944352,IMU,0.981526297906789,-0.15546678730539754,-0.034200264997406075,-0.10614398916772828,0.00638819156117572,-0.0001286358754233279,0.002882784473825528
6447.096327740001,IMU,0.9815170334861946,-0.15549625766054528,-0.03420077668569093,-0.10618631599279386,0.00638819156117572,-0.0001286358754233279,0.002882784473825528
6447.100484161,TRIAD,0.968677761817727,-0.18325661950933037,-0.16450787283099416,-0.03189929376072093,0.0071481402176396674,0.0003876072400704238,-0.00019189757894633131
6447.10432774,IMU,0.968673718431805,-0.1832767303783922,-0.16450768573608648,-0.03190750154843326,0.0071481402176396674,0.0003876072400704238,-0.00019189757894633131
6447.11131809,IMU,0.9686676527399415,-0.1833102740034932,-0.16450761662059343,-0.03189931118172283,0.0071481402176396674,0.0003876072400704238,-0.00019189757894633131
6447.115534252,TRIAD,0.9365031507831235,-0.17766617886294145,-0.2990676768223103,0.044216536970117175,0.007432987757298482,0.0009343811009086075,-0.003498667877423637
6447.11931809,IMU,0.9364992001794766,-0.17768185523903018,-0.29906852078024904,0.0442315075520904,0.007432987757298482,0.0009343811009086075,-0.003498667877423637
6447.1262827,IMU,0.9364919955178221,-0.17770990381013743,-0.2990695812933975,0.044264183758780024,0.007432987757298482,0.0009343811009086075,-0.003498667877423637
6447.130412399,TRIAD,0.98124725867254,-0.15458957000712215,-0.04079887744190766,-0.10766305676562815,0.006378691432523437,-9.77459852714303e-05,0.0026856911310322827
6447.1342827,IMU,0.9812461625854075,-0.15459855875610826,-0.04079867955860006,-0.10766021450945149,0.006378691432523437,-9.77459852714303e-05,0.0026856911310322827
6447.14279844,IMU,0.9812406132355973,-0.1546236438392711,-0.04080996382742941,-0.10767049064297578,0.006378691432523437,-9.77459852714303e-05,0.0026856911310322827
6447.14729164,TRIAD,0.964251900955062,-0.1989822461549575,-0.1711894771839186,-0.036311156979281736,0.007567152277258806,0.0004775356393505631,-0.0006406052673247559
6447.15079844,IMU,0.9642493943945197,-0.1989892605175449,-0.17119453937579415,-0.03631541403306007,0.007567152277258806,0.0004775356393505631,-0.0006406052673247559
6447.157340809,IMU,0.9642445136879693,-0.1990011963899448,-0.1712061297189705,-0.036324961179241465,0.007567152277258806,0.0004775356393505631,-0.0006406052673247559
6447.16138836,TRIAD,0.9536574164672773,-0.2300935262987728,-0.18842837628216522,-0.045708294477269866,0.008043762632395394,0.0005576268279441562,-0.0002886948387601208
6447.165340809,IMU,0.9536533251341948,-0.23010577210337751,-0.18843314712238665,-0.04571234155843587,0.008043762632395394,0.0005576268279441562,-0.0002886948387601208
6447.1738922350005,IMU,0.9536407335393814,-0.23015425673827333,-0.18843412131124454,-0.04572692166965474,0.008043762632395394,0.0005576268279441562,-0.0002886948387601208
6447.178358786,TRIAD,0.9782998745818524,-0.14332176952185172,-0.1480968269615259,-0.02134374892526806,0.006419736580949865,0.00032834548430228,-0.0015058636586321263
6447.181892235,IMU,0.9782969508160352,-0.1433398258301035,-0.14809818323614932,-0.02134709528707741,0.006419736580949865,0.00032834548430228,-0.0015058636586321263
6447.188710233,IMU,0.9782936480947929,-0.14336157854768194,-0.14809810124027376,-0.02135294599637329,0.006419736580949865,0.00032834548430228,-0.0015058636586321263
6447.192822877,TRIAD,0.9845957331051863,-0.14245262407553136,-0.04056370642298785,-0.09291435823534357,0.006187497465156088,-8.505492894819288e-05,0.0012249116708350151
6447.196710233,IMU,0.9845944043191944,-0.14246133474365424,-0.040563468685019526,-0.09291518764242265,0.006187497465156088,-8.505492894819288e-05,0.0012249116708350151
6447.204340825,IMU,0.9845916245432058,-0.14248510699479222,-0.04055980032398741,-0.0929097936803851,0.006187497465156088,-8.505492894819288e-05,0.0012249116708350151
6447.208793284,TRIAD,0.9840576311743761,-0.1449502473106189,-0.03411273141623035,-0.09724364188670698,0.006217654098159577,-0.00011313604528372875,0.001414691418875331
6447.212340825,IMU,0.9840562796285666,-0.1449621062718038,-0.03411346986081832,-0.09723938216011906,0.006217654098159577,-0.00011313604528372875,0.001414691418875331
6447.222567632,TRIAD,0.985733865914806,-0.13818554980537945,-0.03486695861492376,-0.08954213874250211,0.006145270418057262,-0.00011243964099476538,0.001237594945412045
6447.224975857,IMU,0.9857329331928599,-0.1381943944867854,-0.034867994923065,-0.089538353131362,0.006145270418057262,-0.00011243964099476538,0.001237594945412045
6447.231394096,IMU,0.9857312673509862,-0.13820922048195355,-0.034870486586785626,-0.08953283814104399,0.006145270418057262,-0.00011243964099476538,0.001237594945412045
6447.235551147,TRIAD,0.9861837611884539,-0.13590544951191158,-0.034655810814028847,-0.08814915052331637,0.006114507495656602,-0.00011320720570823562,0.001197939636950768
6447.239394096,IMU,0.9861821376787597,-0.13591536880800906,-0.03465818709887455,-0.08815108571171469,0.006114507495656602,-0.00011320720570823562,0.001197939636950768
6447.246860261001,IMU,0.9861779673397525,-0.13593630909656165,-0.03466377759784035,-0.08816325269343063,0.006114507495656602,-0.00011320720570823562,0.001197939636950768
6447.251352572,TRIAD,0.9709334546019223,-0.17310517387687765,-0.16259844300069912,-0.02974175256405294,0.007006834734227641,0.000422070725854372,-0.0013377251759257342
6447.254860261,IMU,0.9709304935158124,-0.17311802501667536,-0.16260164604787905,-0.029746106938339616,0.007006834734227641,0.000422070725854372,-0.0013377251759257342
6447.261276463,IMU,0.9709256131924638,-0.17313627007823262,-0.16260881596967752,-0.029760016787211966,0.007006834734227641,0.000422070725854372,-0.0013377251759257342
6447.265448644,TRIAD,0.9853174618832189,-0.13942107997163855,-0.04637614639395993,-0.0869512208838932,0.006280390666298098,-7.982440588206346e-06,0.0008053036982908412
6447.269276463,IMU,0.9853150007444054,-0.13943280290670088,-0.046377368178013696,-0.08695966020238723,0.006280390666298098,-7.982440588206346e-06,0.0008053036982908412
6447.278304556,IMU,0.985310220961389,-0.13945949001725153,-0.04638245274185717,-0.08696831141741487,0.006280390666298098,-7.982440588206346e-06,0.0008053036982908412
6447.282714996,TRIAD,0.9796883147578039,-0.13882930923111572,-0.14323081140681546,-0.0205466174629957,0.006507494832478084,0.00044712432694805486,-0.002315685603378987
6447.286304556,IMU,0.9796868992534484,-0.13884129528021885,-0.14322949184472092,-0.02054231783362163,0.006507494832478084,0.00044712432694805486,-0.002315685603378987
6447.292104664,IMU,0.979684390706817,-0.13886148499606407,-0.14322887974333123,-0.02052974908689982,0.006507494832478084,0.00044712432694805486,-0.002315685603378987
6447.296505975,TRIAD,0.9889218696674789,-0.1198951515002833,-0.039900516158428094,-0.07788862015977238,0.006073480710971061,7.649404911409758e-05,-0.0003510485124425169
6447.300104664,IMU,0.9889214751886809,-0.11990456738812295,-0.03989625186254198,-0.07788131815416957,0.006073480710971061,7.649404911409758e-05,-0.0003510485124425169
6447.311623066,TRIAD,0.9877199606414561,-0.12779511471904165,-0.034393284511398954,-0.08303487210145863,0.006154218656763649,6.010469827434013e-05,-0.00021411153064931766
6447.314536495,IMU,0.9877187143666663,-0.12780943843466291,-0.03439253078169502,-0.08302796253857138,0.006154218656763649,6.010469827434013e-05,-0.00021411153064931766
6447.322880291,IMU,0.987712354101767,-0.12786439785399392,-0.03439114202275367,-0.08301958001912556,0.006154218656763649,6.010469827434013e-05,-0.00021411153064931766
6447.327063101,TRIAD,0.9862332089068923,-0.13463027685355264,-0.033026115167751564,-0.0901555429270802,0.006264708171884293,5.5765748866446114e-05,4.902019738130061e-05
6447.330880291,IMU,0.9862323833029278,-0.13463704014886144,-0.033028315207680806,-0.0901536684729081,0.006264708171884293,5.5765748866446114e-05,4.902019738130061e-05
6447.33698114,IMU,0.9862346971796733,-0.13462170003621987,-0.033032955830950284,-0.09014956343403435,0.006264708171884293,5.5765748866446114e-05,4.902019738130061e-05
6447.341543469,TRIAD,0.9876415123604421,-0.12810536450785537,-0.03523463461316857,-0.0831371106688534,0.006171448406916339,6.302738067015258e-05,-0.0001820897807040628
6447.34498114,IMU,0.9876416207893239,-0.1281058624003985,-0.035236562350457454,-0.08313423829572296,0.006171448406916339,6.302738067015258e-05,-0.0001820897807040628
6447.350244395,IMU,0.9876369283932382,-0.12813953315870008,-0.03523657504883832,-0.08313808690767199,0.006171448406916339,6.302738067015258e-05,-0.0001820897807040628
6447.354840188,TRIAD,0.9878781615313879,-0.12786129221632617,-0.04300971255959623,-0.07680099314251951,0.006178907624541005,8.783919071744218e-05,-0.00037758308622569143
6447.358244395,IMU,0.9878733416460524,-0.12789220202128918,-0.043010531511993015,-0.07681106499888748,0.006178907624541005,8.783919071744218e-05,-0.00037758308622569143
6447.364452078,IMU,0.9878680305301508,-0.12791027024299015,-0.04301372437304185,-0.07684748882303384,0.006178907624541005,8.783919071744218e-05,-0.00037758308622569143
6447.368670352,TRIAD,0.9880222193455915,-0.1263069793235892,-0.034143062486134,-0.08181009923982706,0.006142547192157194,5.622004895376418e-05,-0.00020104735195218388
6447.372452078,IMU,0.9880212726057637,-0.1262994105941642,-0.03414619790891618,-0.08183190655495716,0.006142547192157194,5.622004895376418e-05,-0.00020104735195218388
6447.384203091,TRIAD,0.9950265976091839,-0.06302821275153556,-0.076992610442107,-0.004653212325751291,0.005478241915586815,0.00017581605737744015,-0.002173694555751453
6447.387170668,IMU,0.9950264416494659,-0.06303064564285195,-0.07699241051528898,-0.004656914353173218,0.005478241915586815,0.00017581605737744015,-0.002173694555751453
6447.3934315920005,IMU,0.9950226642178105,-0.06308397593859588,-0.07699885444850212,-0.0046353086507090946,0.005478241915586815,0.00017581605737744015,-0.002173694555751453
6447.397624865,TRIAD,0.9869762309526778,-0.1313810244048529,-0.042137887836498446,-0.08271241968082345,0.006348859374242087,6.424684045752525e-05,0.0002546400205405805
6447.401431592,IMU,0.9869726135576843,-0.13142027773204826,-0.04213590132540686,-0.08269423503147638,0.006348859374242087,6.424684045752525e-05,0.0002546400205405805
6447.408364386,IMU,0.9869733785517497,-0.1314350129007967,-0.042136015786523776,-0.08266162100727202,0.006348859374242087,6.424684045752525e-05,0.0002546400205405805
6447.412518289,TRIAD,0.9715754297242537,-0.17076706969695377,-0.16135514800702122,-0.029056986679279917,0.007211465405740506,0.0005409392586788952,-0.0019252766219506074
6447.416364386,IMU,0.971577286725512,-0.17075780290715667,-0.1613576568293062,-0.029035413686886162,0.007211465405740506,0.0005409392586788952,-0.0019252766219506074
6447.424791053,IMU,0.9715775655558322,-0.1707569692731172,-0.16136217084262014,-0.02900588516524478,0.007211465405740506,0.0005409392586788952,-0.0019252766219506074
6447.429295253,TRIAD,0.9848996002074035,-0.14078039177843255,-0.032057307274634,-0.09553003638807836,0.006356725536272052,-4.246825135187653e-05,0.0011680194330933361
6447.432791053,IMU,0.9848961948123174,-0.14080218546430445,-0.03206017073179052,-0.09553206511607402,0.006356725536272052,-4.246825135187653e-05,0.0011680194330933361
6447.439370143,IMU,0.9848857449106637,-0.1408555290558722,-0.03206027583067572,-0.09556112242862375,0.006356725536272052,-4.246825135187653e-05,0.0011680194330933361
6447.443516787,TRIAD,0.9666740507014467,-0.1881573856634649,-0.1702162697146274,-0.03412476293227665,0.007347155770311758,0.0004767001568050566,-0.0012239204164581031
6447.447370143,IMU,0.9666701630802581,-0.18816798556065711,-0.17022099547526934,-0.034152858150379564,0.007347155770311758,0.0004767001568050566,-0.0012239204164581031
6447.455872828,IMU,0.9666665202170834,-0.18816718196373647,-0.17022957476409367,-0.03421757149268387,0.007347155770311758,0.0004767001568050566,-0.0012239204164581031
6447.460371232,TRIAD,0.9494874368953454,-0.24206229703175683,-0.19340134962993105,-0.04975308528059568,0.008345992165461957,0.0006102454092727341,-0.0004462450084568519
6447.463872828,IMU,0.9494836177514403,-0.2420725532075826,-0.19340353205432703,-0.049767583768051016,0.008345992165461957,0.0006102454092727341,-0.0004462450084568519
6447.471047882,IMU,0.9494745755172713,-0.24211674560509366,-0.19339453630780867,-0.04976007707172055,0.008345992165461957,0.0006102454092727341,-0.0004462450084568519
6447.47504997,TRIAD,0.9743406617174137,-0.1556517490729626,-0.16060906458984026,-0.025249481305096126,0.006964455799524047,0.000443731935852114,-0.0015428612930390188
6447.479047882,IMU,0.9743360572167107,-0.15568789572906633,-0.1606054490298649,-0.02522729618420619,0.006964455799524047,0.000443731935852114,-0.0015428612930390188
6447.4869772520005,IMU,0.974331194353757,-0.15572927376864426,-0.1606015678253388,-0.025184388273594586,0.006964455799524047,0.000443731935852114,-0.0015428612930390188
6447.491473026,TRIAD,0.9733037761755863,-0.19024717161373128,-0.06663070626410683,-0.1097548265820969,0.007287323514457207,5.548861245222161e-05,0.0022362843351933803
6447.494977252,IMU,0.973306067755295,-0.19024282578590682,-0.06663077107941925,-0.10974199767217835,0.007287323514457207,5.548861245222161e-05,0.0022362843351933803
6447.500848804,IMU,0.9733090786045682,-0.19023490883033115,-0.06663416546376287,-0.1097269564017434,0.007287323514457207,5.548861245222161e-05,0.0022362843351933803
6447.505362838,TRIAD,0.9858336430777946,-0.13729016108209102,-0.04419577926691175,-0.08561642915356471,0.006504888764700038,-2.831968647127491e-05,0.00154000764137237
6447.508848804,IMU,0.9858317652551342,-0.13730587853075077,-0.04419514827823014,-0.08561317190427,0.006504888764700038,-2.831968647127491e-05,0.00154000764137237
6447.516363211,IMU,0.9858226337591655,-0.13736026122960554,-0.04419856128680375,-0.08562932081509023,0.006504888764700038,-2.831968647127491e-05,0.00154000764137237
6447.520636392,TRIAD,0.972666021228057,-0.16726981347768838,-0.15863490861815063,-0.027867300106602363,0.0072325022409701935,0.00043680225611732545,-0.0008445992139204071
6447.524363211,IMU,0.9726624809231635,-0.16728612634480247,-0.1586369819827467,-0.027881142091977958,0.0072325022409701935,0.00043680225611732545,-0.0008445992139204071
6447.535088,TRIAD,0.9832804351708341,-0.14839159073039931,-0.05566813299040274,-0.08966928448537845,0.00685455389164059,0.0001466150536302593,0.0008588907862362952
6447.537910948,IMU,0.9832790306383627,-0.1483936900605249,-0.055668956041075066,-0.08968070021135831,0.00685455389164059,0.0001466150536302593,0.0008588907862362952
6447.545993448,IMU,0.9832734402146964,-0.1484079914404838,-0.05567101931159964,-0.0897170410444117,0.00685455389164059,0.0001466150536302593,0.0008588907862362952
6447.549911536,TRIAD,0.9853791989371276,-0.1389087831027031,-0.03334404164521828,-0.09284588933126195,0.0066601613950357024,5.442019978255824e-05,0.001049273054605802
6447.553993448,IMU,0.9853741647176676,-0.13893304718089813,-0.03334400605672996,-0.09286302368584591,0.0066601613950357024,5.442019978255824e-05,0.001049273054605802
6447.560287315,IMU,0.9853669911882571,-0.13897127588427927,-0.0333404624251276,-0.09288321011342981,0.0066601613950357024,5.442019978255824e-05,0.001049273054605802
6447.564524793,TRIAD,0.9856555110597404,-0.13768986751388668,-0.03783541019201957,-0.08996219004210694,0.006647769797729144,7.211275294671204e-05,0.0009352047753937396
6447.568287315,IMU,0.9856543287863072,-0.13769827458890094,-0.03783589153932134,-0.08996207329468808,0.006647769797729144,7.211275294671204e-05,0.0009352047753937396
6447.575166351,IMU,0.985655307368553,-0.13770693342070758,-0.03783515763710396,-0.08993840331384383,0.006647769797729144,7.211275294671204e-05,0.0009352047753937396
6447.579277791,TRIAD,0.9691162273309321,-0.1800028174776372,-0.1655766274428843,-0.03157695470773411,0.007580121792119343,0.0005762571417101298,-0.0014315438275198942
6447.583166351,IMU,0.9691139442516762,-0.18001930418501963,-0.16557647070440076,-0.031553851219391825,0.007580121792119343,0.0005762571417101298,-0.0014315438275198942
6447.591052609,IMU,0.9691072543119871,-0.18006205245028753,-0.165576766597307,-0.03151382665517676,0.007580121792119343,0.0005762571417101298,-0.0014315438275198942
6447.595532105,TRIAD,0.965067592820473,-0.21892677570465102,-0.09245574981130775,-0.11030658409221113,0.00799120752808678,0.00029911621457728334,0.0020561283821270886
6447.599052609,IMU,0.9650649975779392,-0.21893941404288497,-0.0924593575095799,-0.1103011814867201,0.00799120752808678,0.00029911621457728334,0.0020561283821270886
6447.6047813840005,IMU,0.9650617740930709,-0.21894774803320094,-0.09246778241166288,-0.11030577968263491,0.00799120752808678,0.00029911621457728334,0.0020561283821270886
6447.609300269,TRIAD,0.9840853286035715,-0.14390036384594138,-0.03000037468391406,-0.09984352172790771,0.006827767188221978,8.28750975075885e-05,0.0019006039722735493
6447.612781384,IMU,0.9840825797314211,-0.14390835294091106,-0.03000197849819694,-0.09985861760098216,0.006827767188221978,8.28750975075885e-05,0.0019006039722735493
6447.620578549,IMU,0.9840709380151379,-0.14394903250439564,-0.03000515241654225,-0.09991374191529039,0.006827767188221978,8.28750975075885e-05,0.0019006039722735493
6447.624616934,TRIAD,0.993523555925542,-0.07044756008988103,-0.08892887274048243,-0.006304021855639108,0.005718147317221427,0.0003215459194922586,-0.001707895299911076
6447.628578549,IMU,0.9935217912756035,-0.07047027067682973,-0.08892878715549225,-0.006329457030716046,0.005718147317221427,0.0003215459194922586,-0.001707895299911076
6447.637119216,IMU,0.9935195775996463,-0.07050376830921097,-0.08892480921999366,-0.006359707981447343,0.005718147317221427,0.0003215459194922586,-0.001707895299911076
6447.641126063,TRIAD,0.9642006817106143,-0.1955742881987929,-0.17526447753766133,-0.03674378992119283,0.0080741022671133,0.000783621460209608,-0.00034155695402548797
6447.645119216,IMU,0.9641986729290817,-0.19558461588355883,-0.17526392818610725,-0.036744150939350795,0.0080741022671133,0.000783621460209608,-0.00034155695402548797
6447.652457141,IMU,0.9641950226084717,-0.19561291957895574,-0.17525854133780833,-0.03671495279841359,0.0080741022671133,0.000783621460209608,-0.00034155695402548797
6447.656528414,TRIAD,0.9864284359124534,-0.1333592656238601,-0.04165405893522376,-0.08625071866249312,0.0067288050365978255,0.00021551580868289625,0.0018327791979394078
6447.660457141,IMU,0.9864283710291807,-0.1333720137498598,-0.04165389716521032,-0.08623182491385907,0.0067288050365978255,0.00021551580868289625,0.0018327791979394078
6447.670762708,TRIAD,0.9825265648080934,-0.1510453338124825,-0.0367772695361908,-0.10234397405487763,0.00693262184918301,0.0002020439281790357,0.002258412316380111
6447.67319747,IMU,0.9825264225469266,-0.15105283240860076,-0.03677544383553257,-0.102334928295167,0.00693262184918301,0.0002020439281790357,0.002258412316380111
6447.680065634,IMU,0.9825249320331702,-0.1510716462426332,-0.036780013595944995,-0.10231982327309437,0.00693262184918301,0.0002020439281790357,0.002258412316380111
6447.68412226,TRIAD,0.9847681597719069,-0.1422754295863392,-0.03724922758252925,-0.09274625965493088,0.006812083634009506,0.00020140656338007407,0.001971678414528938
6447.688065634,IMU,0.9847664092245817,-0.14228629935963116,-0.03724975024018243,-0.09274796161915967,0.006812083634009506,0.00020140656338007407,0.001971678414528938
6447.697084431,IMU,0.9847593273812448,-0.14231983060582704,-0.03725732190427402,-0.09276866344023865,0.006812083634009506,0.00020140656338007407,0.001971678414528938
6447.701724039,TRIAD,0.9624080727334167,-0.17144161405542666,0.058309535363088257,-0.20243140219185762,0.007182453626355773,-0.00022438269357509492,0.006957811539466353
6447.705084431,IMU,0.9624021871449581,-0.1714557759315546,0.05830882495662683,-0.2024475932444917,0.007182453626355773,-0.00022438269357509492,0.006957811539466353
6447.711543336,IMU,0.9623916299260381,-0.17147619396243247,0.05830512191433918,-0.2024815505447747,0.007182453626355773,-0.00022438269357509492,0.006957811539466353
6447.715327295,TRIAD,0.9842847068863774,-0.14551694354141584,-0.03370112302668862,-0.0941948471982555,0.006936180496795164,8.99639344252292e-05,0.00323670428843968
6447.719543336,IMU,0.9842816628119675,-0.14552801839419546,-0.033699719968964724,-0.0942100471732197,0.006936180496795164,8.99639344252292e-05,0.00323670428843968
6447.727443965,IMU,0.9842740785274231,-0.14556070072378288,-0.03369662147258178,-0.09423989837179944,0.006936180496795164,8.99639344252292e-05,0.00323670428843968
6447.731640535,TRIAD,0.9830267434720278,-0.14934507874406583,-0.035386491441697254,-0.10051002585391978,0.007006616456628741,0.00010116551924617035,0.003466299598413699
6447.735443965,IMU,0.9830222734652669,-0.14936328429062357,-0.03538510843988349,-0.10052717681201534,0.007006616456628741,0.00010116551924617035,0.003466299598413699
6447.741898815,IMU,0.9830169638912167,-0.1493871130190105,-0.03538307336127382,-0.10054440454570591,0.007006616456628741,0.00010116551924617035,0.003466299598413699
6447.746416144,TRIAD,0.9685986416961342,-0.183092071333412,-0.1651328426817658,-0.032017323234210616,0.007800109940572025,0.0005898339295300672,0.0008066630459923809
6447.749898815,IMU,0.9685970845470843,-0.18310119274996262,-0.16513219774844634,-0.03201559443767148,0.007800109940572025,0.0005898339295300672,0.0008066630459923809
6447.75736211,IMU,0.9685944365438354,-0.18312341710067212,-0.16512684837766575,-0.03199618024956644,0.007800109940572025,0.0005898339295300672,0.0008066630459923809
6447.761597994,TRIAD,0.9945516072323359,-0.06400981197966643,-0.08211141946814314,-0.0052496966418869835,0.005834610555444519,0.00020258271474232075,-0.0002457706248109575
6447.76536211,IMU,0.994550811953219,-0.06402550572475682,-0.08210980426741608,-0.005234224206940959,0.005834610555444519,0.00020258271474232075,-0.0002457706248109575
6447.775855584,TRIAD,0.9709897302825968,-0.17384648056111163,-0.1612896911755151,-0.030691699248361005,0.007101167950595535,0.00046569767889370877,0.00043593255269120084
6447.778488402,IMU,0.9709878632650589,-0.17385853994543324,-0.16128932977285995,-0.030684354016652423,0.007101167950595535,0.00046569767889370877,0.00043593255269120084
6447.786326309,IMU,0.9709857241304732,-0.17387574381611354,-0.1612867020671987,-0.03066837106043795,0.007101167950595535,0.00046569767889370877,0.00043593255269120084
6447.789939952,TRIAD,0.9658818320013959,-0.19047679416227253,-0.17213557168618934,-0.03406203833535744,0.007365892113729903,0.0005145297409357454,0.0005722807923016857
6447.794326309,IMU,0.9658788807805742,-0.19049182038530688,-0.17213508059934632,-0.03406417554285089,0.007365892113729903,0.0005145297409357454,0.0005722807923016857
6447.801487344001,IMU,0.965872170897471,-0.19052065298974596,-0.1721364594467609,-0.034086208344446686,0.007365892113729903,0.0005145297409357454,0.0005722807923016857
6447.805953581,TRIAD,0.9826133365251595,-0.15067061790404712,-0.03997675925667847,-0.1008526375591642,0.006356158268093949,-3.915753707989006e-05,0.0034980457548484203
6447.809487344,IMU,0.982609201708626,-0.15068482575538245,-0.03997647153770363,-0.10087180839065911,0.006356158268093949,-3.915753707989006e-05,0.0034980457548484203
6447.816196879,IMU,0.9826016635963146,-0.1507021951775706,-0.03997892756161029,-0.10091830566076648,0.006356158268093949,-3.915753707989006e-05,0.0034980457548484203
6447.820339134,TRIAD,0.9837925556835145,-0.14286748074326508,-0.020355305263422423,-0.10642721397934218,0.006199617674000404,-0.00011423196150966054,0.003747543068243692
6447.824196879,IMU,0.9837884647558479,-0.14287889258369885,-0.020354341780200222,-0.10644989167717615,0.006199617674000404,-0.00011423196150966054,0.003747543068243692
6447.832145934,IMU,0.9837832999162128,-0.14289843693125898,-0.020356136485018817,-0.10647104411986054,0.006199617674000404,-0.00011423196150966054,0.003747543068243692
6447.836377634,TRIAD,0.9677335331582926,-0.2122263585965333,-0.08195740613497492,-0.10832712078445628,0.007573688886554585,0.0001464342464759315,0.0036076215917585706
6447.840145934,IMU,0.967730570148924,-0.212241386607287,-0.08195445709345514,-0.1083263789331647,0.007573688886554585,0.0001464342464759315,0.0036076215917585706
6447.846418191,IMU,0.9677274432009534,-0.21226710810047267,-0.08194779777509131,-0.10830895131160999,0.007573688886554585,0.0001464342464759315,0.0036076215917585706
6447.850620038,TRIAD,0.9836319308169531,-0.14819199744019276,-0.04445331354330282,-0.09236481736581055,0.0065347263011845975,4.626087609068552e-06,0.003162354926594263
6447.854418191,IMU,0.9836314144180415,-0.14820516984512627,-0.044451296179516306,-0.09235015142977059,0.0065347263011845975,4.626087609068552e-06,0.003162354926594263
6447.86196993,IMU,0.9836294652048285,-0.1482269724076935,-0.04444809134989839,-0.09233746264146135,0.0065347263011845975,4.626087609068552e-06,0.003162354926594263
6447.866120333,TRIAD,0.994203575707189,-0.0682411775295838,-0.08288791991585993,-0.0056554816273632616,0.005283892261978654,0.00015335013799283538,-0.00016967892884206612
6447.86996993,IMU,0.9942031571631996,-0.06824900717381067,-0.0828867487730095,-0.005651741709918223,0.005283892261978654,0.00015335013799283538,-0.00016967892884206612
6447.87666041,IMU,0.994202151914478,-0.06826284346192778,-0.08288694764950472,-0.005658554626561174,0.005283892261978654,0.00015335013799283538,-0.00016967892884206612
6447.880543553,TRIAD,0.9858518539629264,-0.13655633881892734,-0.03756127040993339,-0.08965288244904902,0.006263620566572147,-1.6898065412743256e-05,0.0028203776483338113
6447.88466041,IMU,0.9858487065597303,-0.13656614435636671,-0.03756354302212315,-0.0896716021144263,0.006263620566572147,-1.6898065412743256e-05,0.0028203776483338113
6447.892610409001,IMU,0.9858415911655136,-0.13658818318715402,-0.037570530600275896,-0.08971332438548266,0.006263620566572147,-1.6898065412743256e-05,0.0028203776483338113
6447.896728645,TRIAD,0.9844977322222457,-0.1425982693005444,-0.03507074915537524,-0.09591658561179991,0.006366481716361343,-2.7309408033027077e-05,0.0030720111811409372
6447.900610409,IMU,0.9844938854123024,-0.14261177023550775,-0.03507014562677839,-0.09593621559035782,0.006366481716361343,-2.7309408033027077e-05,0.0030720111811409372
6447.908227741,IMU,0.9844878338823969,-0.14263809028844485,-0.0350698850311687,-0.09595927938616608,0.006366481716361343,-2.7309408033027077e-05,0.0030720111811409372
6447.912700515,TRIAD,0.9844403654405844,-0.14258721713107853,-0.03624520924229447,-0.09608505195401504,0.006367614158439358,-2.1705259472712837e-05,0.0030705631390750476
6447.916227741,IMU,0.9844387310910206,-0.14259607332540314,-0.03624357092571501,-0.0960892718602346,0.006367614158439358,-2.1705259472712837e-05,0.0030705631390750476
6447.92697892,TRIAD,0.9848291877051162,-0.14257697133149266,-0.042542666373142704,-0.08929389580415494,0.006376090298496559,-5.801465960507237e-06,0.002905603570694049
6447.929600219,IMU,0.9848280457231284,-0.1425849828011476,-0.042542008215036606,-0.08929401197052231,0.006376090298496559,-5.801465960507237e-06,0.002905603570694049
6447.9373557,IMU,0.9848251303771677,-0.14260747933017404,-0.04253680576620881,-0.08929271847075049,0.006376090298496559,-5.801465960507237e-06,0.002905603570694049
6447.941537899,TRIAD,0.9704607804130103,-0.1764080494670625,-0.16180526041997376,-0.030085402836288862,0.007135121931759697,0.0004460390578343673,0.0005902540006110218
6447.9453557,IMU,0.9704587119678096,-0.17642244497655338,-0.16180269881927675,-0.030081488145925924,0.007135121931759697,0.0004460390578343673,0.0005902540006110218
6447.952084198,IMU,0.9704538553698228,-0.17644741048119705,-0.16180493251931333,-0.03007972314944962,0.007135121931759697,0.0004460390578343673,0.0005902540006110218
6447.955918452,TRIAD,0.983735013785257,-0.14601616322875757,-0.03795844279874702,-0.0974877394812671,0.00639147598722541,-3.068707115868035e-05,0.0032471874553881425
6447.960084198,IMU,0.9837328337674264,-0.14602955464439185,-0.03795668256567525,-0.09749036458480481,0.00639147598722541,-3.068707115868035e-05,0.0032471874553881425
6447.9678085860005,IMU,0.9837292608975796,-0.1460502118290309,-0.03795799479814132,-0.09749496145699642,0.00639147598722541,-3.068707115868035e-05,0.0032471874553881425
6447.971917378,TRIAD,0.9739358028609569,-0.14921602531800426,0.04361391364388826,-0.16517099088684883,0.006284085804999373,-0.00037388239840761037,0.006150125030615467
6447.975808586,IMU,0.9739324434496206,-0.14922625440619294,0.043614208838695025,-0.16518148013480347,0.006284085804999373,-0.00037388239840761037,0.006150125030615467
6447.982243713001,IMU,0.9739252834189416,-0.14924920280590379,0.04361504862648009,-0.16520274002705443,0.006284085804999373,-0.00037388239840761037,0.006150125030615467
6447.986404486,TRIAD,0.9857549275355542,-0.13837640249210678,-0.03344643498388724,-0.08955741208624364,0.00623827505443964,-9.076365861689301e-05,0.0034041645887477917
6447.990243713,IMU,0.9857521093468087,-0.1383897377549579,-0.03344853701505704,-0.08956704066778066,0.00623827505443964,-9.076365861689301e-05,0.0034041645887477917
6447.997937768,IMU,0.9857472037664435,-0.13840711638043984,-0.033453921849267605,-0.08959216212812474,0.00623827505443964,-9.076365861689301e-05,0.0034041645887477917
6448.001989652,TRIAD,0.9829269202428257,-0.15168906783099959,-0.04393157477015632,-0.09441987555981224,0.006486338088470358,-4.394027116031525e-05,0.0035456103263848747
6448.005937768,IMU,0.982923826248171,-0.15169941996940492,-0.043933330363313365,-0.09443463484225283,0.006486338088470358,-4.394027116031525e-05,0.0035456103263848747
6448.013740804,IMU,0.9829180104036304,-0.15172154272255567,-0.043934842411426075,-0.09445892186733762,0.006486338088470358,-4.394027116031525e-05,0.0035456103263848747
6448.017758003,TRIAD,0.9695853576225328,-0.1798202576641146,-0.16313886903998812,-0.030896903177342644,0.007264346167737486,0.00046739647218275906,0.0007282875326476384
6448.021740804,IMU,0.9695819989616017,-0.17983585289996293,-0.16314068767845122,-0.03090193076766828,0.007264346167737486,0.00046739647218275906,0.0007282875326476384
6448.029085191,IMU,0.9695769422954557,-0.17986380473781544,-0.16313946130570023,-0.03090438284641531,0.007264346167737486,0.00046739647218275906,0.0007282875326476384
6448.033250594,TRIAD,0.9834674258693422,-0.1478426584107076,-0.04841167917797462,-0.09268592086802291,0.006454161539178729,-7.575604014807146e-06,0.0033323340165438043
6448.037085191,IMU,0.9834655360425731,-0.14785582553811044,-0.04841068421680816,-0.09268548928822976,0.006454161539178729,-7.575604014807146e-06,0.0033323340165438043
6448.044070078,IMU,0.98346331331599,-0.14787364739633357,-0.048409909244538564,-0.0926810468983556,0.006454161539178729,-7.575604014807146e-06,0.0033323340165438043
6448.048273815,TRIAD,0.9685736108045601,-0.18302692243243684,-0.16536575979601723,-0.03194482125498991,0.007283712824297194,0.0004557649967941934,0.0008764147109882165
6448.052070078,IMU,0.9685713602678322,-0.18303820777754315,-0.16536743905050144,-0.03193970357384231,0.007283712824297194,0.0004557649967941934,0.0008764147109882165
6448.063197424,TRIAD,0.9827128869327026,-0.1511623463564747,-0.05016448005172647,-0.09438671432748565,0.006729227093251379,0.00012711278435777716,0.002644575260141953
6448.065606649,IMU,0.982711842314496,-0.15116944805246357,-0.05016472070285354,-0.09438608873752143,0.006729227093251379,0.00012711278435777716,0.002644575260141953
6448.072421073,IMU,0.982707278519944,-0.15119146544776332,-0.050166242146853314,-0.09439752999176577,0.006729227093251379,0.00012711278435777716,0.002644575260141953
6448.07657268,TRIAD,0.9676857886484324,-0.18655434651597688,-0.1664517906313214,-0.032794689196349765,0.007441138847834253,0.0005147856926748594,0.0005236671535937204
6448.080421073,IMU,0.9676826435609139,-0.1865677849547317,-0.16645388159967164,-0.032800430918648045,0.007441138847834253,0.0005147856926748594,0.0005236671535937204
6448.087492701,IMU,0.967676427799726,-0.18659582848085668,-0.16645604037324147,-0.03281332804770545,0.007441138847834253,0.0005147856926748594,0.0005236671535937204
6448.091691493,TRIAD,0.9942824206572844,-0.06304485611669977,-0.08601583195056067,-0.005393583499716526,0.005417208149256809,0.0001411951931841224,-0.0005814874872154705
6448.095492701,IMU,0.9942820329669216,-0.06305199265576428,-0.08601487101641482,-0.005396953337997593,0.005417208149256809,0.0001411951931841224,-0.0005814874872154705
6448.103188533,IMU,0.9942805804243838,-0.06307566588589658,-0.08601386283632445,-0.005403995186433883,0.005417208149256809,0.0001411951931841224,-0.0005814874872154705
6448.107197399,TRIAD,0.9832558456467927,-0.14784846237536214,-0.03612906752805321,-0.10021708763581762,0.00674932439123175,-6.310175074832096e-05,0.0031137778119190414
6448.111188533,IMU,0.9832525296723799,-0.1478663392308063,-0.036125572458801866,-0.10022450613432753,0.00674932439123175,-6.310175074832096e-05,0.0031137778119190414
6448.1183235690005,IMU,0.9832457829776003,-0.14790286793017549,-0.03612270451169203,-0.10023782785733085,0.00674932439123175,-6.310175074832096e-05,0.0031137778119190414
6448.122540046,TRIAD,0.9721203213676899,-0.17046417074694822,-0.15848052883200767,-0.02842480002852786,0.007401975740687351,0.0004330494034626284,0.0001511797222354381
6448.126323569,IMU,0.972117456002453,-0.17047849938387835,-0.15848152541047453,-0.028431304695864763,0.007401975740687351,0.0004330494034626284,0.0001511797222354381
6448.133274771,IMU,0.9721132503742566,-0.17049574286763047,-0.1584883268839705,-0.028433788919746687,0.007401975740687351,0.0004330494034626284,0.0001511797222354381
6448.137392414,TRIAD,0.9840610155336557,-0.1416022686889864,-0.02395570794238919,-0.10487535108871658,0.006651705423282442,-9.493808643554175e-05,0.003193908483699683
6448.141274771,IMU,0.9840593903778049,-0.14160936481658518,-0.023957736977807172,-0.1048805551301523,0.006651705423282442,-9.493808643554175e-05,0.003193908483699683
6448.149827085,IMU,0.9840561467669614,-0.14162937844162096,-0.023962740104622286,-0.10488282156329931,0.006651705423282442,-9.493808643554175e-05,0.003193908483699683
6448.154323137,TRIAD,0.9823117496317759,-0.1517738043209438,-0.03261668362212172,-0.10471146454329407,0.006860346029184772,-5.691724014730146e-05,0.003157108211813079
6448.157827085,IMU,0.9823095444065704,-0.15178826474081497,-0.03261695835865936,-0.10471110582052875,0.006860346029184772,-5.691724014730146e-05,0.003157108211813079
6448.164462157,IMU,0.9823044154618688,-0.15181550061713434,-0.03261623611206609,-0.10471996122214353,0.006860346029184772,-5.691724014730146e-05,0.003157108211813079
6448.168596227,TRIAD,0.956464557956051,-0.2240566899367749,-0.18174273707492336,-0.04408771471767658,0.008289234381878376,0.0004956655553034159,0.000753994701184247
6448.172462157,IMU,0.9564611358479083,-0.2240711633406234,-0.18174123495371905,-0.044094590248760036,0.008289234381878376,0.0004956655553034159,0.000753994701184247
6448.179923749,IMU,0.9564531725041253,-0.22409921229582525,-0.18174296387367206,-0.044117648822185225,0.008289234381878376,0.0004956655553034159,0.000753994701184247
6448.18441856,TRIAD,0.9676935351292912,-0.18433372067375814,-0.16902191696638413,-0.03196706236977354,0.007625021081403768,0.00042516015205825797,0.00018301532440479407
6448.187923749,IMU,0.9676910402023603,-0.1843468753426529,-0.16901974493404387,-0.03197821267527825,0.007625021081403768,0.00042516015205825797,0.00018301532440479407
6448.198237908,TRIAD,0.9830770945023694,-0.14881798122690645,-0.0521869903279531,-0.09321562513247303,0.007068379406724959,0.00011227533241776595,0.0017802747554122728
6448.200692559,IMU,0.9830753289426316,-0.14882548412190294,-0.05218586452192537,-0.09322289656686975,0.007068379406724959,0.00011227533241776595,0.0017802747554122728
6448.207319816001,IMU,0.983071676342356,-0.14884667354523043,-0.052179707794854494,-0.09323103046943912,0.007068379406724959,0.00011227533241776595,0.0017802747554122728
6448.211364016,TRIAD,0.9392994905618566,-0.17464045230695735,-0.2922904273394244,0.042231333556909785,0.007916978315055551,0.0009234016002722708,-0.002815346686407978
6448.215319816,IMU,0.9392953375147586,-0.17466182020314552,-0.2922897341275932,0.042240132693695746,0.007916978315055551,0.0009234016002722708,-0.002815346686407978
6448.222987538,IMU,0.93928769098213,-0.17470350616229394,-0.29228513812360185,0.04226956985973203,0.007916978315055551,0.0009234016002722708,-0.002815346686407978
6448.227485645,TRIAD,0.9666479814818044,-0.18403639618194054,-0.17507767206978028,-0.03271228393346191,0.007689598041982793,0.0004258941384763467,0.000560931441768209
6448.230987538,IMU,0.9666459999826587,-0.18404865540504406,-0.17507723964353708,-0.03270417893665533,0.007689598041982793,0.0004258941384763467,0.000560931441768209
6448.237568702,IMU,0.9666420696595651,-0.18406672708374136,-0.17508082478991444,-0.032699448555521704,0.007689598041982793,0.0004258941384763467,0.000560931441768209
6448.241731179,TRIAD,0.9692261244835281,-0.1782485803132369,-0.16699465735569274,-0.030674870001534606,0.00759790633071505,0.0003906242162476896,0.0005125348659714213
6448.245568702,IMU,0.9692237708687166,-0.178260215803037,-0.16699588541622845,-0.030674936005314474,0.00759790633071505,0.0003906242162476896,0.0005125348659714213
6448.253137923,IMU,0.969218694877593,-0.1782872710209837,-0.16699545101093377,-0.030680447084752555,0.00759790633071505,0.0003906242162476896,0.0005125348659714213
6448.257560752,TRIAD,0.9806640445365684,-0.15962247531024032,-0.046129510293007756,-0.10339615761302919,0.006977773497347194,-0.00010418345925675772,0.003607133027407299
6448.261137923,IMU,0.980660609739544,-0.15963689062305036,-0.046128790789101634,-0.10340680015262646,0.006977773497347194,-0.00010418345925675772,0.003607133027407299
6448.271307805,TRIAD,0.9836986497069913,-0.1471402046488497,-0.038440439394482315,-0.09596384402313163,0.006832323993076691,-0.0001275028102048722,0.0034549773008136983
6448.2737044,IMU,0.9836962578077565,-0.14715075223713747,-0.03843943339698301,-0.09597259218745464,0.006832323993076691,-0.0001275028102048722,0.0034549773008136983
6448.2801364160005,IMU,0.9836895248548874,-0.14717749903121757,-0.03843683348746728,-0.09600162655465024,0.006832323993076691,-0.0001275028102048722,0.0034549773008136983
6448.284278671,TRIAD,0.9286883908009136,-0.18603871358120436,-0.31639339416394413,0.053128993685928216,0.007896506015568641,0.0007908909470760098,-0.0015046593171377156
6448.288136416,IMU,0.9286856850926151,-0.18604980306205862,-0.31639714499038957,0.05311511768376365,0.007896506015568641,0.0007908909470760098,-0.0015046593171377156
6448.297252139,IMU,0.9286790017886333,-0.1860767680960435,-0.316405377346389,0.05308846577259648,0.007896506015568641,0.0007908909470760098,-0.0015046593171377156
6448.301305968,TRIAD,0.9837898258021202,-0.11660423290189022,-0.13542523918024135,-0.014867283227624997,0.006197426421218326,-0.00014648271174589147,0.0015961163014235015
6448.305252139,IMU,0.9837883488480962,-0.11661501604695157,-0.13542600709495953,-0.014873442957898069,0.006197426421218326,-0.00014648271174589147,0.0015961163014235015
6448.31187734,IMU,0.9837856922446414,-0.11663787777340803,-0.13542686760286324,-0.014862056873928327,0.006197426421218326,-0.00014648271174589147,0.0015961163014235015
6448.315929262,TRIAD,0.9817483484499279,-0.1561839547230887,-0.045881859508199146,-0.09834433166667574,0.006623004635792724,-0.0004925594173740297,0.004765066168284808
6448.31987734,IMU,0.9817473335440919,-0.15619368244669485,-0.045881096932180974,-0.09833936946669215,0.006623004635792724,-0.0004925594173740297,0.004765066168284808
6448.3283953400005,IMU,0.9817449443318653,-0.15620946300353444,-0.045883600233314094,-0.09833698783570394,0.006623004635792724,-0.0004925594173740297,0.004765066168284808
6448.332856132,TRIAD,0.9620581219037743,-0.20682102433737037,-0.1737788256772974,-0.03834258360156697,0.007904715074255369,8.138201199896862e-05,0.0019166063840483903
6448.33639534,IMU,0.96205559526139,-0.20683054657414357,-0.17378110538264735,-0.038344283042965215,0.007904715074255369,8.138201199896862e-05,0.0019166063840483903
6448.343080486,IMU,0.9620496737216394,-0.206852227419759,-0.17378432387700093,-0.03836130965159368,0.007904715074255369,8.138201199896862e-05,0.0019166063840483903
6448.347202111,TRIAD,0.9796412884221887,-0.16512703962197517,-0.05514274337392981,-0.09997642050700761,0.006987634600394013,-0.00035646773506731264,0.004291531032928198
6448.351080486,IMU,0.9796377298398543,-0.1651378531317501,-0.05514439920543513,-0.0999925145874659,0.006987634600394013,-0.00035646773506731264,0.004291531032928198
6448.358606003,IMU,0.9796301720363235,-0.1651635304682354,-0.05514084182180403,-0.1000261056051577,0.006987634600394013,-0.00035646773506731264,0.004291531032928198
6448.363099666,TRIAD,0.9214591968845519,-0.24711525527207537,-0.298779022814284,0.02404359820898991,0.009096470615859874,0.0006543892968692267,-0.0010509401706265279
6448.366606003,IMU,0.9214541238932484,-0.2471351902430506,-0.2987786782137058,0.024037403115314524,0.009096470615859874,0.0006543892968692267,-0.0010509401706265279
6448.373161593,IMU,0.9214440835269861,-0.24717742952239602,-0.2987754391207088,0.024028238513079597,0.009096470615859874,0.0006543892968692267,-0.0010509401706265279
6448.377322089,TRIAD,0.9821055424655009,-0.15417430187473152,-0.048500907054477786,-0.09667807463368558,0.007077798378646935,-0.00027987858845508436,0.003520457608126089
6448.381161593,IMU,0.9821032840882488,-0.15418762532710933,-0.04849899202753458,-0.09668072895555122,0.007077798378646935,-0.00027987858845508436,0.003520457608126089
6448.389620371,IMU,0.9820998593502379,-0.1542019617462822,-0.048495279095281826,-0.09669451464954838,0.007077798378646935,-0.00027987858845508436,0.003520457608126089
6448.394127867,TRIAD,0.9800681695494684,-0.16188697238821717,-0.030411132744834257,-0.11105923740106963,0.007177890590216079,-0.0003612232089175463,0.004175243872096358
6448.397620371,IMU,0.9800664508939936,-0.1618932517857612,-0.030409057456294637,-0.11106581869730778,0.007177890590216079,-0.0003612232089175463,0.004175243872096358
6448.403562294,IMU,0.9800628927611227,-0.1619099581154614,-0.03040860175811012,-0.11107298787223835,0.007177890590216079,-0.0003612232089175463,0.004175243872096358
6448.408066327,TRIAD,0.9437652357309007,-0.17085007997025267,-0.2801799626378994,0.040207195079750874,0.007859727274830189,0.0005171782289617578,-0.001206054268346502
6448.411562294,IMU,0.9437612982880041,-0.17087045281039237,-0.28018092128701255,0.04020636214423361,0.007859727274830189,0.0005171782289617578,-0.001206054268346502
6448.419865978,IMU,0.943752874557842,-0.1709116606644928,-0.28018484800021437,0.0402015791208796,0.007859727274830189,0.0005171782289617578,-0.001206054268346502
6448.424356382,TRIAD,0.9828533094407345,-0.14778282643679963,-0.029017147545191364,-0.10638427271024299,0.006789974057137093,-0.0005771917416394275,0.005228244135320282
6448.427865978,IMU,0.9828509596098027,-0.14779089027465653,-0.02901531036785833,-0.10639528048823975,0.006789974057137093,-0.0005771917416394275,0.005228244135320282
6448.438114138,TRIAD,0.9710111170232288,-0.17747577526924213,-0.15730994409324622,-0.029888815621612233,0.007299167698332523,-0.0002357872147396808,0.003250882912863744
6448.440549159,IMU,0.971009815753309,-0.17748216394530472,-0.15730927563271493,-0.029896671920591863,0.007299167698332523,-0.0002357872147396808,0.003250882912863744
6448.447272342,IMU,0.9710053927719527,-0.17750388486074647,-0.15730802017604387,-0.0299179687716612,0.007299167698332523,-0.0002357872147396808,0.003250882912863744
6448.451471819,TRIAD,0.9731019177021891,-0.15279242679281146,0.04074876229729319,-0.16753110293412357,0.006577811018603191,-0.0008682949317014299,0.007895339231706627
6448.455272342,IMU,0.9730959388241368,-0.1528092658000367,0.040751304156223356,-0.16754985329504934,0.006577811018603191,-0.0008682949317014299,0.007895339231706627
6448.462132118,IMU,0.9730854818777308,-0.15283791110496706,0.04076053478659479,-0.16758220875667357,0.006577811018603191,-0.0008682949317014299,0.007895339231706627
6448.466359336,TRIAD,0.9828941200055233,-0.14849202520801427,-0.01930911394721101,-0.1072213851186599,0.006607969913512147,-0.00064848445834778,0.005639496145144342
6448.470132118,IMU,0.9828913511541244,-0.14850356076473292,-0.019307413078313806,-0.10723109654777635,0.006607969913512147,-0.00064848445834778,0.005639496145144342
6448.477697746001,IMU,0.9828876635090817,-0.14852165491484,-0.019305081345106022,-0.10724025726038795,0.006607969913512147,-0.00064848445834778,0.005639496145144342
6448.481789353,TRIAD,0.9824912192670844,-0.15169592547236843,-0.03555355140151652,-0.1021532928539236,0.0066936521784396194,-0.0005792458536029778,0.005387066247720972
6448.485697746,IMU,0.9824892764258469,-0.15170726080162533,-0.035551949593005325,-0.1021557027699369,0.0066936521784396194,-0.0005792458536029778,0.005387066247720972
6448.494115375001,IMU,0.9824855136562302,-0.15173046459038836,-0.03555155177563234,-0.10215756818358056,0.0066936521784396194,-0.0005792458536029778,0.005387066247720972
6448.498746279,TRIAD,0.9678210328680137,-0.18662005584500885,-0.16559656841898712,-0.03275942036350252,0.0076665821329118975,1.1867625735514226e-07,0.002177849933896859
6448.502115375,IMU,0.9678190422351187,-0.1866296819973987,-0.16559680808043017,-0.032762179997987785,0.0076665821329118975,1.1867625735514226e-07,0.002177849933896859
6448.509640004,IMU,0.9678133933644907,-0.18665328972703105,-0.16559923615601757,-0.03278228245455757,0.0076665821329118975,1.1867625735514226e-07,0.002177849933896859
6448.513471351,TRIAD,0.9833704606288228,-0.1477918489551288,-0.04305055314020078,-0.09636781838043315,0.006757437466555369,-0.00048823246962635865,0.004756245391257385
6448.517640004,IMU,0.9833657681010534,-0.14780785453410641,-0.04305163377290198,-0.09639066912587475,0.006757437466555369,-0.00048823246962635865,0.004756245391257385
6448.525590503,IMU,0.9833543310919762,-0.1478525921110188,-0.043046226353357434,-0.09644113710155143,0.006757437466555369,-0.00048823246962635865,0.004756245391257385
6448.530080906,TRIAD,0.9825582772591542,-0.15194265736098936,-0.03352208955759798,-0.10182794398050321,0.006811912855389561,-0.0005325774657305806,0.0050129222602781935
6448.533590503,IMU,0.9825536655726055,-0.1519592356282961,-0.03351950237784846,-0.10184855392906693,0.006811912855389561,-0.0005325774657305806,0.0050129222602781935
6448.5401266300005,IMU,0.9825484933805255,-0.15197529548914032,-0.03351676547957648,-0.10187538539036357,0.006811912855389561,-0.0005325774657305806,0.0050129222602781935
6448.5442912,TRIAD,0.9375347498121563,-0.18055869714216433,-0.29431757341315057,0.042477238153818035,0.007835342439249658,0.0004527855316223343,-0.0004497713785853851
6448.54812663,IMU,0.9375330119785709,-0.18056821445924887,-0.29431669749785483,0.04248120703727326,0.007835342439249658,0.0004527855316223343,-0.0004497713785853851
6448.557447297,IMU,0.9375246011500382,-0.18060418340883763,-0.2943167509364255,0.042513542453139555,0.007835342439249658,0.0004527855316223343,-0.0004497713785853851
6448.561987145,TRIAD,0.9461332831878333,-0.25307934929789583,-0.19519532100964704,-0.05178262313851739,0.008684390185396115,4.713303010847863e-05,0.004693967073481292
6448.565447297,IMU,0.946128735975993,-0.2530971765744095,-0.19519588690044762,-0.05177644162821126,0.008684390185396115,4.713303010847863e-05,0.004693967073481292
6448.575527216,TRIAD,0.9798516821329455,-0.16290730632114617,-0.061426279457414704,-0.09787084734712914,0.007497279229701699,-0.00030984963976248643,0.00592454531165784
6448.578037589,IMU,0.979850114777065,-0.1629171010314148,-0.061426029381892094,-0.097870392240286,0.007497279229701699,-0.00030984963976248643,0.00592454531165784
6448.585351477001,IMU,0.9798459002154813,-0.16293386096172796,-0.06142610483476674,-0.09788463836499352,0.007497279229701699,-0.00030984963976248643,0.00592454531165784
6448.589437324,TRIAD,0.9824466790517417,-0.152077130165988,-0.035317831928598095,-0.10209662114166528,0.007292935896894584,-0.00040588440263750506,0.006147483940383587
6448.593351477,IMU,0.982443425717252,-0.15208595613464876,-0.03531840096155893,-0.10211458154974196,0.007292935896894584,-0.00040588440263750506,0.006147483940383587
6448.60025916,IMU,0.9824340282372601,-0.15211577502719983,-0.03531814567544484,-0.10216065649472343,0.007292935896894584,-0.00040588440263750506,0.006147483940383587
6448.604430267,TRIAD,0.9825695725739636,-0.1455592750109075,-0.01202931346272284,-0.11499925272684605,0.007141687617318624,-0.0004957187307032648,0.0066712051610854466
6448.60825916,IMU,0.982564242928134,-0.14557606583843097,-0.012028527559708619,-0.11502361539619962,0.007141687617318624,-0.0004957187307032648,0.0066712051610854466
6448.616037677,IMU,0.9825556859022776,-0.14560627806917156,-0.012025295632209405,-0.11505880302221969,0.007141687617318624,-0.0004957187307032648,0.0066712051610854466
6448.620256784,TRIAD,0.9956925998036367,-0.05858428954978978,-0.07172834654867469,-0.004378586029165452,0.005753371377539737,-0.00024526321769676536,0.0024191623078500153
6448.624037677,IMU,0.9956917884115931,-0.058598510111916746,-0.07172769577534455,-0.0043834645141462,0.005753371377539737,-0.00024526321769676536,0.0024191623078500153
6448.630301767,IMU,0.9956908606051609,-0.058616165451316656,-0.07172596053807014,-0.004386552180177321,0.005753371377539737,-0.00024526321769676536,0.0024191623078500153
6448.634522318,TRIAD,0.9687862039386231,-0.1808201418964624,-0.16648995679145945,-0.032225170756939446,0.007606804893631532,0.0001612407602090004,0.003371353340565656
6448.638301767,IMU,0.9687835240248764,-0.18083111151174405,-0.1664927748354837,-0.03222962325175191,0.007606804893631532,0.0001612407602090004,0.003371353340565656
6448.646787804,IMU,0.9687786267178294,-0.18085255282703072,-0.16649626873187617,-0.03223847156776353,0.007606804893631532,0.0001612407602090004,0.003371353340565656
6448.650750114,TRIAD,0.9827767489930707,-0.14868974789932993,-0.029844333747955427,-0.10559609960308841,0.0066768607628143765,-0.0004444464059401492,0.00673981397971809
6448.654787804,IMU,0.9827744766649199,-0.14869988415424878,-0.02984508040477782,-0.10560276343040542,0.0066768607628143765,-0.0004444464059401492,0.00673981397971809
6448.661253838,IMU,0.9827693903819581,-0.14872301524818757,-0.029844385998000912,-0.10561771957472055,0.0066768607628143765,-0.0004444464059401492,0.00673981397971809
6448.665437038,TRIAD,0.9847817148491514,-0.14223753746381798,-0.037084303318259675,-0.09272654141287201,0.006589249872190598,-0.00041912908413314285,0.00628800914164792
6448.669253838,IMU,0.9847783537555084,-0.1422525115701106,-0.037083481428821174,-0.0927395941963559,0.006589249872190598,-0.00041912908413314285,0.00628800914164792
6448.677220504001,IMU,0.9847719904797723,-0.14227474391910874,-0.03708455375846378,-0.09277262463569368,0.006589249872190598,-0.00041912908413314285,0.00628800914164792
6448.681046111,TRIAD,0.9848985926038812,-0.1403969454463797,-0.026624160760256296,-0.09774770616251136,0.006535741171407571,-0.0004646096858733845,0.006513792840088897
6448.685220504,IMU,0.9848944175596237,-0.14041128135181305,-0.02662484754533093,-0.09776899213053052,0.006535741171407571,-0.0004646096858733845,0.006513792840088897
6448.692214206,IMU,0.9848872479983568,-0.14043543517934803,-0.02662346113144322,-0.09780689440725984,0.006535741171407571,-0.0004646096858733845,0.006513792840088897
6448.696418961,TRIAD,0.9679639654259832,-0.18629589836284155,-0.16512423706446305,-0.03276562564436892,0.007597452335825828,0.00010501400044241234,0.0037661699593103033
6448.700214206,IMU,0.9679613560558412,-0.1863071687336257,-0.1651242125852181,-0.03277875042019009,0.007597452335825828,0.00010501400044241234,0.0037661699593103033
6448.711553126,TRIAD,0.9707440642306617,-0.1719486626660152,-0.16505923521305027,-0.029070053993564184,0.007437017221534403,0.00010261041605499273,0.003626841540805
6448.714280685,IMU,0.9707423220578631,-0.17195685681424497,-0.1650601380293302,-0.029074634890430495,0.007437017221534403,0.00010261041605499273,0.003626841540805
6448.722995296001,IMU,0.9707362534009684,-0.17198754004072633,-0.1650617417791809,-0.02908666025196984,0.007437017221534403,0.00010261041605499273,0.003626841540805
6448.727484755,TRIAD,0.9832715651552277,-0.12290013862709337,-0.13342012650610072,-0.016481957581736185,0.006603703346412078,-5.3310496736319086e-05,0.0030962936726809955
6448.730995296,IMU,0.9832700666014189,-0.1229129802137544,-0.13341883893316347,-0.01648601948139761,0.006603703346412078,-5.3310496736319086e-05,0.0030962936726809955
6448.736821348,IMU,0.9832674151713358,-0.12293141930379127,-0.13342041986686298,-0.01649387682704197,0.006603703346412078,-5.3310496736319086e-05,0.0030962936726809955
6448.7412729,TRIAD,0.9839221142938795,-0.14704121778576634,-0.042932729130288505,-0.09183100807987388,0.006774546277265766,-0.0003645860469592921,0.005609170471241704
6448.744821348,IMU,0.9839191848980091,-0.14705210708528238,-0.04293739764626919,-0.09184277475546013,0.006774546277265766,-0.0003645860469592921,0.005609170471241704
6448.752294865,IMU,0.9839131885715126,-0.14707340603300215,-0.04294180947381768,-0.09187084190321369,0.006774546277265766,-0.0003645860469592921,0.005609170471241704
6448.756249824,TRIAD,0.9719770033153494,-0.17119392471255765,-0.15856070301758377,-0.028492957484156686,0.007418806584005259,9.972753302431921e-05,0.003016982879915367
6448.760294865,IMU,0.9719726054982665,-0.17121170460653629,-0.15856662944827768,-0.028503164597076625,0.007418806584005259,9.972753302431921e-05,0.003016982879915367
6448.766495159,IMU,0.9719664636098402,-0.17123648353546642,-0.15857379888541856,-0.02852386073511198,0.007418806584005259,9.972753302431921e-05,0.003016982879915367
6448.770722414,TRIAD,0.9862468338441518,-0.13486878855457293,-0.03908037677486578,-0.08717979557983982,0.006636685276089717,-0.0003551577085243483,0.005241778994058014
6448.774495159,IMU,0.9862438444401948,-0.13488060993643003,-0.039082709123355534,-0.08719427856563158,0.006636685276089717,-0.0003551577085243483,0.005241778994058014
6448.781356268,IMU,0.9862399513800431,-0.134894619615875,-0.039086437653124376,-0.08721496598730652,0.006636685276089717,-0.0003551577085243483,0.005241778994058014
6448.785568208,TRIAD,0.970608125626739,-0.17626063602683414,-0.16109424977131684,-0.030011620172543333,0.007531594910386383,0.00012510675578452865,0.0029783210106201037
6448.789356268,IMU,0.9706052257304502,-0.1762739999858498,-0.16109567069658198,-0.03001928707596124,0.007531594910386383,0.00012510675578452865,0.0029783210106201037
6448.797352712,IMU,0.9705977047803798,-0.17631049690555176,-0.1610983838140494,-0.030033562700377592,0.007531594910386383,0.00012510675578452865,0.0029783210106201037
6448.801805689,TRIAD,0.9677175352902248,-0.18346079807585852,-0.16978132533227655,-0.03223676518506997,0.007661731308847656,0.00016885887438598715,0.003044317596946617
6448.805352712,IMU,0.9677140200093572,-0.18347742795138525,-0.16978273424779838,-0.03224022427054616,0.007661731308847656,0.00016885887438598715,0.003044317596946617
6448.811824357,IMU,0.9677091491328503,-0.1835034615324756,-0.16978255107110415,-0.03223922520722361,0.007661731308847656,0.00016885887438598715,0.003044317596946617
6448.816049816,TRIAD,0.9821543378563321,-0.15508834222896156,-0.051337949102347735,-0.09319269132623656,0.006989638737736851,-0.0002679219748574357,0.005344624524796018
6448.819824357,IMU,0.9821519510917031,-0.15510072868717692,-0.05133731857044888,-0.09319757856008924,0.006989638737736851,-0.0002679219748574357,0.005344624524796018
6448.827816245001,IMU,0.9821465279094674,-0.1551263123095893,-0.05133773947165149,-0.09321191689127795,0.006989638737736851,-0.0002679219748574357,0.005344624524796018
6448.831876056,TRIAD,0.984013513240921,-0.14518562163058163,-0.03432084142047613,-0.09726572302302615,0.006780516017658766,-0.00034129936780265567,0.0055565392543783275
6448.835816245,IMU,0.9840105806433663,-0.14519737168661268,-0.034322621494162056,-0.09727722287860294,0.006780516017658766,-0.00034129936780265567,0.0055565392543783275
6448.846185886,TRIAD,0.9704168413596763,-0.17930972339698917,-0.158778637921635,-0.030471646502186915,0.007385033626535824,2.9505743123584352e-05,0.0036050783886497247
6448.848845426,IMU,0.9704147644314577,-0.17931735399454876,-0.15878088462692883,-0.030481177912312175,0.007385033626535824,2.9505743123584352e-05,0.0036050783886497247
6448.8556150350005,IMU,0.970409878923983,-0.17933796597662707,-0.15878262346910788,-0.030506381797490316,0.007385033626535824,2.9505743123584352e-05,0.0036050783886497247
6448.859766735,TRIAD,0.9831807819667858,-0.14807853888564837,-0.039668127106709965,-0.09927102288440955,0.006715553028394246,-0.000374250517851061,0.005979009911670143
6448.863615035,IMU,0.9831775067955869,-0.1480898501470827,-0.03966957947449519,-0.0992860054536642,0.006715553028394246,-0.000374250517851061,0.005979009911670143
6448.871262405,IMU,0.9831713534281896,-0.14811518063841267,-0.039675989403121864,-0.0993065905542817,0.006715553028394246,-0.000374250517851061,0.005979009911670143
6448.875709975,TRIAD,0.9697302042389737,-0.17977509338084208,-0.16233979997052655,-0.030822656148964706,0.007545785715852981,0.00013347342411919848,0.0030790244981539396
6448.879262405,IMU,0.9697267151967349,-0.17979028737761832,-0.1623430480126715,-0.030826695579959533,0.007545785715852981,0.00013347342411919848,0.0030790244981539396
6448.885910513,IMU,0.9697216625813377,-0.1798155966463371,-0.1623457273790537,-0.030823905089623176,0.007545785715852981,0.00013347342411919848,0.0030790244981539396
6448.890135546,TRIAD,0.9742173908797964,-0.15989978679523395,-0.15707815836255723,-0.025670715915770758,0.0072468030668125984,0.00010755481820197477,0.002849473806851012
6448.893910513,IMU,0.9742154556677803,-0.15991114677376222,-0.15707864189639617,-0.025670436994786064,0.0072468030668125984,0.00010755481820197477,0.002849473806851012
6448.901586753001,IMU,0.974208735403376,-0.1599437081394029,-0.15708493637340507,-0.0256840973159613,0.0072468030668125984,0.00010755481820197477,0.002849473806851012
6448.905913916,TRIAD,0.9839254717900325,-0.14600878047139412,-0.034329619037090704,-0.09692047897522181,0.006738613318981262,-0.00040691146497635216,0.005865465483428098
6448.909586753,IMU,0.9839218051379363,-0.14602237780132424,-0.03433189759862801,-0.09693640885977602,0.006738613318981262,-0.00040691146497635216,0.005865465483428098
6448.916069251,IMU,0.9839145521815791,-0.14604515885212419,-0.034336965272032685,-0.09697390575349628,0.006738613318981262,-0.00040691146497635216,0.005865465483428098
6448.920289191,TRIAD,0.9479631447698399,-0.16643857706614953,-0.26876980897584607,0.03777387993519324,0.007555049052440715,0.0004863564995921908,0.0007962435333050029
6448.924069251,IMU,0.9479596609535463,-0.16644611861041775,-0.268779555402123,0.03775872617291569,0.007555049052440715,0.0004863564995921908,0.0007962435333050029
6448.931861249001,IMU,0.9479524046768562,-0.16646255973792515,-0.26879811831061023,0.03773627254431721,0.007555049052440715,0.0004863564995921908,0.0007962435333050029
6448.935986264,TRIAD,0.9834569569857246,-0.14701913086958035,-0.04367707004858294,-0.09638517762967183,0.0066434439107196635,-0.0004783509800404677,0.0064988664266405006
6448.939861249,IMU,0.9834540464994999,-0.14702857388520113,-0.04368314491295119,-0.09639771644368932,0.0066434439107196635,-0.0004783509800404677,0.0064988664266405006
6448.95035952,TRIAD,0.9860790666357476,-0.13614301350480085,-0.036161395637059515,-0.08834878427111877,0.006507510814846442,-0.0005036290597961531,0.006321768266045394
6448.953198561,IMU,0.986077589394922,-0.13615096606719135,-0.036164823229977064,-0.08835161397968266,0.006507510814846442,-0.0005036290597961531,0.006321768266045394
6448.9600713360005,IMU,0.9860745632675967,-0.1361717321589277,-0.036170585345445816,-0.08835102598851724,0.006507510814846442,-0.0005036290597961531,0.006321768266045394
6448.964559573,TRIAD,0.9825545966666654,-0.15406153285804572,-0.041697775982849516,-0.0954610084836727,0.00677451161512876,-0.00048393876743567664,0.006534084683361004
6448.968071336,IMU,0.9825528028342839,-0.1540714722429792,-0.041699602938016424,-0.09546263247043628,0.00677451161512876,-0.00048393876743567664,0.006534084683361004
6448.975690909,IMU,0.9825467182338384,-0.154098777220606,-0.0417029753875012,-0.09547971088591495,0.00677451161512876,-0.00048393876743567664,0.006534084683361004
6448.979964516,TRIAD,0.9945800160432983,-0.06632166352956999,-0.07989863070267644,-0.005313891777279381,0.005423828319914689,-0.00034007011619502424,0.003176894390030245
6448.983690909,IMU,0.9945793627860535,-0.06633012386403808,-0.07989926882589515,-0.00532096131884266,0.005423828319914689,-0.00034007011619502424,0.003176894390030245
6448.990455111,IMU,0.9945779535206204,-0.0663505367691847,-0.07989833464425643,-0.005343852753435817,0.005423828319914689,-0.00034007011619502424,0.003176894390030245
6448.994323421,TRIAD,0.9728954885234228,-0.1662621477458382,-0.1582833688078557,-0.02788622951472714,0.006997577290765129,9.50981204863769e-06,0.003983495341000633
6448.998455111,IMU,0.9728920671693613,-0.1662784305097371,-0.15828315597759707,-0.027909706553763985,0.006997577290765129,9.50981204863769e-06,0.003983495341000633
6449.008885631,IMU,0.9728841243212024,-0.16631348752125455,-0.15828414246710115,-0.027972035244850438,0.006997577290765129,9.50981204863769e-06,0.003983495341000633
6449.01276696,TRIAD,0.9847287250381315,-0.13993713859174828,-0.02921464067044982,-0.09936518554315903,0.00606783146710922,-0.0006728059841215157,0.007807494669479989
6449.016885631,IMU,0.9847247400808607,-0.13994721539198118,-0.02921394269750911,-0.09939068733426881,0.00606783146710922,-0.0006728059841215157,0.007807494669479989
6449.022975202,IMU,0.9847200519960324,-0.1399625776786654,-0.02921592790845169,-0.09941491640052258,0.00606783146710922,-0.0006728059841215157,0.007807494669479989
6449.027705717,TRIAD,0.9730257256905681,-0.16492141408731045,-0.1589279724112734,-0.02763627878399738,0.006707201478856196,-0.00017809113040293868,0.005110095307111022
6449.030975202,IMU,0.9730240662654195,-0.1649307539918386,-0.1589277359278612,-0.02764032577297922,0.006707201478856196,-0.00017809113040293868,0.005110095307111022
6449.035731476,IMU,0.9730213904537787,-0.16494646540329871,-0.15892770165218176,-0.027640964489477778,0.006707201478856196,-0.00017809113040293868,0.005110095307111022
6449.040461139,TRIAD,0.9860246380992801,-0.13637373659954968,-0.04909038797554745,-0.08214469450591834,0.0062010888730113616,-0.0005099564355440731,0.006723945008983965
6449.043731476,IMU,0.9860228957262731,-0.13638443019265925,-0.049090456942851426,-0.08214781398029333,0.0062010888730113616,-0.0005099564355440731,0.006723945008983965
6449.054462636,TRIAD,0.974069212896007,-0.16448830399129888,-0.15304605359650536,-0.026639666228295916,0.00660447283491321,-0.00025404846764260475,0.0054030282123360765
6449.057110083,IMU,0.9740680055714198,-0.16449673065375625,-0.15304403438052241,-0.02664337941920217,0.00660447283491321,-0.00025404846764260475,0.0054030282123360765
6449.063556877,IMU,0.9740640316777542,-0.16451912058305804,-0.15304148132351494,-0.026665073571257285,0.00660447283491321,-0.00025404846764260475,0.0054030282123360765
6449.068057836,TRIAD,0.9849353840904582,-0.1411845596447995,-0.04662276111756389,-0.08829228409244112,0.006103025785347862,-0.0006047849354258693,0.007435830259648788
6449.071556877,IMU,0.9849313311933191,-0.14120012472196078,-0.04662246913286964,-0.0883127566335335,0.006103025785347862,-0.0006047849354258693,0.007435830259648788
6449.079361006,IMU,0.9849212808654187,-0.14123143661694143,-0.04662329883229001,-0.08837431649259206,0.006103025785347862,-0.0006047849354258693,0.007435830259648788
6449.083612538,TRIAD,0.9953005560353125,-0.059108145549788244,-0.07656766769283171,-0.004519131503161981,0.004817652438568469,-0.000491948799341914,0.004296876350192259
6449.087361006,IMU,0.9952996086410686,-0.059119541712478116,-0.0765696070712309,-0.004545778217155821,0.004817652438568469,-0.000491948799341914,0.004296876350192259
6449.095306560001,IMU,0.9952977312114546,-0.05913481396866692,-0.07657976715392363,-0.004586860023284602,0.004817652438568469,-0.000491948799341914,0.004296876350192259
6449.099480371,TRIAD,0.9752392847680331,-0.18368687338812367,-0.07865465889541152,-0.09476768765817399,0.006901727525835317,-0.000451668283251892,0.007822388635992493
6449.10330656,IMU,0.97523630701795,-0.1836923701640161,-0.07866249362629625,-0.09478117278241432,0.006901727525835317,-0.000451668283251892,0.007822388635992493
6449.111100226,IMU,0.9752318295971335,-0.1837032910524365,-0.07868015427457055,-0.09479141691345913,0.006901727525835317,-0.000451668283251892,0.007822388635992493
6449.115536852,TRIAD,0.9852783081982224,-0.1396434168514691,-0.03326163894415712,-0.09284414305083596,0.006046509620143854,-0.0006489117266830545,0.007893612045253469
6449.119100226,IMU,0.9852772248077598,-0.13964898070599596,-0.033268804796197295,-0.09284470415876224,0.006046509620143854,-0.0006489117266830545,0.007893612045253469
6449.126413928,IMU,0.9852743917829837,-0.13966572455499396,-0.03327810126037792,-0.09284625063891469,0.006046509620143854,-0.0006489117266830545,0.007893612045253469
6449.130080479,TRIAD,0.9967271567499741,-0.05043521191533433,-0.06309364665454412,-0.0032335967589433167,0.004672631922265457,-0.0005375761136285791,0.004710852869083372
6449.134413928,IMU,0.9967264513743969,-0.05044606050120102,-0.06309608364989062,-0.0032342446656669294,0.004672631922265457,-0.0005375761136285791,0.004710852869083372
6449.143098669,IMU,0.9967254864441698,-0.050463695760464285,-0.06309617365052524,-0.0032546817803303326,0.004672631922265457,-0.0005375761136285791,0.004710852869083372
6449.147552998,TRIAD,0.9955983480855188,-0.05636665670680645,-0.07475736127968854,-0.004250439457437738,0.004787927134737795,-0.0004752533800675876,0.004741544735392475
6449.151098669,IMU,0.9955981608103955,-0.0563732054512023,-0.07475422367549059,-0.004262621351840806,0.004787927134737795,-0.0004752533800675876,0.004741544735392475
6449.156827888,IMU,0.995597828747826,-0.05639164332586626,-0.074744068326825,-0.004274366102446475,0.004787927134737795,-0.0004752533800675876,0.004741544735392475
6449.161329569,TRIAD,0.9855712985304572,-0.13912221715226122,-0.04064323907516207,-0.08742054292388511,0.005864763694268134,-0.0005873133387194384,0.007297587368883191
6449.164827888,IMU,0.9855683003249588,-0.13913896757094626,-0.04063717273827419,-0.08743050548694503,0.005864763694268134,-0.0005873133387194384,0.007297587368883191
6449.172347257,IMU,0.9855626583620803,-0.13916808616943163,-0.040625943130500254,-0.08745297581537513,0.005864763694268134,-0.0005873133387194384,0.007297587368883191
6449.176303623,TRIAD,0.9739893830211683,-0.16202930906534646,-0.15616801230884314,-0.026509181378448113,0.006472312932190954,-0.0001183809315021744,0.0048196047556841835
6449.180347257,IMU,0.9739891351052224,-0.16203184199591472,-0.15616556739915494,-0.026517210171735212,0.006472312932190954,-0.0001183809315021744,0.0048196047556841835
6449.190848509,TRIAD,0.9842028096467884,-0.14370057784669985,-0.05065703109105508,-0.09016007215465095,0.0060747034728698395,-0.0004386921144774126,0.0066812104644408295
6449.193470401,IMU,0.9842021094060562,-0.14370173997967314,-0.050656421144075064,-0.09016620633229366,0.0060747034728698395,-0.0004386921144774126,0.0066812104644408295
6449.199828713,IMU,0.984198354724117,-0.14371848918700902,-0.050655288269274956,-0.09018112992473232,0.0060747034728698395,-0.0004386921144774126,0.0066812104644408295
6449.204341709,TRIAD,0.9849685772643887,-0.14082533083091722,-0.033486788355213695,-0.09425371612717386,0.006011266335135063,-0.0004979015819134133,0.006851072464369969
6449.207828713,IMU,0.9849663778245398,-0.14083821300773888,-0.03348624871677317,-0.09425764403416363,0.006011266335135063,-0.0004979015819134133,0.006851072464369969
6449.215452379,IMU,0.9849635421389076,-0.1408542611132054,-0.03348883778940591,-0.09426237598821918,0.006011266335135063,-0.0004979015819134133,0.006851072464369969
6449.219815208,TRIAD,0.9861648813914645,-0.13409748110044684,-0.02753068109217144,-0.09348130225491731,0.0058889549117643065,-0.0005222822360946396,0.006842025760294391
6449.223452379,IMU,0.9861637454668953,-0.134103509746208,-0.027527629528721457,-0.09348553584904284,0.0058889549117643065,-0.0005222822360946396,0.006842025760294391
6449.229372524001,IMU,0.986160105424932,-0.13412100508684793,-0.027524096794704415,-0.09349987464385398,0.0058889549117643065,-0.0005222822360946396,0.006842025760294391
6449.233847557,TRIAD,0.9861531687856547,-0.13571294545352114,-0.0358313632437516,-0.088317821182568,0.005924782496072949,-0.0004932426524756968,0.006663594591481479
6449.237372524,IMU,0.9861492615648503,-0.13573109150315804,-0.03582856349200888,-0.08833469733100978,0.005924782496072949,-0.0004932426524756968,0.006663594591481479
6449.244985671,IMU,0.9861395611042224,-0.1357639634300714,-0.035826106982815915,-0.08839345177888361,0.005924782496072949,-0.0004932426524756968,0.006663594591481479
6449.249222222,TRIAD,0.9075094947911543,-0.24468827890993505,-0.33802573746593156,0.04788281360374243,0.008475379231828114,0.0007752138217945739,0.0010069295311480589
6449.252985671,IMU,0.9075070286681,-0.24469446147705454,-0.3380316967978391,0.04785588156564014,0.008475379231828114,0.0007752138217945739,0.0010069295311480589
6449.259305816,IMU,0.9075020012802089,-0.24471003056852836,-0.33803988493244547,0.04781375122728795,0.008475379231828114,0.0007752138217945739,0.0010069295311480589
6449.263527979,TRIAD,0.9675791584829327,-0.1795523349524995,-0.17491447600718366,-0.030926641681526687,0.007061066960104811,0.00013778483977589027,0.0038344017992745206
6449.267305816,IMU,0.9675750078920078,-0.17956732499774536,-0.17491885021498257,-0.030944720638642106,0.007061066960104811,0.00013778483977589027,0.0038344017992745206
6449.278442069,TRIAD,0.9828676442905004,-0.1456595952233961,-0.027376187352252963,-0.10956742441188072,0.006439755745407867,-0.00027932561368729795,0.0060397072593391865
6449.281088202,IMU,0.9828656769114651,-0.14567011268261304,-0.02737751924204486,-0.10957075732399545,0.006439755745407867,-0.00027932561368729795,0.0060397072593391865
6449.288839126,IMU,0.9828645971997113,-0.14568409105264443,-0.02738409492080194,-0.10956021417915597,0.006439755745407867,-0.00027932561368729795,0.0060397072593391865
6449.293058252,TRIAD,0.9696244145988357,-0.17973142690800908,-0.1629626095161809,-0.031117466078600154,0.0072567781902406455,0.0002239287280354707,0.003062010324719687
6449.296839126,IMU,0.9696228260966473,-0.17973730754890757,-0.16296822692325674,-0.031103575371816346,0.0072567781902406455,0.0002239287280354707,0.003062010324719687
6449.303737883,IMU,0.9696180676003459,-0.17975747246362117,-0.162976324751804,-0.031092951723121025,0.0072567781902406455,0.0002239287280354707,0.003062010324719687
6449.307945416,TRIAD,0.984260490749749,-0.14416816591235068,-0.03584682891030947,-0.09571745474889827,0.006427021191004205,-0.0002727141445804773,0.005626310753402924
6449.311737883,IMU,0.9842562998307924,-0.1441887190372528,-0.03585220849746083,-0.09572757539835625,0.006427021191004205,-0.0002727141445804773,0.005626310753402924
6449.320304124,IMU,0.9842422222575284,-0.14424108910172637,-0.03586349092027789,-0.09578917558535067,0.006427021191004205,-0.0002727141445804773,0.005626310753402924
6449.324779601,TRIAD,0.9840834560977707,-0.1431648686709699,-0.025389502567400468,-0.10217115528597466,0.006385054623918022,-0.0003195805873143027,0.0059160603038277484
6449.328304124,IMU,0.9840769227360456,-0.14318173959081554,-0.02539252257194644,-0.10220968341373486,0.006385054623918022,-0.0003195805873143027,0.0059160603038277484
6449.334861992,IMU,0.9840641601704795,-0.14321398466680835,-0.025395686372556712,-0.10228656987840978,0.006385054623918022,-0.0003195805873143027,0.0059160603038277484
6449.339097228,TRIAD,0.9872685063576391,-0.13006880094312878,-0.035510604396449874,-0.08439194482278453,0.006204241193469424,-0.0002834076522937776,0.005316033137393191
6449.342861992,IMU,0.9872635185732341,-0.13008818028422892,-0.035509888352564786,-0.08442072064323995,0.006204241193469424,-0.0002834076522937776,0.005316033137393191
6449.350368546,IMU,0.9872568173935989,-0.13013476202863786,-0.03550981866958132,-0.08442732377415266,0.006204241193469424,-0.0002834076522937776,0.005316033137393191
6449.354814931,TRIAD,0.9938840708099134,-0.06785109344255008,-0.08692601463539293,-0.005878000389002019,0.005270390939797583,-7.276628044490421e-05,0.0023512413650118667
6449.358368546,IMU,0.9938830630954856,-0.06786383228887012,-0.08692933912038203,-0.005852107235603756,0.005270390939797583,-7.276628044490421e-05,0.0023512413650118667
6449.364069839,IMU,0.9938827873703366,-0.06786803412472779,-0.08693266994841964,-0.0058005007244446155,0.005270390939797583,-7.276628044490421e-05,0.0023512413650118667
6449.368570557,TRIAD,0.9837659925409501,-0.1457982363556227,-0.0351760511634334,-0.09853928972778848,0.006245695762422498,-0.0002447554725933281,0.005221727112648931
6449.372069839,IMU,0.9837666782865392,-0.1458033571303663,-0.035177107059892104,-0.09852448874001142,0.006245695762422498,-0.0002447554725933281,0.005221727112648931
6449.3797145220005,IMU,0.98375824193688,-0.14585148343518622,-0.03518527029236183,-0.09853457746125532,0.006245695762422498,-0.0002447554725933281,0.005221727112648931
6449.383749648,TRIAD,0.9936782163394908,-0.07046379310967633,-0.08717999268761394,-0.0061729334964986515,0.0051222155689228804,-4.055279877364834e-05,0.0017816527084470036
6449.387714522,IMU,0.9936760361370314,-0.07048704365614196,-0.08718408823090579,-0.006200535699430731,0.0051222155689228804,-4.055279877364834e-05,0.0017816527084470036
6449.39835659,TRIAD,0.982054141149925,-0.15356619674500782,-0.04753715780185584,-0.09862710426489454,0.006030471406117265,-0.00014959462568491668,0.004227487800327957
6449.401190037,IMU,0.9820481236917613,-0.15357538468658644,-0.0475391725607518,-0.09867173376452489,0.006030471406117265,-0.00014959462568491668,0.004227487800327957
6449.408308295,IMU,0.9820272743707482,-0.1535990825818427,-0.04754711124590292,-0.09883838542866517,0.006030471406117265,-0.00014959462568491668,0.004227487800327957
6449.412718587,TRIAD,0.9778131814193887,-0.172186728736102,-0.04147048261507021,-0.11186291504036042,0.006293431627175706,-0.0001723451738594823,0.004678302022561756
6449.416308295,IMU,0.9777995113704944,-0.1722165868695955,-0.04147390487629684,-0.1119351508013525,0.006293431627175706,-0.0001723451738594823,0.004678302022561756
6449.423668867,IMU,0.9777919595914397,-0.17226829518649445,-0.041453709064827766,-0.11192903214376429,0.006293431627175706,-0.0001723451738594823,0.004678302022561756
6449.428030252,TRIAD,0.9546961631110084,-0.22961205833843318,-0.18375054839880345,-0.04548928192273195,0.007590057920902196,0.0003780032142480103,0.0018749139684857519
6449.431668867,IMU,0.9547047795433304,-0.22962134673460072,-0.18372226543592415,-0.045375656733550936,0.007590057920902196,0.0003780032142480103,0.0018749139684857519
6449.438049327,IMU,0.9547359929108895,-0.2296148027830968,-0.18364942384979185,-0.045045702380770665,0.007590057920902196,0.0003780032142480103,0.0018749139684857519
6449.442223953,TRIAD,0.9636043404622281,-0.2153216982055961,-0.04117992243040459,-0.15299495191946202,0.006956361006051662,-8.79847949214134e-05,0.0059054842135117126
6449.446049327,IMU,0.963642121487293,-0.21528889292911343,-0.04114913954943217,-0.15281133004842087,0.006956361006051662,-8.79847949214134e-05,0.0059054842135117126
6449.45348877,IMU,0.9636947828154223,-0.21527222929028653,-0.041095422421396424,-0.1525168814483611,0.006956361006051662,-8.79847949214134e-05,0.0059054842135117126
6449.457674581,TRIAD,0.8999379574744119,-0.3746027456702376,-0.20446202793406743,-0.08932936116525003,0.01027196201471658,0.00048046468134735945,0.003169676789017174
6449.46148877,IMU,0.8999403380384637,-0.37465177947063016,-0.20441579245251057,-0.0892054701614099,0.01027196201471658,0.00048046468134735945,0.003169676789017174
6449.468322212,IMU,0.8999488226272756,-0.37471161831474203,-0.20434249117001715,-0.08903631873656388,0.01027196201471658,0.00048046468134735945,0.003169676789017174
6449.471973893,TRIAD,0.922193580763092,-0.3204128566135545,-0.061033116282420016,-0.20777285586174335,0.008757111206369598,0.00010905941994568733,0.007931569250429092
6449.476322212,IMU,0.9222193403643225,-0.320392457900451,-0.06100712201814038,-0.20769759806402532,0.008757111206369598,0.00010905941994568733,0.007931569250429092
6449.4841291,IMU,0.9222642816819613,-0.3203046507271826,-0.06099497477041062,-0.20763703549451565,0.008757111206369598,0.00010905941994568733,0.007931569250429092
6449.488264559,TRIAD,0.9022952751942094,-0.35537909227916986,-0.05176342886597322,-0.23851516632087927,0.009392623052041055,8.578111367053571e-05,0.009313254000863592
6449.4921291,IMU,0.9023277993467745,-0.3553238254281621,-0.051770738457116786,-0.238472875289222,0.009392623052041055,8.578111367053571e-05,0.009313254000863592
6449.498976728,IMU,0.9023950855099341,-0.3553157281733085,-0.051759609795869334,-0.23823262949052512,0.009392623052041055,8.578111367053571e-05,0.009313254000863592
6449.503380779,TRIAD,0.7593227110709891,-0.6047640840007317,-0.18306442201014858,-0.1554890367474489,0.014497021472611409,0.00025269971683774216,0.006872167318253759
6449.506976728,IMU,0.7592922722183989,-0.6048523377142999,-0.1829904149972433,-0.1553814755049783,0.014497021472611409,0.00025269971683774216,0.006872167318253759
6449.518640926,TRIAD,0.8631918123220363,-0.4205626211178057,-0.056130432157998136,-0.27363543528657913,0.011784906708907483,0.000205537513171693,0.009431964385733337
6449.521278836,IMU,0.86318286682972,-0.4206179761070469,-0.056118770912717025,-0.2735809571927177,0.011784906708907483,0.000205537513171693,0.009431964385733337
6449.5282075370005,IMU,0.8631859604637763,-0.420659792010517,-0.0561645858263324,-0.2734974887322609,0.011784906708907483,0.000205537513171693,0.009431964385733337
6449.532393756,TRIAD,0.8789451987220801,-0.40503882741940866,-0.07243622117621389,-0.2411470086644748,0.011587179288076638,0.00022045093403029293,0.008280626606380551
6449.536207537,IMU,0.8789331905734044,-0.4050397484039987,-0.07249011655081403,-0.24117303274564225,0.011587179288076638,0.00022045093403029293,0.008280626606380551
6449.543388832,IMU,0.8788626279991643,-0.4050622799132176,-0.07266068784632253,-0.2413409516422944,0.011587179288076638,0.00022045093403029293,0.008280626606380551
6449.547470142,TRIAD,0.8637030993334185,-0.4196974463395413,-0.05672336879134596,-0.2732278704138282,0.011798235686353395,0.0002046301609908575,0.009578693325764057
6449.551388832,IMU,0.8636408929363247,-0.4197154973042828,-0.0568417505651914,-0.2733721360406926,0.011798235686353395,0.0002046301609908575,0.009578693325764057
6449.560099684,IMU,0.8634902933391544,-0.41972349891826227,-0.05713070482154742,-0.273775054253425,0.011798235686353395,0.0002046301609908575,0.009578693325764057
6449.564566421,TRIAD,0.7553051201433412,0.05677143005856808,0.6057094929742829,-0.24373590284403224,0.0001386225116838339,-0.0024125945839279846,0.02052777777881662
6449.568099684,IMU,0.7552906081010697,0.056699399279639094,0.6056849748935529,-0.24385853814012903,0.0001386225116838339,-0.0024125945839279846,0.02052777777881662
6449.574897848001,IMU,0.755356267916623,0.056750861141917554,0.6056236435970647,-0.24379550979240233,0.0001386225116838339,-0.0024125945839279846,0.02052777777881662
6449.578927844,TRIAD,0.874636185285848,-0.3900671474994005,0.047266872142828924,-0.283945428961507,0.008753448783235336,-0.0006131617009899532,0.012411747838870316
6449.582897848,IMU,0.8746624588715972,-0.39012385445209985,0.04730506052611325,-0.28378018337570576,0.008753448783235336,-0.0006131617009899532,0.012411747838870316
6449.590605828,IMU,0.8746930833780607,-0.3902236103939566,0.047360204883820006,-0.2835393354987084,0.008753448783235336,-0.0006131617009899532,0.012411747838870316
6449.595087139,TRIAD,0.7121632040079912,-0.5615056141082309,-0.020343049258679642,-0.42085766777958317,0.012980641930794873,-0.0003396921498633431,0.01710040821544297
6449.598605828,IMU,0.7121921394413154,-0.5615296588777331,-0.02030951601636432,-0.4207782340828,0.012980641930794873,-0.0003396921498633431,0.01710040821544297
6449.605708234,IMU,0.7122281127323502,-0.5615631194364746,-0.02027596146582247,-0.42067429646833326,0.012980641930794873,-0.0003396921498633431,0.01710040821544297
6449.609671507,TRIAD,0.8444780148305884,-0.4473134191452179,-0.05504559390697195,-0.28937444619701996,0.010757473034641269,-0.0003555072399436743,0.011591222233742766
6449.613708234,IMU,0.84448848873879,-0.44732780275334016,-0.05503713842816356,-0.2893232494376878,0.010757473034641269,-0.0003555072399436743,0.011591222233742766
6449.621605807,IMU,0.8444984374406801,-0.44731230464102495,-0.05507007037195127,-0.28931190543462415,0.010757473034641269,-0.0003555072399436743,0.011591222233742766
6449.626102933,TRIAD,0.8553636223058847,-0.4327802449673445,-0.053746343733618904,-0.2795812292286962,0.010454551423105224,-0.0003646103666993042,0.011175908719971588
6449.629605807,IMU,0.8553547135214237,-0.4327725859351308,-0.05377158694284706,-0.2796154848311353,0.010454551423105224,-0.0003646103666993042,0.011175908719971588
6449.636198082,IMU,0.8552850298829234,-0.4328010507274744,-0.05383325992137825,-0.27977267249250476,0.010454551423105224,-0.0003646103666993042,0.011175908719971588
6449.640344263,TRIAD,0.6958477135984131,-0.6789875890556376,-0.1621454389966896,-0.16876216993403548,0.015335427880327851,-0.00043135916705443515,0.008578761694281178
6449.644198082,IMU,0.6957793267601653,-0.6790041712037422,-0.16223481568132556,-0.16889146965414414,0.015335427880327851,-0.00043135916705443515,0.008578761694281178
6449.65173397,IMU,0.6956274701824395,-0.6790305943626728,-0.16245275667476167,-0.16920099437008468,0.015335427880327851,-0.00043135916705443515,0.008578761694281178
6449.656211077,TRIAD,0.5391788474283262,-0.7060251123988234,-0.020480076093006224,-0.4586886499918166,0.016275086290321383,0.00013312912644596,0.02008077803697269
6449.65973397,IMU,0.5390377462248076,-0.7060374635069394,-0.02061074433728585,-0.4588296039788957,0.016275086290321383,0.00013312912644596,0.02008077803697269
6449.670047833,TRIAD,0.8411988421140066,-0.44636530054174006,-0.04646772153987844,-0.3016343437893455,0.012511513743149431,0.00018281130023736173,0.014679060757468313
6449.672451261,IMU,0.8411753359106329,-0.4463736337563843,-0.046476136687857786,-0.3016862642901181,0.012511513743149431,0.00018281130023736173,0.014679060757468313
6449.679087018,IMU,0.8412213545577552,-0.44640461290825056,-0.04634679540910387,-0.3015319697238711,0.012511513743149431,0.00018281130023736173,0.014679060757468313
6449.683195662,TRIAD,0.7120246250165514,-0.6629585155327069,-0.1645202366857476,-0.1626039106958215,0.016375932286309257,0.00010058274802127012,0.011347225370706666
6449.687087018,IMU,0.7120254205803466,-0.6630190172512938,-0.1643829898103819,-0.16249251020126795,0.016375932286309257,0.00010058274802127012,0.011347225370706666
6449.694838813,IMU,0.71204416445238,-0.6630677163133604,-0.16422138161446576,-0.16237502662950737,0.016375932286309257,0.00010058274802127012,0.011347225370706666
6449.699334661,TRIAD,0.8204469090794975,-0.3913975983710057,0.048802202811813786,-0.4138757475040332,0.010252894601610872,0.0003032912879868638,0.020683579933472883
6449.702838813,IMU,0.8204678391718683,-0.39138182264576193,0.048827549368237286,-0.41384618423977165,0.010252894601610872,0.0003032912879868638,0.020683579933472883
6449.709400496,IMU,0.820438054902042,-0.3914036854035635,0.04884229990276917,-0.41388281295708584,0.010252894601610872,0.0003032912879868638,0.020683579933472883
6449.713546621,TRIAD,0.8513930243943549,-0.43459418692081847,-0.04505355051120435,-0.2902205855786255,0.011105111998107979,0.00035456679481891945,0.016030151630472618
6449.717400496,IMU,0.8513549864160638,-0.43461860950765374,-0.04506527309431604,-0.29029376937005064,0.011105111998107979,0.00035456679481891945,0.016030151630472618
6449.72586107,IMU,0.851246579996408,-0.434628725666814,-0.04517920608234351,-0.2905786816121058,0.011105111998107979,0.00035456679481891945,0.016030151630472618
6449.730358158,TRIAD,0.5504996489274886,-0.6956783317908984,-0.01765517596403079,-0.46116167443644257,0.01750320690213059,0.0002947883917231372,0.025823701608730952
6449.73386107,IMU,0.5503988736824449,-0.6956758398382666,-0.01778449520909199,-0.46128073604322173,0.01750320690213059,0.0002947883917231372,0.025823701608730952
6449.7407423820005,IMU,0.5501563157981648,-0.6956996731071334,-0.018028153484866465,-0.46152462416207424,0.01750320690213059,0.0002947883917231372,0.025823701608730952
6449.744752674,TRIAD,0.8408462974950278,-0.4495773642505303,-0.0492770506772646,-0.2973709296804237,0.01235951915063235,0.00034499438297705073,0.017770807832980504
6449.748742382,IMU,0.840791332618098,-0.4496432148820108,-0.04928163768966472,-0.2974260151558324,0.01235951915063235,0.00034499438297705073,0.017770807832980504
6449.756218344,IMU,0.8407730610322265,-0.4497795689015176,-0.04916106456598846,-0.2972914209525788,0.01235951915063235,0.00034499438297705073,0.017770807832980504
6449.760687247,TRIAD,0.8467827932247657,-0.4272398417475401,-0.026861670015517373,-0.31575856188863377,0.011859317808514782,0.00032602919523236535,0.018551370109268526
6449.764218344,IMU,0.8468112126393194,-0.42725502430753604,-0.02681163533696976,-0.3156660427775683,0.011859317808514782,0.00032602919523236535,0.018551370109268526
6449.774469355,TRIAD,0.8493105541944824,-0.4316954184831061,-0.033974414181289235,-0.30192116086090337,0.011916832005922091,0.00032215273020074224,0.01822518924520233
6449.776871876,IMU,0.849339305428172,-0.4316693552799238,-0.03396436991258296,-0.30187867354857423,0.011916832005922091,0.00032215273020074224,0.01822518924520233
6449.78365817,IMU,0.8493837464369128,-0.43162172854112196,-0.0339506743951236,-0.3018232702229646,0.011916832005922091,0.00032215273020074224,0.01822518924520233
6449.787617314,TRIAD,0.8469837871131204,-0.4269730006334299,-0.026406966665760288,-0.3156187466059568,0.011839322718923722,0.0003260269059577612,0.01865397794846458
6449.79165817,IMU,0.8469612012656922,-0.4270065694510261,-0.026417513742770453,-0.31563305936465524,0.011839322718923722,0.0003260269059577612,0.01865397794846458
6449.799117706,IMU,0.8468624745837569,-0.42710623384806495,-0.02645367862468135,-0.3157600624480873,0.011839322718923722,0.0003260269059577612,0.01865397794846458
6449.80386785,TRIAD,0.8533625795400714,-0.41255243104727785,-0.01560570406165055,-0.3183225745661729,0.011520493614952047,0.0003088414754895723,0.018804728668242728
6449.807117706,IMU,0.8533163821448982,-0.41257533694150966,-0.015646424453095754,-0.3184147181155036,0.011520493614952047,0.0003088414754895723,0.018804728668242728
6449.812870517,IMU,0.8532319170002599,-0.4125817945763567,-0.015749818521107687,-0.3186275283348365,0.011520493614952047,0.0003088414754895723,0.018804728668242728
6449.817108365,TRIAD,0.8453069971812489,-0.41896822935574846,-0.010120981160642577,-0.3313899048662695,0.011611528970742548,0.00030343354154075693,0.019232820843178226
6449.820870517,IMU,0.845244803435851,-0.4189875384753087,-0.010175941895712292,-0.3315224201673643,0.011611528970742548,0.00030343354154075693,0.019232820843178226
6449.828397145,IMU,0.8451692208696651,-0.419082594381573,-0.010191204623599683,-0.33159449110214917,0.011611528970742548,0.00030343354154075693,0.019232820843178226
6449.832669641,TRIAD,0.8508766677464427,-0.4170933104341287,-0.01901196355292822,-0.31887397497706127,0.011594392376961193,0.0003159824589413249,0.018678503547725628
6449.836397145,IMU,0.8508793810929006,-0.41713068298184103,-0.01897592824462687,-0.31881999042299725,0.011594392376961193,0.0003159824589413249,0.018678503547725628
6449.843406125,IMU,0.8509282296137507,-0.4171313012115928,-0.01892704857637149,-0.31869168867122855,0.011594392376961193,0.0003159824589413249,0.018678503547725628
6449.847280305,TRIAD,0.8471655281154366,-0.4272156630469523,-0.024889445505808697,-0.3149251668613671,0.01178927703536865,0.00031757040936624195,0.01853988979516668
6449.851406125,IMU,0.8471932201081529,-0.42719821704459676,-0.024873371566425953,-0.3148756048721702,0.01178927703536865,0.00031757040936624195,0.01853988979516668
6449.859173975,IMU,0.8471875300330891,-0.42722140956813814,-0.024866481382088183,-0.3148599915307142,0.01178927703536865,0.00031757040936624195,0.01853988979516668
6449.863615657,TRIAD,0.6767150799293016,-0.137856998899411,0.24330703281638671,-0.6810681582872691,0.0067994497479950304,0.00044398508455872703,0.03631162412269818
6449.867173975,IMU,0.676668331715928,-0.1379036909761017,0.24331787993375645,-0.6811012774709008,0.0067994497479950304,0.00044398508455872703,0.03631162412269818
6449.877350764,TRIAD,0.8575152316586134,-0.3935487535969555,0.0007004877143817895,-0.3313404824839844,0.009409938866617612,0.00039820738683399797,0.02610059664863485
6449.879787082,IMU,0.8574851335124255,-0.39356816912193376,0.0006813458648360668,-0.3313953497365335,0.009409938866617612,0.00039820738683399797,0.02610059664863485
6449.886367987,IMU,0.8574073228842982,-0.3935730180727722,0.0005863865410246589,-0.3315910406815823,0.009409938866617612,0.00039820738683399797,0.02610059664863485
6449.890526797,TRIAD,0.6784682219567659,-0.15305269393612517,0.23108311466341058,-0.6803354604834122,0.006427420323806018,0.00047224460994151063,0.038816334867067114
6449.894367987,IMU,0.6783479686825448,-0.15308343160343466,0.2310542741404326,-0.6804582417417102,0.006427420323806018,0.00047224460994151063,0.038816334867067114
6449.902125504,IMU,0.6781447732165897,-0.15318360340579135,0.23105062910911,-0.6806394471340328,0.006427420323806018,0.00047224460994151063,0.038816334867067114
6449.906583722,TRIAD,0.85221432321371,-0.40684786454936583,-0.011644775950332809,-0.3287399604764924,0.010581393500416899,0.00036488879629933073,0.022291673027116626
6449.910125504,IMU,0.8521831657228142,-0.4068975414564969,-0.011637657262664643,-0.32875949833995377,0.010581393500416899,0.00036488879629933073,0.022291673027116626
6449.916593020001,IMU,0.8521720491514045,-0.4069523284199301,-0.011598087234451524,-0.3287218967625909,0.010581393500416899,0.00036488879629933073,0.022291673027116626
6449.920746312,TRIAD,0.8440920519340173,-0.43377906797695703,-0.026700040432586118,-0.314056421503782,0.011051102815332883,0.00035735422670844785,0.021821028476188418
6449.92459302,IMU,0.8441011280902182,-0.4337775262481569,-0.02669085993589256,-0.31403493639200936,0.011051102815332883,0.00035735422670844785,0.021821028476188418
6449.932064018,IMU,0.8441144480955002,-0.43375388389129543,-0.02668700909413603,-0.31403211662384994,0.011051102815332883,0.00035735422670844785,0.021821028476188418
6449.936544848,TRIAD,0.5385362480462997,-0.6891725091941773,-0.006773957385141208,-0.4847412460401531,0.016934126571416783,0.0002866361207810791,0.03077313043371778
6449.940064018,IMU,0.5384973652053049,-0.6891864637181926,-0.0067929651273423335,-0.48476433606375774,0.016934126571416783,0.0002866361207810791,0.03077313043371778
6449.950409308,TRIAD,0.8457371434278962,-0.43687079849039445,-0.03543031779048938,-0.30433087624171845,0.01323953384932285,0.00032192282475349465,0.024937046889180966
6449.952815458,IMU,0.8457117657594063,-0.4368920468477906,-0.035442857953333275,-0.3043694342034935,0.01323953384932285,0.00032192282475349465,0.024937046889180966
6449.95946766,IMU,0.8456363811580513,-0.43693040900395075,-0.035501583436038806,-0.3045169389756329,0.01323953384932285,0.00032192282475349465,0.024937046889180966
6449.963627396,TRIAD,0.8531559479004965,-0.4216154438868946,-0.028862839833844234,-0.3058304800290316,0.012992512677355334,0.000319538152639541,0.024969031461236385
6449.96746766,IMU,0.8531151822510844,-0.4216295414670565,-0.028903211679042824,-0.30592093738352577,0.012992512677355334,0.000319538152639541,0.024969031461236385
6449.97459375,IMU,0.8530448429197501,-0.421672632245627,-0.028944886600828054,-0.30605372195535935,0.012992512677355334,0.000319538152639541,0.024969031461236385
6449.978685246,TRIAD,0.5401331773862269,-0.6859610755717666,-0.009259651716061176,-0.4874708322937704,0.01884654490316671,0.00026340303106618104,0.03403254296824452
6449.98259375,IMU,0.5400660014737901,-0.6859927121010091,-0.009272249019400877,-0.4875005009172159,0.01884654490316671,0.00026340303106618104,0.03403254296824452
6449.989689934,IMU,0.5399877225189397,-0.6860388092993064,-0.00926217627225737,-0.4875225366633838,0.01884654490316671,0.00026340303106618104,0.03403254296824452
6449.993796522,TRIAD,0.8444682839778015,-0.44149249504542665,-0.03990775509186861,-0.3006078263413623,0.013338378762889885,0.0002855467353891492,0.024747689799524696
6449.997689934,IMU,0.8444624653935646,-0.44150344372173495,-0.03990678482888513,-0.30060822052614045,0.013338378762889885,0.0002855467353891492,0.024747689799524696
6450.006035026,IMU,0.8444508636712426,-0.44150507434596137,-0.03991972478221077,-0.30063669726926595,0.013338378762889885,0.0002855467353891492,0.024747689799524696
6450.010684948,TRIAD,0.8531337687287979,-0.4219634083796775,-0.02818640623650726,-0.3054753363966951,0.012899056597190272,0.0002743193088526195,0.02496314326089179
6450.014035026,IMU,0.8531157256945966,-0.42197695283211384,-0.02819760125658711,-0.30550598215825564,0.012899056597190272,0.0002743193088526195,0.02496314326089179
6450.021570006,IMU,0.8530421250273058,-0.4220390298805085,-0.028237788025356727,-0.305622017390522,0.012899056597190272,0.0002743193088526195,0.02496314326089179
6450.025673816,TRIAD,0.5500916575410653,-0.694121731617903,-0.014159626381163928,-0.4641052628232446,0.018815088367462533,0.000182756738360157,0.03309542412055705
6450.029570006,IMU,0.5500111498786695,-0.6941449244976593,-0.014212106998324156,-0.4641643834009142,0.018815088367462533,0.000182756738360157,0.03309542412055705
6450.036692652,IMU,0.5498741517251927,-0.6941796509177551,-0.014315395894723533,-0.4642715788809186,0.018815088367462533,0.000182756738360157,0.03309542412055705
6450.040878203,TRIAD,0.8451014791212539,-0.4417916669581815,-0.03875254222569873,-0.2985328348179233,0.013213470629189619,0.00023567752981657432,0.024631931230421754
6450.044692652,IMU,0.8450735635364397,-0.4418078243240785,-0.03877336473073137,-0.298585238692915,0.013213470629189619,0.00023567752981657432,0.024631931230421754
6450.051939743,IMU,0.8450351056506823,-0.44185202936462126,-0.03877855121151423,-0.2986279932126964,0.013213470629189619,0.00023567752981657432,0.024631931230421754
6450.056090368,TRIAD,0.85546974729824,-0.4266295872534838,-0.03696700954922823,-0.29119091150376686,0.012920441405898294,0.00023261309799952248,0.024327508751246195
6450.059939743,IMU,0.8554556067100997,-0.42665198460507847,-0.03696345872513291,-0.2912000887703823,0.012920441405898294,0.00023261309799952248,0.024327508751246195
6450.068698557,IMU,0.8554260871683578,-0.426688940873741,-0.036967857463651464,-0.2912320975483741,0.012920441405898294,0.00023261309799952248,0.024327508751246195
6450.073169979,TRIAD,0.5494624962848649,-0.6781364575114219,-0.0074597997540240685,-0.48802280844023505,0.019330581767543844,0.0002155006697934517,0.03522929131336966
6450.076698557,IMU,0.549418150124803,-0.6781515277848718,-0.007478758465752955,-0.4880515032742904,0.019330581767543844,0.0002155006697934517,0.03522929131336966
6450.083586203,IMU,0.549307138291432,-0.6781871990571826,-0.007540139886015955,-0.48812594394023995,0.019330581767543844,0.0002155006697934517,0.03522929131336966
6450.08764181,TRIAD,0.8451291587795902,-0.44029850886871097,-0.04035826376272952,-0.30044157271348054,0.014274334772398686,0.00023617566019296446,0.026498483071639822
6450.091586203,IMU,0.845090662802847,-0.44032086976604357,-0.040385120046528805,-0.3005134695329766,0.014274334772398686,0.00023617566019296446,0.026498483071639822
6450.099192684001,IMU,0.8450168487504571,-0.4403573291959491,-0.04044552107145157,-0.3006594548264136,0.014274334772398686,0.00023617566019296446,0.026498483071639822
6450.103619106,TRIAD,0.8531755634194522,-0.42232538284557153,-0.027122180670972478,-0.3049542855968629,0.013877907441234115,0.0002159731152145099,0.026716749526544674
6450.107192684,IMU,0.8531433763126604,-0.42234688391326053,-0.02714327701393136,-0.3050126745162213,0.013877907441234115,0.0002159731152145099,0.026716749526544674
6450.114665738,IMU,0.8530897478464159,-0.4224008890219684,-0.027160056268038905,-0.30508638517034237,0.013877907441234115,0.0002159731152145099,0.026716749526544674
6450.118814326,TRIAD,0.8556593836220707,-0.42629377412291847,-0.03672983337201212,-0.2911555541355862,0.013969300637472676,0.00022062386417832786,0.026167905651466983
6450.122665738,IMU,0.8556391183258926,-0.42631965122232623,-0.036732090170369824,-0.29117693542566037,0.013969300637472676,0.00022062386417832786,0.026167905651466983
6450.134795899,TRIAD,0.8533077144193897,-0.4225725645431804,-0.025854797288857406,-0.3043516086123233,0.013900770081144726,0.0002124099475912982,0.026547193512686282
6450.137237605,IMU,0.8532967486620213,-0.4225847990188613,-0.025856866295217343,-0.3043651899058155,0.013900770081144726,0.0002124099475912982,0.026547193512686282
6450.142935991,IMU,0.8532686035826881,-0.4226087341733312,-0.025868365677121606,-0.30440988091331567,0.013900770081144726,0.0002124099475912982,0.026547193512686282
6450.14743508,TRIAD,0.8461665384691985,-0.4386021535697311,-0.037144654686517425,-0.30041740077310436,0.014146036213128904,0.00022325986505321207,0.026410903086804494
6450.150935991,IMU,0.8461437829726187,-0.43861842682445856,-0.03715800705812838,-0.3004560811471304,0.014146036213128904,0.00022325986505321207,0.026410903086804494
6450.1582506370005,IMU,0.8460814313197297,-0.43866127754946654,-0.03719850598840266,-0.3005640802006422,0.014146036213128904,0.00022325986505321207,0.026410903086804494
6450.162545652,TRIAD,0.5487610323729957,-0.6957118415963434,-0.013893849205757288,-0.46330694336022654,0.01969959133979001,0.00015736180174193119,0.034645907800321264
6450.166250637,IMU,0.548694656579282,-0.695730840049251,-0.013937853421984064,-0.4633557038471574,0.01969959133979001,0.00015736180174193119,0.034645907800321264
6450.172491764,IMU,0.5485858263914295,-0.6957624900327997,-0.014007894152047144,-0.46343492255894553,0.01969959133979001,0.00015736180174193119,0.034645907800321264
6450.176725649,TRIAD,0.8402096162075038,-0.44359573973945204,-0.03195991231444559,-0.31024052688567383,0.014632324192256744,0.00022506294167239522,0.027441137004419188
6450.180491764,IMU,0.8401775684539288,-0.44362099656897785,-0.031974520308774665,-0.3102896951576296,0.014632324192256744,0.00022506294167239522,0.027441137004419188
6450.188107633,IMU,0.8401209075764097,-0.4436765581633475,-0.031991944420430775,-0.31036186602338145,0.014632324192256744,0.00022506294167239522,0.027441137004419188
6450.192254055,TRIAD,0.5341486884004796,-0.7044751637797891,-0.012176182902527744,-0.46717412478369447,0.020648947240734544,0.00013750960250720048,0.0360071352905102
6450.196107633,IMU,0.5340985111757534,-0.7044959807903415,-0.012191359114125293,-0.4671997048083924,0.020648947240734544,0.00013750960250720048,0.0360071352905102
6450.206644237,TRIAD,0.8362998529578152,-0.4494953426582515,-0.03545230463924193,-0.3119288812646952,0.016588649376700463,0.0001999971215370351,0.030215359239036798
6450.209477259,IMU,0.8362817452481678,-0.4495106822824059,-0.035460031906003844,-0.311954444135534,0.016588649376700463,0.0001999971215370351,0.030215359239036798
6450.216236164,IMU,0.8362337630841203,-0.44954579175563264,-0.03548585993405157,-0.31202953119490756,0.016588649376700463,0.0001999971215370351,0.030215359239036798
6450.220667753,TRIAD,0.8530701586764151,-0.422182922726779,-0.028005985531063225,-0.30536625371527987,0.01612392386957315,0.00019487175821964505,0.029973497108170554
6450.224236164,IMU,0.8530408720315917,-0.4222053503213972,-0.028024387931980345,-0.30541536713892725,0.01612392386957315,0.00019487175821964505,0.029973497108170554
6450.231715496,IMU,0.852970231486498,-0.4222581680431501,-0.028069090443470803,-0.3055355132883724,0.01612392386957315,0.00019487175821964505,0.029973497108170554
6450.236111807,TRIAD,0.695736341585878,-0.6836838654505941,-0.16867537699880858,-0.1416895631778934,0.021800752572652092,8.094717100770331e-05,0.025113541137366663
6450.239715496,IMU,0.6956985596903035,-0.6837021391609872,-0.16871371065058466,-0.14174125295776857,0.021800752572652092,8.094717100770331e-05,0.025113541137366663
6450.246334586001,IMU,0.6956328766894205,-0.6837364335766559,-0.16877515791001046,-0.14182502015204435,0.021800752572652092,8.094717100770331e-05,0.025113541137366663
6450.2505306,TRIAD,0.533640089238178,-0.7033936511982186,-0.011542021742141167,-0.4693957907203815,0.022536592165087996,0.0006822209747914984,0.036464246236860134
6450.254334586,IMU,0.5335762462109838,-0.703418237681205,-0.011568911603861896,-0.46943086036302045,0.022536592165087996,0.0006822209747914984,0.036464246236860134
6450.262146751,IMU,0.5334610200548575,-0.7034672301847749,-0.011602680717404662,-0.4694875652648982,0.022536592165087996,0.0006822209747914984,0.036464246236860134
6450.266366766,TRIAD,0.8438494699138561,-0.44293799692262525,-0.04017253921201183,-0.30018356067835555,0.01642116036532017,0.0007552216800553611,0.02716785593494464
6450.270146751,IMU,0.8438255115166423,-0.44296313686238753,-0.04017858968955993,-0.3002130017591991,0.01642116036532017,0.0007552216800553611,0.02716785593494464
6450.276638249,IMU,0.8437817992473277,-0.44300428849105455,-0.04019836314771683,-0.30027248831306785,0.01642116036532017,0.0007552216800553611,0.02716785593494464
6450.280814059,TRIAD,0.8554185864461301,-0.4263755730632875,-0.03780890442598642,-0.29160486862116103,0.01612060461754259,0.0007495877655734033,0.02684815034122928
6450.284638249,IMU,0.85539134416761,-0.4263974851213333,-0.03782407475010664,-0.29165077125670413,0.01612060461754259,0.0007495877655734033,0.02684815034122928
6450.292253321,IMU,0.8553316081001141,-0.42644441005568146,-0.03785770863355656,-0.2917529763586845,0.01612060461754259,0.0007495877655734033,0.02684815034122928
6450.296435076,TRIAD,0.537064933198315,-0.7040421580018583,-0.011356909713867618,-0.46449641321169205,0.022459086308379925,0.0006625759070954232,0.03613947615058704
6450.300253321,IMU,0.5369970783524283,-0.7040644048470731,-0.011399921546818351,-0.46454008810545,0.022459086308379925,0.0006625759070954232,0.03613947615058704
6450.306840041,IMU,0.536878517178979,-0.704102189666839,-0.011469174061490355,-0.46461814680919483,0.022459086308379925,0.0006625759070954232,0.03613947615058704
6450.310735351,TRIAD,0.8393316464228736,-0.4444681414046987,-0.03297217174204695,-0.3112608142377292,0.016993009388739086,0.0007543058966006539,0.02841450103932708
6450.314840041,IMU,0.8392948626165151,-0.44450017331431746,-0.03299075490530897,-0.31131228629760893,0.016993009388739086,0.0007543058966006539,0.02841450103932708
6450.322603114,IMU,0.8392301708462434,-0.4445618576266781,-0.03301712448648095,-0.31139580051045396,0.016993009388739086,0.0007543058966006539,0.02841450103932708
6450.326762128,TRIAD,0.7047080609214522,-0.40533066767406795,0.08783536773687567,-0.5756548852305078,0.0166427718294707,0.000915448438840764,0.03981237822601051
6450.330603114,IMU,0.7046571203952084,-0.4053608746682708,0.08782657288837237,-0.5756973137501952,0.0166427718294707,0.000915448438840764,0.03981237822601051
6450.34269496,TRIAD,0.8514937753909462,-0.4214317675114015,-0.025476379120932827,-0.31097358394174823,0.01656878794417951,0.0008358134395831581,0.03237596401379433
6450.345121055,IMU,0.8514755354330864,-0.4214472125277105,-0.025484393939184086,-0.3110019377385199,0.01656878794417951,0.0008358134395831581,0.03237596401379433
6450.350922237,IMU,0.8514282785822743,-0.42148551653102134,-0.025511618172750078,-0.31107716586598133,0.01656878794417951,0.0008358134395831581,0.03237596401379433
6450.355432659,TRIAD,0.8534034039543997,-0.42245993133539905,-0.02556172062174023,-0.30426441621390693,0.01657107275574294,0.0008250856134778438,0.03221850957673369
6450.358922237,IMU,0.8533732667781145,-0.42248385534135774,-0.025579350598180405,-0.30431423947513064,0.01657107275574294,0.0008250856134778438,0.03221850957673369
6450.366420439,IMU,0.8533040371928509,-0.4225365183663602,-0.025622904692610686,-0.30443156457951265,0.01657107275574294,0.0008250856134778438,0.03221850957673369
6450.370715991,TRIAD,0.5502190196825892,-0.6957585962391158,-0.012196265051588606,-0.461552009266233,0.022523934839347958,0.0007306210062960603,0.04031618755592335
6450.374420439,IMU,0.5501504181747204,-0.6957803726308445,-0.012236179731478804,-0.46159989855874367,0.022523934839347958,0.0007306210062960603,0.04031618755592335
6450.380694325,IMU,0.5500389262396099,-0.6958173345451345,-0.012301180034619276,-0.46167531614483903,0.022523934839347958,0.0007306210062960603,0.04031618755592335
6450.384901117,TRIAD,0.849212599287338,-0.4321801377026908,-0.032052787548653296,-0.30171328873168196,0.017258961099337843,0.0008053100536177136,0.0328452773691703
6450.388694325,IMU,0.8491794883841205,-0.43220898502886484,-0.03206851686109068,-0.30176348353359767,0.017258961099337843,0.0008053100536177136,0.0328452773691703
6450.396180379,IMU,0.8491171562933024,-0.4322655222454486,-0.032101528564051386,-0.3018543771922091,0.017258961099337843,0.0008053100536177136,0.0328452773691703
6450.400371153,TRIAD,0.5493295263916896,-0.6953007682051394,-0.013679353245424103,-0.46325671982434524,0.023189090064456352,0.0007308199928762936,0.04131827216236034
6450.404180379,IMU,0.5492674604340043,-0.6953238431845866,-0.013710243306936865,-0.46329476495624305,0.023189090064456352,0.0007308199928762936,0.04131827216236034
6450.411071247,IMU,0.5491493490958759,-0.6953658568585457,-0.013770434722383257,-0.46336993064992144,0.023189090064456352,0.0007308199928762936,0.04131827216236034
6450.41480039,TRIAD,0.8402129597512226,-0.44318326398927255,-0.032976001534024135,-0.3107142740665986,0.01776253756860801,0.0008090003305108385,0.033576739046157024
6450.419071247,IMU,0.8401728892249941,-0.44321365553734426,-0.032997516297485804,-0.310776987041749,0.01776253756860801,0.0008090003305108385,0.033576739046157024
6450.426513134,IMU,0.8401008530725896,-0.443262384627356,-0.03304070051821951,-0.3108976152215428,0.01776253756860801,0.0008090003305108385,0.033576739046157024
6450.43071963,TRIAD,0.8219734967437075,-0.3810806523160034,0.05501873858273693,-0.41965467409061025,0.016446110949832313,0.0007808765104895014,0.03827569935695005
6450.434513134,IMU,0.8219281924007045,-0.38111138444507525,0.05500040144151491,-0.41971789933780645,0.016446110949832313,0.0007808765104895014,0.03827569935695005
6450.445546035,TRIAD,0.8562457689536598,-0.4246394328390406,-0.03570458596269878,-0.2919755430996333,0.017069001118249896,0.0008117573300441571,0.03471954639276466
6450.448135297,IMU,0.8562226467473967,-0.42465690966742753,-0.03571839035816141,-0.2920162407449543,0.017069001118249896,0.0008117573300441571,0.03471954639276466
6450.454509220001,IMU,0.8561699707466636,-0.4246995264896464,-0.03575085163871596,-0.2921047243682204,0.017069001118249896,0.0008117573300441571,0.03471954639276466
6450.458991402,TRIAD,0.8533500342049812,-0.42227505947411825,-0.02630528148174678,-0.30460716576379726,0.017014536072597064,0.0008045454904390598,0.0351325731277793
6450.46250922,IMU,0.8533201995098538,-0.4223002882528116,-0.02632189515627588,-0.30465433114504986,0.017014536072597064,0.0008045454904390598,0.0351325731277793
6450.469991422,IMU,0.8532570783472183,-0.4223526576737196,-0.026359745983637786,-0.3047552371953483,0.017014536072597064,0.0008045454904390598,0.0351325731277793
6450.474235418,TRIAD,0.8600553878967354,-0.41574492684925185,-0.029838622388172836,-0.2942287242314768,0.016897296170693354,0.000806149886293822,0.03471616400324108
6450.477991422,IMU,0.8600223645403122,-0.4157721209257867,-0.029857834835665384,-0.29428487159602607,0.016897296170693354,0.000806149886293822,0.03471616400324108
6450.484640568,IMU,0.8599627143230654,-0.4158182701329006,-0.02989582492390017,-0.29439010827456075,0.016897296170693354,0.000806149886293822,0.03471616400324108
6450.488817582,TRIAD,0.5514034675546406,-0.6939952149989284,-0.013641865971120534,-0.46275129067365733,0.02264676328815962,0.0007324370516664606,0.042764314900944296
6450.492640568,IMU,0.5513327429827451,-0.6940189920862874,-0.013684870627612962,-0.46279862732571025,0.02264676328815962,0.0007324370516664606,0.042764314900944296
6450.501500734,IMU,0.5511697198635167,-0.6940717671863563,-0.013777954278893166,-0.4629108876190639,0.02264676328815962,0.0007324370516664606,0.042764314900944296
6450.5052921,TRIAD,0.69949152299981,-0.449027292284529,0.06803075744778604,-0.5517770528720012,0.017338781868723313,0.001404111975641934,0.04405945014430713
6450.509500734,IMU,0.6994223987700151,-0.4490621671179156,0.06800544096320973,-0.5518394133817907,0.017338781868723313,0.001404111975641934,0.04405945014430713
6450.518932476,IMU,0.6992730772652335,-0.44913952680422337,0.06795899849911999,-0.5519713972635591,0.017338781868723313,0.001404111975641934,0.04405945014430713
6450.522757638,TRIAD,0.36730442230458554,-0.7775328524011333,0.013021943875055078,-0.5102553809321045,0.025907737052133478,0.00033723730248855135,0.048580956874092196
6450.526932476,IMU,0.3672116448987208,-0.777556279677414,0.012975215004680447,-0.5102876478816407,0.025907737052133478,0.00033723730248855135,0.048580956874092196
6450.533862566001,IMU,0.36706750919912307,-0.7775902647556562,0.012895418908881245,-0.5103415836660234,0.025907737052133478,0.00033723730248855135,0.048580956874092196
6450.538085543,TRIAD,0.5289082951121459,-0.7090775197216127,-0.015009456465530563,-0.46608990828338964,0.0236123195319229,0.0003968438715176407,0.04459994284213864
6450.541862566,IMU,0.5288400002673787,-0.7090997879218947,-0.015048298448513625,-0.4661322704985437,0.0236123195319229,0.0003968438715176407,0.04459994284213864
6450.549053342,IMU,0.5287053838415346,-0.7091422813084057,-0.015128476733571079,-0.4662177293383506,0.0236123195319229,0.0003968438715176407,0.04459994284213864
6450.553158689,TRIAD,0.8327129050121067,-0.45045048093061124,-0.029125897629049685,-0.320679379042341,0.017817747298027105,0.0004907336546699434,0.03676673669047996
6450.557053342,IMU,0.8326719500448693,-0.4504794957519852,-0.029150159446362154,-0.3207427563013134,0.017817747298027105,0.0004907336546699434,0.03676673669047996
6450.564979859,IMU,0.8325874921605808,-0.4505376358762235,-0.029200730123332085,-0.3208757141278891,0.017817747298027105,0.0004907336546699434,0.03676673669047996
6450.569441726,TRIAD,0.8248878047068796,-0.3835353893187804,0.04754271796044703,-0.4125535174433614,0.016412536800654815,0.0004864411879122529,0.04070106792321048
6450.572979859,IMU,0.8248447852481247,-0.3835632516246547,0.04752491225382315,-0.41261567465059235,0.016412536800654815,0.0004864411879122529,0.04070106792321048
6450.579850227,IMU,0.8247628047417609,-0.38361723111360635,0.04749713560123722,-0.41273255022703487,0.016412536800654815,0.0004864411879122529,0.04070106792321048
6450.583952297,TRIAD,0.8507232106175938,-0.42731174931050986,-0.03011687460462282,-0.304577841744495,0.017239052274431437,0.0005111320971091848,0.03660357449599334
6450.587850227,IMU,0.8506870457525899,-0.4273395943482034,-0.030136217172210784,-0.3046378664998712,0.017239052274431437,0.0005111320971091848,0.03660357449599334
6450.596027319,IMU,0.8506157647866038,-0.427395401725815,-0.030176480738788952,-0.30475460831684237,0.017239052274431437,0.0005111320971091848,0.03660357449599334
6450.600378074,TRIAD,0.5951607590516638,-0.7069609839327504,-0.04153805011400289,-0.37982157452494925,0.02364792794784179,0.00033055653081460643,0.04195925397335718
6450.604027319,IMU,0.595103256052433,-0.7069844041459035,-0.041575613894078926,-0.3798639694148219,0.02364792794784179,0.00033055653081460643,0.04195925397335718
6450.610813242,IMU,0.5949967642356049,-0.707024906447716,-0.04164165158576316,-0.3799481610232748,0.02364792794784179,0.00033055653081460643,0.04195925397335718
6450.614930479,TRIAD,0.8447734520779384,-0.446175146458605,-0.04372961373468628,-0.2921870534941286,0.01842321451211785,0.0004535902918913155,0.036889264762609765
6450.618813242,IMU,0.8447374360573359,-0.44620140876891246,-0.04375023895340219,-0.29224798293133936,0.01842321451211785,0.0004535902918913155,0.036889264762609765
6450.6264448520005,IMU,0.844662539238952,-0.4462556350528666,-0.043796921012236784,-0.29237464442016303,0.01842321451211785,0.0004535902918913155,0.036889264762609765
6450.630831626,TRIAD,0.5485279458133487,-0.6971798562970777,-0.012903120234666027,-0.46140096458891794,0.024209160590675433,0.00039983470819078814,0.045867244582899064
6450.634444852,IMU,0.5484576085287586,-0.6972027549864163,-0.012945452656257338,-0.4614487895116758,0.024209160590675433,0.00039983470819078814,0.045867244582899064
6450.644674141,TRIAD,0.8374539734967262,-0.448501369781286,-0.03397888576989663,-0.31042357980780233,0.020517970843517364,0.00045488286953228877,0.04068509146407474
6450.647085681,IMU,0.8374267250359009,-0.4485200419954321,-0.03399557084321703,-0.3104682806457133,0.020517970843517364,0.00045488286953228877,0.04068509146407474
6450.6539314560005,IMU,0.8373499086367565,-0.44857497832803456,-0.03403959532921903,-0.31059125112250346,0.020517970843517364,0.00045488286953228877,0.04068509146407474
6450.657969841,TRIAD,0.8502360846267389,-0.42892712366153624,-0.030003848977891497,-0.3036772827073932,0.02019848538883595,0.00045179997756653517,0.04044685033934084
6450.661931456,IMU,0.8501938592390946,-0.4289606948719196,-0.030025026761299232,-0.30374598225345745,0.02019848538883595,0.00045179997756653517,0.04044685033934084
6450.669722918,IMU,0.8501129880325808,-0.4290272606077034,-0.030066146919971466,-0.30387422405191516,0.02019848538883595,0.00045179997756653517,0.04044685033934084
6450.674208784,TRIAD,0.5484457494034544,-0.7084829389648604,-0.023733246888651822,-0.44350413543632233,0.026696389829950942,0.00034649397367230426,0.04844237844365042
6450.677722918,IMU,0.5483755925087708,-0.7085075465120473,-0.023768398958245923,-0.44354969201555694,0.026696389829950942,0.00034649397367230426,0.04844237844365042
6450.68470186,IMU,0.5482340679739325,-0.7085599182804911,-0.023840641165741614,-0.44363709577525623,0.026696389829950942,0.00034649397367230426,0.04844237844365042
6450.688813782,TRIAD,0.8448556545000675,-0.44281898582952295,-0.038883462087059215,-0.29768833572093434,0.021113620805120935,0.0004163749633185607,0.04108586841112385
6450.69270186,IMU,0.8448139528390932,-0.44285219864655734,-0.038906461529121306,-0.29775426528192583,0.021113620805120935,0.0004163749633185607,0.04108586841112385
6450.700393821,IMU,0.844730352859533,-0.4429149782487326,-0.038956507580605856,-0.2978914962160815,0.021113620805120935,0.0004163749633185607,0.04108586841112385
6450.704842725,TRIAD,0.6653085524043986,-0.06517291166058901,0.2917006496297801,-0.684125538690677,0.014552393029713659,0.0004734854203432969,0.060089025683018195
6450.708393821,IMU,0.665231202943187,-0.06522196593643018,0.2917098836024232,-0.6841921408484668,0.014552393029713659,0.0004734854203432969,0.060089025683018195
6450.714805726,IMU,0.6650952021430945,-0.06531376116765257,0.2917280712559636,-0.6843078379864188,0.014552393029713659,0.0004734854203432969,0.060089025683018195
6450.718999815,TRIAD,0.840231706525562,-0.42953741703974335,-0.016556562771460434,-0.3305059257277582,0.019938790858845416,0.00040229913995837595,0.04483661975060427
6450.722805726,IMU,0.8401858411321919,-0.42956909635112733,-0.016581308442060787,-0.3305801022920413,0.019938790858845416,0.00040229913995837595,0.04483661975060427
